CASE_ID,ACCIDENT_YEAR,PROC_DATE,JURIS,COLLISION_DATE,COLLISION_TIME,OFFICER_ID,REPORTING_DISTRICT,DAY_OF_WEEK,CHP_SHIFT,POPULATION,CNTY_CITY_LOC,SPECIAL_COND,BEAT_TYPE,CHP_BEAT_TYPE,CITY_DIVISION_LAPD,CHP_BEAT_CLASS,BEAT_NUMBER,PRIMARY_RD,SECONDARY_RD,DISTANCE,DIRECTION,INTERSECTION,WEATHER_1,WEATHER_2,STATE_HWY_IND,CALTRANS_COUNTY,CALTRANS_DISTRICT,STATE_ROUTE,ROUTE_SUFFIX,POSTMILE_PREFIX,POSTMILE,LOCATION_TYPE,RAMP_INTERSECTION,SIDE_OF_HWY,TOW_AWAY,COLLISION_SEVERITY,NUMBER_KILLED,NUMBER_INJURED,PARTY_COUNT,PRIMARY_COLL_FACTOR,PCF_CODE_OF_VIOL,PCF_VIOL_CATEGORY,PCF_VIOLATION,PCF_VIOL_SUBSECTION,HIT_AND_RUN,TYPE_OF_COLLISION,MVIW,PED_ACTION,ROAD_SURFACE,ROAD_COND_1,ROAD_COND_2,LIGHTING,CONTROL_DEVICE,CHP_ROAD_TYPE,PEDESTRIAN_ACCIDENT,BICYCLE_ACCIDENT,MOTORCYCLE_ACCIDENT,TRUCK_ACCIDENT,NOT_PRIVATE_PROPERTY,ALCOHOL_INVOLVED,STWD_VEHTYPE_AT_FAULT,CHP_VEHTYPE_AT_FAULT,COUNT_SEVERE_INJ,COUNT_VISIBLE_INJ,COUNT_COMPLAINT_PAIN,COUNT_PED_KILLED,COUNT_PED_INJURED,COUNT_BICYCLIST_KILLED,COUNT_BICYCLIST_INJURED,COUNT_MC_KILLED,COUNT_MC_INJURED,PRIMARY_RAMP,SECONDARY_RAMP,LATITUDE,LONGITUDE,COUNTY,CITY,POINT_X,POINT_Y
6400025,2014,2015-11-14,9240,2014-02-23,2046,17566,,7,2,9,0400,0,1,3,,1,021,"RT 99","B ST",0.00,,Y,A,-,Y,BUT,3,99,-,-,7.680,H,-,N,Y,3,0,4,2,A,-,07,21658,A,N,C,C,A,A,H,-,C,A,0,,,,,Y,,J,48,0,1,3,0,0,0,0,0,0,"- ","- ",39.415059999999997,-121.68831,BUTTE,UNINCORPORATED,-121.68810756000001,39.414872449999997
6401410,2014,2016-01-23,9240,2014-02-09,2147,18106,,7,2,9,0400,0,1,3,,2,031,"RT 70","GARDEN DR",7392.00,N,N,B,-,Y,BUT,3,70,-,-,18.240,H,-,E,Y,3,0,3,2,A,-,01,23152,A,N,C,C,A,B,H,-,D,D,1,,,,,Y,Y,A,01,0,1,2,0,0,0,0,0,0,"- ","- ",39.550350000000002,-121.59634,BUTTE,UNINCORPORATED,-121.59928660999999,39.554374639999999
6401414,2014,2014-06-18,9240,2014-02-10,0720,13161,,1,1,9,0400,0,3,5,,2,030,"ALMOND AV","HILLCREST AV",140.00,W,N,B,-,N,,,,,,,,,,N,4,0,1,1,A,-,03,22350,,N,E,I,A,B,H,-,A,D,0,,,,,Y,,A,07,0,0,1,0,0,0,0,0,0,"- ","- ",39.519550000000002,-121.48428,BUTTE,UNINCORPORATED,-121.48012919,39.519575420000002
6401817,2014,2014-06-23,9241,2014-02-26,1653,016932,,3,2,9,0400,0,2,4,,2,070,SKYWAY,"SOUTH PARK DR",1083.00,S,N,C,-,N,,,,,,,,,,Y,2,0,2,2,A,-,01,23152,A,N,A,C,A,B,H,-,A,D,0,,,,,Y,Y,A,07,1,1,0,0,0,0,0,0,0,"- ","- ",39.812530000000002,-121.5894,BUTTE,UNINCORPORATED,-121.58951363,39.812551399999997
6402475,2014,2016-02-23,0403,2014-02-16,1442,P24,,7,5,2,0403,0,0,0,,0,002,"RT 99","CHERRY ST",0.00,,Y,A,-,Y,BUT,3,99,-,R,3.920,H,-,N,Y,4,0,1,2,A,-,09,21801,A,N,D,C,A,A,H,-,A,A,0,,,,,Y,,A,07,0,0,1,0,0,0,0,0,0,"- ","- ",39.320619999999998,-121.72332,BUTTE,GRIDLEY,-121.68789682000001,39.360249330000002
6403177,2014,2014-07-08,0402,2014-03-10,0045,4045,,1,5,5,0402,0,0,0,,0,006,ESPLANADE,"COHASSET RD",0.00,,Y,B,C,N,,,,,,,,,,Y,3,0,1,2,A,-,09,21801,A,N,D,C,A,B,G,-,C,A,0,,,,,Y,,D,22,0,1,0,0,0,0,0,0,0,"- ","- ",,,BUTTE,CHICO,-121.8553699,39.750619890000003
6403830,2014,2014-08-07,0405,2014-02-26,1056,WIL02,10S,3,5,4,0405,0,0,0,,0,00S,SKYWAY,"BLACK OLIVE DR",0.00,,Y,C,-,N,,,,,,,,,,Y,3,0,2,3,A,-,01,23152,A,N,A,C,A,B,H,-,A,D,0,,,,,Y,,A,01,0,1,1,0,0,0,0,0,0,"- ","- ",39.748220000000003,-121.63676,BUTTE,PARADISE,-121.63066992,39.751659930000002
6405328,2014,2014-06-25,0405,2014-03-20,1337,WR101,2N,4,5,4,0405,0,0,0,,0,00N,SKYWAY,"BADERMINE DR",178.00,N,N,A,-,N,,,,,,,,,,Y,3,0,1,2,A,-,03,22350,,N,C,C,A,A,H,-,A,D,0,,,,Y,Y,,A,07,0,1,0,0,0,0,0,0,0,"- ","- ",,,BUTTE,PARADISE,-121.58503632,39.798088559999997
6407044,2014,2014-07-01,9241,2014-02-04,1600,16513,,2,2,9,0400,0,3,5,,2,008,"JONES AV","JUGUM RANCH RD",82.00,S,N,B,-,N,,,,,,,,,,N,2,0,1,1,D,-,00,,,N,E,I,A,A,H,-,A,D,0,,,,,Y,,-,"- ",1,0,0,0,0,0,0,0,0,"- ","- ",39.656190000000002,-121.79738,BUTTE,UNINCORPORATED,-121.79724455,39.656959899999997
6407052,2014,2014-07-01,0402,2014-02-11,1402,434,,2,5,5,0402,0,0,0,,0,006,"EAST 1ST AV","OLEANDER AV",0.00,,Y,B,-,N,,,,,,,,,,N,3,0,1,2,A,-,09,21802,A,N,D,G,A,A,H,-,A,A,0,,Y,,,Y,,L,04,0,1,0,0,0,0,1,0,0,"- ","- ",,,BUTTE,CHICO,-121.84398993000001,39.738539959999997
6407388,2014,2014-06-27,0402,2014-03-13,1256,434/2710,,4,5,5,0402,0,0,0,,0,002,"MAIN ST","W 2ND ST",7.00,N,N,A,-,N,,,,,,,,,,N,3,0,1,2,A,-,10,21950,A,N,G,B,B,A,H,-,A,A,0,Y,,,,Y,,D,22,0,1,0,0,1,0,0,0,0,"- ","- ",,,BUTTE,CHICO,-121.84037664,39.730354290000001
6408434,2014,2015-11-14,9240,2014-02-28,1210,018710,,5,1,9,0400,0,1,3,,1,021,"RT 99","BIGGS EAST HWY",565.00,S,N,B,C,Y,BUT,3,99,-,-,77.580,H,-,N,Y,4,0,3,4,A,-,03,22350,,N,C,C,A,B,H,-,A,A,0,,,,,Y,,D,22,0,0,3,0,0,0,0,0,0,"- ","- ",39.413339999999998,-121.68804,BUTTE,UNINCORPORATED,-121.68804,39.413339999999998
6409041,2014,2014-06-25,0402,2014-03-12,1803,55/2245,0402,3,5,5,0402,0,0,0,,0,006,"E 5TH AV","PALM AV",0.00,,Y,A,-,N,,,,,,,,,,Y,3,0,2,2,A,-,12,22450,A,N,D,C,A,A,H,-,A,D,0,,,Y,,Y,,A,01,0,2,0,0,0,0,0,0,1,"- ","- ",,,BUTTE,CHICO,-121.84244993,39.74470994
6409043,2014,2014-06-25,0402,2014-03-17,1802,3730,CHICO,1,5,5,0402,0,0,0,,0,003,"PINE ST","E 3RD ST",9.00,N,N,A,-,N,,,,,,,,,,Y,4,0,1,2,A,-,09,21802,A,N,D,C,A,A,H,-,A,A,0,,,,,Y,,A,01,0,0,1,0,0,0,0,0,0,"- ","- ",,,BUTTE,CHICO,-121.83488,39.732750000000003
6409053,2014,2014-06-25,9240,2014-03-13,1155,018710,,4,1,9,0400,0,3,5,,2,010,"LINCOLN BL","VIRGINIA AV",66.00,S,N,A,-,N,,,,,,,,,,N,2,0,1,2,A,-,10,21950,A,F,G,B,C,A,H,-,A,A,0,Y,,,,Y,Y,-,99,1,0,0,0,1,0,0,0,0,"- ","- ",39.481699999999996,-121.55088000000001,BUTTE,UNINCORPORATED,-121.55028498999999,39.481771170000002
6409387,2014,2015-02-18,0402,2014-03-03,2203,69,,1,5,5,0402,0,0,0,,0,004,"SPRINGFIELD DR","SHARI LN",63.00,E,N,C,-,N,,,,,,,,,,Y,4,0,1,1,A,-,05,21650,,N,E,I,A,B,H,-,C,D,0,,,,,Y,Y,-,"- ",0,0,1,0,0,0,0,0,0,"- ","- ",,,BUTTE,CHICO,-121.80533010000001,39.729803140000001
6409391,2014,2015-02-18,0402,2014-03-03,1504,91/3135,,1,5,5,0402,0,0,0,,0,001,ESPLANADE,"1ST AV",120.00,N,N,C,-,N,,,,,,,,,,Y,4,0,1,1,A,-,08,22107,,N,E,I,A,B,H,-,A,-,0,,,,,Y,,-,"- ",0,0,1,0,0,0,0,0,0,"- ","- ",,,BUTTE,CHICO,-121.84606175,39.738014389999996
6409551,2014,2014-06-10,0405,2014-02-24,0011,AYA01,7S,1,5,4,0405,0,0,0,,0,00S,"PEARSON RD","MIDDLE LIBBY RD",29.00,E,N,A,-,N,,,,,,,,,,N,3,0,1,1,A,-,01,23152,,N,E,I,A,A,H,-,D,A,0,,,,,Y,Y,A,01,0,1,0,0,0,0,0,0,0,"- ","- ",,,BUTTE,PARADISE,-121.59391866,39.75181705
6409555,2014,2014-06-10,0405,2014-02-14,1421,SIE01,7S,5,5,4,0405,0,0,0,,0,00S,"ELLIOTT RD","INGALLS RD",0.00,,Y,B,-,N,,,,,,,,,,Y,4,0,2,2,A,-,03,22350,,N,C,C,A,A,H,-,A,D,0,,,,,Y,,A,01,0,0,2,0,0,0,0,0,0,"- ","- ",39.759920000000001,-121.59860999999999,BUTTE,PARADISE,-121.59833986,39.759559940000003
6409851,2014,2014-06-23,0404,2014-03-13,2006,00001,,4,5,3,0404,0,0,0,,0,,"LINCOLN BL","ORO DAM BL",278.00,S,N,A,-,N,,,,,,,,,,N,3,0,1,2,A,-,21,22106,,N,G,B,E,A,H,-,C,D,0,Y,,,,Y,,A,07,0,1,0,0,1,0,0,0,0,"- ","- ",39.503900000000002,-121.55217,BUTTE,OROVILLE,-121.55197262999999,39.503125959999998
6410397,2014,2014-06-27,0405,2014-03-07,1805,BER01,4N,5,5,4,0405,0,0,0,,0,00N,"PENTZ RD",SKYWAY,32.00,E,N,B,-,N,,,,,,,,,,N,4,0,4,2,A,-,"- ",,,N,B,C,A,A,-,-,B,A,0,,,,,Y,Y,A,01,0,0,4,0,0,0,0,0,0,"- ","- ",,,BUTTE,PARADISE,-121.5808476,39.800355760000002
6411397,2014,2014-06-26,9241,2014-03-17,0538,017114,,1,3,9,0400,0,2,4,,2,084,"CHICO RIVER RD","MOREHEAD AV",84.00,W,N,A,-,N,,,,,,,,,,Y,4,0,1,1,A,-,03,22350,,N,E,I,A,A,H,-,C,D,0,,,,Y,Y,,F,26,0,0,1,0,0,0,0,0,0,"- ","- ",39.71651,-121.86371,BUTTE,UNINCORPORATED,-121.8636783,39.716446329999997
6413523,2014,2015-03-10,0405,2014-03-04,1422,HAS02,2N,2,5,4,0405,0,0,0,,0,00N,"WAGSTAFF RD","PARKWOOD WY",50.00,E,N,B,-,N,,,,,,,,,,Y,1,1,2,2,A,-,03,22350,,N,A,C,A,A,H,-,A,D,0,,,,,Y,,-,,0,0,2,0,0,0,0,0,0,"- ","- ",,,BUTTE,PARADISE,-121.59279207,39.777720000000002
6413551,2014,2014-06-24,0405,2014-03-10,1058,WIL02,11S,1,5,4,0405,0,0,0,,0,00S,"CLARK RD","OLD CLARK RD",24.00,N,N,A,-,N,,,,,,,,,,Y,4,0,1,1,A,-,03,22350,,N,E,I,A,A,H,-,A,D,0,,,,,Y,,-,,0,0,1,0,0,0,0,0,0,"- ","- ",39.735080000000004,-121.61382,BUTTE,PARADISE,-121.61249548000001,39.732125760000002
6413631,2014,2014-06-19,0405,2014-02-20,0021,BER01,2N,4,5,4,0405,0,0,0,,0,00N,"ARMSTRONG PL","FRANK TURNER WY",51.00,E,N,A,-,N,,,,,,,,,,N,4,0,1,1,A,-,01,23152,A,N,A,I,A,A,G,-,D,D,0,,,,,Y,Y,A,07,0,0,1,0,0,0,0,0,0,"- ","- ",39.774070000000002,-121.59599,BUTTE,PARADISE,-121.59547103,39.773960029999998
6413638,2014,2014-06-23,0405,2014-02-16,0059,BER01,10S,7,5,4,0405,0,0,0,,0,00S,SKYWAY,PRINCETON,825.00,S,N,A,-,N,,,,,,,,,,N,2,0,1,1,A,-,01,23152,,N,A,I,A,A,H,-,D,D,0,,,,,Y,Y,A,01,1,0,0,0,0,0,0,0,0,"- ","- ",39.748309999999996,-121.63648000000001,BUTTE,PARADISE,-121.64100578,39.745975029999997
6414029,2014,2015-11-14,0403,2014-01-28,1812,P201,,2,5,2,0403,0,0,0,,0,004,"RT 99","CHERRY ST",631.00,S,N,A,-,Y,BUT,3,99,-,R,3.840,H,-,N,N,2,0,1,2,A,-,11,21954,A,N,G,B,D,A,H,-,C,D,0,Y,,,,Y,,N,60,1,0,0,0,1,0,0,0,0,"- ","- ",39.358939999999997,-121.68813,BUTTE,GRIDLEY,-121.68791174,39.359101719999998
6415198,2014,2014-06-23,0402,2014-03-26,0805,4342710,,3,5,5,0402,0,0,0,,0,006,ESPLANADE,"COHASSET RD",248.00,N,N,C,-,N,,,,,,,,,,N,3,0,1,2,A,-,05,21650,1,N,D,G,A,B,H,-,A,D,0,,Y,,,Y,,L,04,0,1,0,0,0,0,1,0,0,"- ","- ",,,BUTTE,CHICO,-121.85590052000001,39.751164129999999
6416169,2014,2016-01-23,0402,2014-03-10,1519,91,,1,5,5,0402,0,0,0,,0,001,"RT 32","W SACRAMENTO AV",630.00,S,N,A,-,Y,BUT,3,32,-,-,7.910,H,-,W,Y,4,0,1,2,A,-,01,23152,A,N,C,C,A,A,H,-,A,D,0,,,,,Y,Y,-,"- ",0,0,1,0,0,0,0,0,0,"- ","- ",,,BUTTE,CHICO,-121.85650842,39.729724609999998
6417051,2014,2014-07-22,0402,2014-03-09,2028,51,CHICO,7,5,5,0402,0,0,0,,0,003,"PINE ST","E 8TH ST",0.00,,Y,C,-,N,,,,,,,,,,N,3,0,1,2,A,-,12,21453,A,N,C,G,A,B,H,-,C,A,0,,Y,,,Y,,-,,0,1,0,0,0,0,1,0,0,"- ","- ",,,BUTTE,CHICO,-121.83108300000001,39.729329999999997
6417120,2014,2014-06-28,0402,2014-03-07,1404,1570,,5,5,5,0402,0,0,0,,0,005,"EAST AV","FLORAL AV",0.00,,Y,A,-,N,,,,,,,,,,Y,3,0,2,2,A,-,12,21453,A,N,D,C,A,A,H,-,A,A,0,,,,,Y,,A,01,0,1,1,0,0,0,0,0,0,"- ","- ",,,BUTTE,CHICO,-121.82930999,39.761019949999998
6417293,2014,2014-07-25,0402,2014-03-05,1235,2740,,3,5,5,0402,0,0,0,,0,003,"PINE ST","E 3RD ST",0.00,,Y,B,-,N,,,,,,,,,,Y,3,0,2,2,A,-,09,21802,A,N,D,C,A,A,H,-,A,A,0,,,,,Y,,A,01,0,2,0,0,0,0,0,0,0,"- ","- ",,,BUTTE,CHICO,-121.83487997,39.732749980000001
6417298,2014,2014-06-24,9241,2014-03-07,0802,16597,,5,1,9,0400,0,3,5,,2,007,"IMPERIAL WY","STAR PINE CT",36.00,W,N,A,-,N,,,,,,,,,,Y,2,0,4,2,A,-,08,22107,,N,A,C,A,A,H,-,A,D,0,,,,,Y,,A,01,1,3,0,0,0,0,0,0,0,"- ","- ",39.850720000000003,-121.59838000000001,BUTTE,UNINCORPORATED,-121.59842519,39.850620800000002
6417323,2014,2014-06-24,9241,2014-03-08,0230,13940,,6,3,9,0400,0,3,5,,2,009,"NEAL RD","RT 99",7920.00,E,N,A,-,N,,,,,,,,,,Y,3,0,1,1,A,-,08,22107,,M,E,I,A,A,H,-,C,D,0,,,,,Y,Y,A,07,0,1,0,0,0,0,0,0,0,"- ","- ",39.683869999999999,-121.71467,BUTTE,UNINCORPORATED,-121.72384674,39.677455119999998
6417350,2014,2014-06-24,0402,2014-03-11,1057,434/2710,,2,5,5,0402,0,0,0,,0,001,"WEST 8TH AV",ESPLANADE,5.00,W,N,A,-,N,,,,,,,,,,N,4,0,1,2,A,-,"- ",,,N,D,G,A,A,H,-,A,-,0,,Y,,,Y,,L,04,0,0,1,0,0,0,1,0,0,"- ","- ",,,BUTTE,CHICO,-121.85122555,39.74510334
6418039,2014,2014-06-10,0405,2014-01-29,2017,BER01,3N,3,5,4,0405,0,0,0,,0,00N,SKYWAY,"CLARK RD",60.00,N,N,B,C,N,,,,,,,,,,N,4,0,1,3,A,-,08,22107,,N,C,C,A,B,H,-,C,A,0,,,,,Y,,A,01,0,0,1,0,0,0,0,0,0,"- ","- ",39.797460000000001,-121.58513000000001,BUTTE,PARADISE,-121.58540587,39.797541430000003
6418105,2014,2014-06-12,0402,2014-02-28,2158,77,,5,5,5,0402,0,0,0,,0,001,"WARNER ST","WEST 4TH AV",0.00,,N,C,-,N,,,,,,,,,,N,3,0,1,2,A,-,03,22350,,M,G,B,E,B,H,-,C,D,0,Y,,,,Y,Y,-,,0,1,0,0,1,0,0,0,0,"- ","- ",39.738140000000001,-121.85577000000001,BUTTE,CHICO,-121.85536992999999,39.737809939999998
6419731,2014,2015-11-14,9240,2014-03-19,1743,017566,,3,2,9,0400,0,1,3,,1,021,"RT 99","ORD RANCH RD",896.00,S,N,A,-,Y,BUT,3,99,-,-,4.930,H,-,N,Y,3,0,1,1,A,-,08,22107,,N,F,I,A,A,H,-,A,D,0,,,,,Y,,D,22,0,1,0,0,0,0,0,0,0,"- ","- ",39.375439999999998,-121.68787,BUTTE,UNINCORPORATED,-121.68793264999999,39.374872869999997
6420553,2014,2014-06-13,9240,2014-02-24,1255,13161,,1,1,9,0400,0,3,5,,2,030,"CANYON DR","SYDNEY LN",210.00,N,N,A,-,N,,,,,,,,,,Y,4,0,1,1,A,-,01,23152,A,N,E,I,A,A,H,-,A,D,0,,,,,Y,Y,A,07,0,0,1,0,0,0,0,0,0,"- ","- ",39.524799999999999,-121.48157999999999,BUTTE,UNINCORPORATED,-121.48160745,39.524658709999997
6421050,2014,2014-07-02,9241,2014-03-20,2000,017562,,4,2,9,0400,0,3,5,,2,009,"NEAL RD","TANGEMAN TRL",3696.00,S,N,A,-,N,,,,,,,,,,Y,3,0,1,1,A,-,03,22350,,N,F,A,A,A,H,-,D,D,0,,,Y,,Y,,C,02,0,1,0,0,0,0,0,0,1,"- ","- ",39.700479999999999,-121.68814999999999,BUTTE,UNINCORPORATED,-121.67503829,39.708603199999999
6421179,2014,2015-11-14,9241,2014-03-14,1350,016597,,5,1,5,0402,0,1,3,,2,080,"RT 99","ESTATES DR",220.00,N,N,A,-,Y,BUT,3,99,-,-,28.400,H,-,S,Y,2,0,1,1,A,-,08,22107,,N,F,A,A,A,H,-,A,A,0,,,,,Y,,A,07,1,0,0,0,0,0,0,0,0,"- ","- ",39.690919999999998,-121.7744,BUTTE,CHICO,-121.77407753999999,39.690516600000002
6421183,2014,2016-02-24,9241,2014-03-15,1700,019043,,6,2,9,0400,0,1,3,,1,060,"RT 32","TEHAMA COUNTY LINE",7.00,S,N,A,-,Y,TEH,2,32,-,-,0.100,H,-,E,Y,2,0,1,1,A,-,03,22350,,N,F,A,A,A,H,-,A,D,0,,,Y,,Y,,C,02,1,0,0,0,0,0,0,0,1,"- ","- ",40.048180000000002,-121.61336,BUTTE,UNINCORPORATED,-121.99211499,39.752469689999998
6421191,2014,2014-07-03,9241,2014-03-16,1435,016513,,7,2,9,0400,0,3,5,,2,007,"COUTOLENC RD","HUPP COUTOLENC RD",1056.00,N,N,A,-,N,,,,,,,,,,N,4,0,1,1,A,-,08,22107,,N,F,A,A,A,H,-,A,D,0,,,Y,,Y,,C,02,0,0,1,0,0,0,0,0,1,"- ","- ",,,BUTTE,UNINCORPORATED,-121.57979774,39.877128630000001
6421195,2014,2015-11-14,9241,2014-03-17,1234,014960,,1,1,5,0402,0,1,3,,2,100,"RT 99","SKYWAY PARK AV",45.00,N,N,A,-,Y,BUT,3,99,-,R,30.580,H,-,S,N,4,0,1,1,C,-,18,,,N,E,I,A,A,H,-,A,D,5,,,,,Y,,-,"- ",0,0,1,0,0,0,0,0,0,"- ","- ",39.7151,-121.80113,BUTTE,CHICO,-121.80065343,39.714547609999997
6422840,2014,2014-06-13,0402,2014-02-19,1722,4085,BCCH,3,5,5,0402,0,0,0,,0,001,"EAST 1ST AV",ESPLANADE,0.00,,Y,A,-,N,,,,,,,,,,Y,4,0,1,2,A,-,12,22450,A,N,D,G,A,A,H,-,A,A,0,,Y,,,Y,,L,04,0,0,1,0,0,0,1,0,0,"- ","- ",,,BUTTE,CHICO,-121.84565987000001,39.737829920000003
6422844,2014,2014-06-13,0402,2014-02-21,1514,25,,5,5,5,0402,0,0,0,,0,006,"OLEANDER AV","EAST 1ST AV",0.00,,Y,A,-,N,,,,,,,,,,N,4,0,1,2,A,-,11,21950,B,N,A,B,B,A,H,-,A,A,0,Y,,,,Y,,N,60,0,0,1,0,1,0,0,0,0,"- ","- ",,,BUTTE,CHICO,-121.84398993000001,39.738539959999997
6422848,2014,2014-06-13,0402,2014-02-21,1112,1570,,5,5,5,0402,0,0,0,,0,005,"EAST LASSEN AV","BURNAP AV",0.00,,Y,A,-,N,,,,,,,,,,N,3,0,1,2,A,-,09,21802,A,N,D,G,A,A,H,-,A,A,0,,Y,,,Y,,A,01,0,1,0,0,0,0,1,0,0,"- ","- ",,,BUTTE,CHICO,-121.84876991,39.771099990000003
6426650,2014,2016-02-22,9241,2014-03-06,0900,016597,,4,1,5,0402,0,1,3,,2,100,"RT 99","RT 32",60.00,S,N,A,-,Y,BUT,3,99,-,R,32.257,R,1,N,N,4,0,1,2,A,-,03,22350,,N,C,C,A,A,H,-,A,A,5,,,,,Y,,A,01,0,0,1,0,0,0,0,0,0,"- ","- ",39.736249999999998,-121.81802999999999,BUTTE,CHICO,-121.81733035000001,39.734941810000002
6426657,2014,2014-06-26,0402,2014-03-10,1702,2875,0402,1,5,5,0402,0,0,0,,0,002,"W 3RD ST","NORMAL AV",0.00,,Y,A,-,N,,,,,,,,,,Y,3,0,1,3,A,-,05,21650,,N,A,E,A,A,H,-,A,D,0,,,,,Y,,-,,0,1,0,0,0,0,0,0,0,"- ","- ",,,BUTTE,CHICO,-121.84235990000001,39.727789999999999
6426689,2014,2014-06-26,0402,2014-03-03,0921,1240,,1,5,5,0402,0,0,0,,0,004,SKYWAY,"ZANELLA WY",0.00,,Y,B,C,N,,,,,,,,,,Y,2,0,2,2,A,-,09,21802,A,N,D,C,A,B,H,-,A,A,0,,,,,Y,,-,,2,0,0,0,0,0,0,0,0,"- ","- ",,,BUTTE,CHICO,-121.79212991,39.714939950000002
6426718,2014,2014-06-26,9241,2014-03-01,0932,016597,,6,1,9,0400,0,2,4,,2,086,"DURHAM DAYTON HWY","TROXEL RD",354.00,E,N,B,-,N,,,,,,,,,,Y,3,0,1,1,A,-,08,22107,,N,E,I,A,A,H,-,A,D,0,,,,,Y,,A,01,0,1,0,0,0,0,0,0,0,"- ","- ",39.652929999999998,-121.83247,BUTTE,UNINCORPORATED,-121.84177248,39.652912780000001
6429585,2014,2014-06-26,0402,2014-03-24,1214,1240,,1,5,5,0402,0,0,0,,0,006,"MANGROVE AV","VALLOMBROSA AV",538.00,N,N,A,-,N,,,,,,,,,,N,2,0,1,2,A,-,09,21804,A,N,H,A,A,A,H,-,A,A,0,,,,,Y,,-,,1,0,0,0,0,0,0,0,0,"- ","- ",,,BUTTE,CHICO,-121.83567324000001,39.735464329999999
6430304,2014,2014-06-20,9240,2014-03-22,0650,13161,,6,1,9,0400,0,3,5,,2,030,"CANYON DR","SYDNEY LN",232.00,N,N,A,-,N,,,,,,,,,,Y,3,0,1,1,A,-,05,21650,,N,E,I,A,A,H,-,B,D,0,,,,,Y,,A,01,0,1,0,0,0,0,0,0,0,"- ","- ",39.524769999999997,-121.48155,BUTTE,UNINCORPORATED,-121.48155238,39.524701350000001
6431070,2014,2014-06-28,0403,2014-03-29,0000,P200,,6,5,2,0403,0,0,0,,0,002,"SPRUCE ST","HAZEL ST",0.00,,N,B,-,N,,,,,,,,,,N,4,0,1,2,A,-,03,22350,,F,G,B,F,B,H,-,B,D,0,Y,,,,Y,,A,01,0,0,1,0,1,0,0,0,0,"- ","- ",,,BUTTE,GRIDLEY,,
6432454,2014,2014-07-08,0402,2014-03-31,2152,56,,1,5,5,0402,0,0,0,,0,006,"MANGROVE AV","EAST 5TH AV",0.00,,Y,B,-,N,,,,,,,,,,Y,4,0,1,2,A,-,09,21801,A,N,A,C,A,B,H,-,C,A,0,,,,,Y,,-,,0,0,1,0,0,0,0,0,0,"- ","- ",,,BUTTE,CHICO,-121.84080994,39.74541988
6432455,2014,2014-06-25,9241,2014-03-16,1328,16630,,7,1,9,0400,0,2,4,,2,083,"RIVER RD","SACRAMENTO AV",4752.00,S,N,A,-,N,,,,,,,,,,Y,2,0,1,1,A,-,03,22350,,N,F,A,A,A,H,-,A,D,0,,,Y,,Y,,C,02,1,0,0,0,0,0,0,0,1,"- ","- ",39.714930000000003,-121.94559,BUTTE,UNINCORPORATED,-121.9456407,39.716054919999998
6432466,2014,2014-07-08,0402,2014-03-31,1634,56,,1,5,5,0402,0,0,0,,0,001,"LINDO AV","LAWNWOOD DR",131.00,W,N,C,-,N,,,,,,,,,,Y,4,0,1,2,A,-,09,21801,A,N,A,C,A,B,H,-,A,D,0,,,,,Y,,-,,0,0,1,0,0,0,0,0,0,"- ","- ",,,BUTTE,CHICO,-121.87111477000001,39.746956019999999
6433792,2014,2014-08-22,0402,2014-04-09,2240,3170,,3,5,5,0402,0,0,0,,0,002,"W 5TH ST","OAK ST",0.00,,Y,A,-,N,,,,,,,,,,Y,2,0,1,2,A,-,01,23153,A,N,G,B,B,A,H,-,C,D,0,Y,,,,Y,Y,-,,1,0,0,0,1,0,0,0,0,"- ","- ",,,BUTTE,CHICO,-121.84825999,39.721369889999998
6433796,2014,2014-07-22,0402,2014-04-10,2044,56,,4,5,5,0402,0,0,0,,0,003,"E 5TH ST","ORIENT ST",0.00,,Y,A,-,N,,,,,,,,,,N,3,0,1,2,A,-,12,22450,A,N,D,G,A,A,-,-,C,A,0,,Y,,,Y,,L,04,0,1,0,0,0,0,1,0,0,"- ","- ",,,BUTTE,CHICO,-121.83520987999999,39.730149920000002
6434256,2014,2016-03-26,9241,2014-04-08,2120,017170,,2,2,9,0400,0,1,3,,2,080,"RT 32","RIVER RD",400.00,W,N,A,-,Y,BUT,3,32,-,-,1.380,H,-,E,N,3,0,1,2,A,-,08,22107,,F,B,G,A,A,H,-,D,D,0,,Y,,,Y,,A,01,0,1,0,0,0,0,1,0,0,"- ","- ",39.753300000000003,-121.97239999999999,BUTTE,UNINCORPORATED,-121.97132292000001,39.75333706
6434260,2014,2014-07-24,9241,2014-04-17,1007,013940,,4,1,9,0400,0,2,4,,2,071,SKYWAY,"DE SABLA LN",252.00,S,N,A,-,N,,,,,,,,,,Y,3,0,1,1,A,-,08,22107,,N,E,I,A,A,H,-,A,D,0,,,,,Y,,A,01,0,1,0,0,0,0,0,0,0,"- ","- ",39.86392,-121.60671000000001,BUTTE,UNINCORPORATED,-121.60663681,39.864132230000003
6434871,2014,2014-06-30,9240,2014-03-30,1620,017532,,7,2,9,0400,0,3,5,,2,020,"WATSON RD","DOS RIOS RD",865.00,W,N,B,-,N,,,,,,,,,,Y,2,0,3,3,A,-,01,23152,A,N,E,I,A,D,A,-,A,D,0,,,,,Y,Y,D,22,1,1,1,0,0,0,0,0,0,"- ","- ",39.41095,-121.66011,BUTTE,UNINCORPORATED,-121.66003000000001,39.410809999999998
6434872,2014,2016-02-22,9240,2014-03-27,1805,017532,,4,2,9,0400,0,1,3,,2,041,"RT 162","ARBOL AV",450.00,W,N,A,-,Y,BUT,3,162,-,-,19.190,H,-,W,Y,3,0,3,2,C,-,18,,,N,A,C,A,A,H,-,A,D,0,,,,,Y,,-,"- ",0,1,2,0,0,0,0,0,0,"- ","- ",39.56541,-121.51897,BUTTE,UNINCORPORATED,-121.51909879,39.505436840000002
6435142,2014,2014-07-03,0405,2014-03-25,1242,WIL02,3N,2,5,4,0405,0,0,0,,0,00N,"CLARK RD","PGE POLE 7179",56.00,N,N,C,-,N,,,,,,,,,,Y,4,0,2,2,A,-,05,21460,,N,A,C,A,B,H,-,A,D,0,,,,,Y,,A,08,0,0,2,0,0,0,0,0,0,"- ","- ",,,BUTTE,PARADISE,,