CASE_ID,ACCIDENT_YEAR,PROC_DATE,JURIS,COLLISION_DATE,COLLISION_TIME,OFFICER_ID,REPORTING_DISTRICT,DAY_OF_WEEK,CHP_SHIFT,POPULATION,CNTY_CITY_LOC,SPECIAL_COND,BEAT_TYPE,CHP_BEAT_TYPE,CITY_DIVISION_LAPD,CHP_BEAT_CLASS,BEAT_NUMBER,PRIMARY_RD,SECONDARY_RD,DISTANCE,DIRECTION,INTERSECTION,WEATHER_1,WEATHER_2,STATE_HWY_IND,CALTRANS_COUNTY,CALTRANS_DISTRICT,STATE_ROUTE,ROUTE_SUFFIX,POSTMILE_PREFIX,POSTMILE,LOCATION_TYPE,RAMP_INTERSECTION,SIDE_OF_HWY,TOW_AWAY,COLLISION_SEVERITY,NUMBER_KILLED,NUMBER_INJURED,PARTY_COUNT,PRIMARY_COLL_FACTOR,PCF_CODE_OF_VIOL,PCF_VIOL_CATEGORY,PCF_VIOLATION,PCF_VIOL_SUBSECTION,HIT_AND_RUN,TYPE_OF_COLLISION,MVIW,PED_ACTION,ROAD_SURFACE,ROAD_COND_1,ROAD_COND_2,LIGHTING,CONTROL_DEVICE,CHP_ROAD_TYPE,PEDESTRIAN_ACCIDENT,BICYCLE_ACCIDENT,MOTORCYCLE_ACCIDENT,TRUCK_ACCIDENT,NOT_PRIVATE_PROPERTY,ALCOHOL_INVOLVED,STWD_VEHTYPE_AT_FAULT,CHP_VEHTYPE_AT_FAULT,COUNT_SEVERE_INJ,COUNT_VISIBLE_INJ,COUNT_COMPLAINT_PAIN,COUNT_PED_KILLED,COUNT_PED_INJURED,COUNT_BICYCLIST_KILLED,COUNT_BICYCLIST_INJURED,COUNT_MC_KILLED,COUNT_MC_INJURED,PRIMARY_RAMP,SECONDARY_RAMP,LATITUDE,LONGITUDE,COUNTY,CITY,POINT_X,POINT_Y
6497274,2014,2014-07-29,9241,2014-05-17,1510,017562,,6,2,9,0400,0,2,4,,2,090,SKYWAY,"OAKRIDGE DR",930.00,E,N,A,-,N,,,,,,,,,,Y,2,0,3,2,A,-,08,22107,,N,C,C,A,A,H,-,A,D,0,,,,,Y,,A,07,1,1,1,0,0,0,0,0,0,"- ","- ",39.704720000000002,-121.73966,BUTTE,UNINCORPORATED,-121.73972873,39.704679089999999
6497278,2014,2014-07-29,9241,2014-05-25,0635,016630,,7,1,9,0400,0,2,4,,1,082,MIDWAY,"NELSON SHIPPEE RD",346.00,N,N,A,-,N,,,,,,,,,,Y,2,0,1,1,A,-,01,23152,E,N,E,I,A,A,H,-,A,D,0,,,,,Y,,A,07,1,0,0,0,0,0,0,0,0,"- ","- ",39.537399999999998,-121.75935,BUTTE,UNINCORPORATED,-121.75980152,39.538259840000002
6498865,2014,2014-07-29,9240,2014-05-06,1115,015532,,2,1,9,0400,0,3,5,,2,040,"ORO QUINCY HWY","FOREST SERVICE RD",350.00,W,N,B,-,N,,,,,,,,,,Y,2,0,1,1,A,-,03,22350,,N,F,A,A,A,H,-,A,A,0,,,,Y,Y,,F,27,1,0,0,0,0,0,0,0,0,"- ","- ",39.765239999999999,-121.30694,BUTTE,UNINCORPORATED,,
6499470,2014,2015-03-24,0405,2014-05-22,1320,BER01,7S,4,5,4,0405,0,0,0,,0,00S,"CLARK RD","NUNNELEY RD",194.00,S,N,A,-,N,,,191,,,,,,,Y,4,0,1,3,A,-,03,22350,,N,C,C,A,-,H,-,A,A,0,,,,,Y,,D,22,0,0,1,0,0,0,0,0,0,"- ","- ",39.752989999999997,-121.6079,BUTTE,PARADISE,-121.60776634,39.752262170000002
6500807,2014,2014-09-19,0402,2014-05-27,1743,384107,0402,2,5,5,0402,0,0,0,,0,005,"E 2ND ST","OLGANDER AV",0.00,,Y,A,-,N,,,,,,,,,,N,3,0,2,2,A,-,12,22450,A,N,D,C,A,A,A,H,-,A,0,,,,,Y,,-,,0,2,0,0,0,0,0,0,0,"- ","- ",,,BUTTE,CHICO,-121.84476256000001,39.739616869999999
6501311,2014,2014-07-31,0402,2014-05-17,1044,68,,6,5,5,0402,0,0,0,,0,,"MANZANITA CT","COHASSET RD",0.00,E,N,A,-,N,,,,,,,,,,Y,3,0,1,1,A,-,05,21650,,N,A,I,A,A,H,-,A,D,0,,,,,Y,,-,,0,1,0,0,0,0,0,0,0,"- ","- ",,,BUTTE,CHICO,-121.84527997000001,39.752229989999996
6501346,2014,2014-07-28,0402,2014-05-20,1339,434,,2,5,5,0402,0,0,0,,0,005,"COHASSET RD","EATON RD",0.00,,Y,A,-,N,,,,,,,,,,Y,3,0,2,2,A,-,12,21453,A,N,D,C,A,A,H,-,A,A,0,,,,,Y,,A,01,0,2,0,0,0,0,0,0,0,"- ","- ",,,BUTTE,CHICO,-121.84375,39.775959950000001
6502393,2014,2014-07-31,0405,2014-05-14,1525,BER01,3N,3,5,4,0405,0,0,0,,0,00N,"BILLE RD",MANARD,178.00,W,N,A,-,N,,,,,,,,,,Y,3,0,1,3,A,-,"- ",,,N,C,C,A,A,H,-,A,D,0,,,,,Y,,A,07,0,1,0,0,0,0,0,0,0,"- ","- ",39.778449999999999,-121.59114,BUTTE,PARADISE,-121.59539334999999,39.770426319999999
6503838,2014,2014-07-21,0402,2014-04-04,1538,4085/23,0402,5,5,5,0402,0,0,0,,0,001,"W SACRAMENTO AV","GATEWAY LN",0.00,,Y,A,-,N,,,,,,,,,,Y,2,0,1,2,A,-,09,21801,A,N,D,C,A,A,H,-,A,D,0,,,,,Y,,-,,1,0,0,0,0,0,0,0,0,"- ","- ",,,BUTTE,CHICO,-121.86820996,39.73101999
6504216,2014,2016-03-26,0402,2014-05-25,2341,4090,,7,5,5,0402,0,0,0,,0,,"NORD AV","NORD AV 1521",0.00,,N,A,-,Y,BUT,3,32,-,-,7.300,H,-,W,Y,4,0,1,2,A,-,01,23152,A,M,C,C,A,A,H,-,C,D,0,,,,,Y,Y,A,01,0,0,1,0,0,0,0,0,0,"- ","- ",39.444000000000003,-121.5158,BUTTE,CHICO,-121.86616994000001,39.734475719999999
6504224,2014,2016-03-26,0402,2014-05-16,1521,933165,,5,5,5,0402,0,0,0,,0,003,"RT 32","OLIVE ST",57.00,E,N,A,-,Y,BUT,3,32,-,-,9.350,H,-,W,Y,3,0,1,3,A,-,"- ",,,N,C,C,A,A,H,-,A,D,0,,,,,Y,,-,,0,1,0,0,0,0,0,0,0,"- ","- ",,,BUTTE,CHICO,-121.83186645000001,39.728778550000001
6504232,2014,2014-07-25,0402,2014-05-30,1645,381565,0402,5,5,5,0402,0,0,0,,0,006,ESPLANADE,"MISSION RANCH BL",0.00,,Y,A,-,N,,,,,,,,,,Y,2,0,1,2,A,-,09,21801,A,N,D,C,A,A,H,-,A,D,0,,,,,Y,,A,01,1,0,0,0,0,0,0,0,0,"- ","- ",,,BUTTE,CHICO,-121.85857987999999,39.753959889999997
6504481,2014,2014-07-29,9241,2014-05-30,1515,013630,,5,2,9,0400,0,3,5,,2,009,"NEAL RD","MCCANN DR",6864.00,E,N,A,-,N,,,,,,,,,,Y,2,0,1,1,A,-,03,22350,,N,F,A,A,A,H,-,A,D,0,,,Y,,Y,,C,02,1,0,0,0,0,0,0,0,1,"- ","- ",39.68712,-121.70921,BUTTE,UNINCORPORATED,-121.65461028,39.728563979999997
6504594,2014,2016-06-30,9241,2014-05-26,0120,16513,,1,3,5,0402,0,1,3,,2,100,"RT 99","EAST AV",55.00,N,N,A,-,Y,BUT,3,99,-,R,34.960,H,-,N,Y,4,0,1,1,C,-,18,,,N,E,J,A,A,C,-,D,D,5,,,,,Y,,-,"- ",0,0,1,0,0,0,0,0,0,"- ","- ",39.760559999999998,-121.85601,BUTTE,CHICO,-121.85586293,39.760483649999998
6504609,2014,2014-07-29,0402,2014-05-24,2318,3895,0402,6,5,5,0402,0,0,0,,0,006,"1229 MANGROVE AV","MANGROVE AV",0.00,,-,A,-,N,,,,,,,,,,N,4,0,1,2,A,-,08,22107,,M,B,G,A,A,H,-,C,A,0,,Y,,,Y,,A,01,0,0,1,0,0,0,1,0,0,"- ","- ",39.452100000000002,-121.514,BUTTE,CHICO,-121.83905308999999,39.742900659999997
6504613,2014,2014-07-29,0402,2014-05-04,1138,2580,0402,7,5,5,0402,0,0,0,,0,001,"MEMORIAL WY","THE ESPLANADE",0.00,,Y,A,-,N,,,,,,,,,,N,4,0,1,2,A,-,12,21453,A,N,B,G,A,A,H,-,A,A,0,,Y,,,Y,,L,04,0,0,1,0,0,0,1,0,0,"- ","- ",,,BUTTE,CHICO,-121.84245586,39.73321455
6505306,2014,2014-08-06,0402,2014-05-28,1914,"70 3820",,3,5,5,0402,0,0,0,,0,006,"VALLOMBROSA AV","BUTTONWILLOW LN",0.00,,Y,A,-,N,,,,,,,,,,N,2,0,1,2,A,-,07,21658,A,N,D,G,A,A,H,-,A,D,0,,Y,,,Y,Y,L,04,1,0,0,0,0,0,1,0,0,"- ","- ",,,BUTTE,CHICO,-121.8321799,39.735509960000002
6505378,2014,2014-07-25,0405,2014-05-09,1524,LAR03,11S,5,5,4,0405,0,0,0,,0,00S,"PEARSON RD","FOSTER RD",0.00,,Y,A,-,N,,,,,,,,,,N,3,0,1,2,A,-,08,22101,D,N,A,C,A,A,H,-,A,A,0,,,Y,,Y,,A,01,0,1,0,0,0,0,0,0,1,"- ","- ",,,BUTTE,PARADISE,-121.62665998999999,39.753129940000001
6506954,2014,2014-06-27,0405,2014-04-30,1652,WIL02,10S,3,5,4,0405,0,0,0,,0,00S,SKYWAY,CROSSROADS,0.00,,Y,A,-,N,,,,,,,,,,Y,4,0,1,2,A,-,09,21802,A,N,D,C,A,-,H,-,A,D,0,,,,,Y,,D,22,0,0,1,0,0,0,0,0,0,"- ","- ",39.748220000000003,-121.63676,BUTTE,PARADISE,-121.65518939,39.74404286
6507318,2014,2014-08-06,0402,2014-06-12,1459,434,,4,5,5,0402,0,0,0,,0,005,"CACTUS AV","EAST AV",282.00,N,N,A,-,N,,,,,,,,,,N,3,0,1,2,D,-,00,,,N,B,G,A,A,H,-,A,D,0,,Y,,,Y,,-,"- ",0,1,0,0,0,0,1,0,0,"- ","- ",,,BUTTE,CHICO,-121.81051527,39.76195431
6507345,2014,2016-03-25,9241,2014-06-07,1318,019060,,6,1,9,0400,0,1,3,,2,091,"RT 99","COTTONWOOD RD",0.00,,Y,A,-,Y,BUT,3,99,-,-,17.180,I,5,S,Y,2,0,3,3,A,-,08,22107,,N,B,C,A,A,H,-,A,D,0,,,,,Y,,A,01,1,0,2,0,0,0,0,0,0,"- ","- ",39.551940000000002,-121.68881,BUTTE,UNINCORPORATED,-121.68873333000001,39.552365139999999
6507595,2014,2015-04-01,0405,2014-05-28,0734,BER01,10S,3,5,4,0405,0,0,0,,0,00S,SKYWAY,"NEAL RD",85.00,N,N,A,-,N,,,,,,,,,,N,4,0,1,2,A,-,"- ",,,N,C,C,A,A,H,-,A,A,0,,,,,Y,,-,,0,0,1,0,0,0,0,0,0,"- ","- ",39.74624,-121.63757,BUTTE,PARADISE,-121.63776068,39.746267150000001
6508551,2014,2014-08-04,9240,2014-05-01,0300,018833,,4,3,3,0404,0,3,5,,2,010,"ORO BANGOR HWY","JAN DAR RD",600.00,S,N,A,-,N,,,,,,,,,,Y,3,0,1,1,A,-,08,22107,,N,E,I,A,A,H,-,D,D,0,,,,,Y,,A,01,0,1,0,0,0,0,0,0,0,"- ","- ",39.434150000000002,-121.43048,BUTTE,OROVILLE,-121.42939031,39.428038870000002
6508843,2014,2016-06-30,0402,2014-05-28,1641,69,,3,5,5,0402,0,0,0,,0,003,"RT 32","RT 99",0.00,,Y,A,-,Y,BUT,3,32,-,-,10.156,I,5,W,Y,3,0,3,2,A,-,12,21453,A,N,D,C,A,A,H,-,A,A,0,,,,,Y,,-,,0,2,1,0,0,0,0,0,0,"- ",SF,,,BUTTE,CHICO,-121.81996469000001,39.736797809999999
6508847,2014,2014-07-31,0402,2014-05-27,1233,434/2710,,2,5,5,0402,0,0,0,,0,003,"E 8TH ST","BARTLETT ST",494.00,E,N,A,-,N,,,,,,,,,,Y,3,0,2,2,A,-,03,22350,,N,C,C,A,A,H,-,A,D,0,,,,,Y,,A,01,0,1,1,0,0,0,0,0,0,"- ","- ",,,BUTTE,CHICO,-121.82102501,39.736069270000002
6508851,2014,2014-07-31,0402,2014-05-23,0903,434/2710,,5,5,5,0402,0,0,0,,0,006,"EAST AV","CONNORS AV",0.00,,Y,A,-,N,,,,,,,,,,N,3,0,1,2,A,-,05,21650,1,N,D,G,A,A,H,-,A,A,0,,Y,,,Y,,L,04,0,1,0,0,0,0,1,0,0,"- ","- ",,,BUTTE,CHICO,-121.85711988,39.75926991
6508855,2014,2014-07-31,0402,2014-05-22,1453,434/2710,,4,5,5,0402,0,0,0,,0,006,"VALLOMBROSA AV","ARBUTUS AV",621.00,E,N,A,-,N,,,,,,,,,,N,4,0,2,2,A,-,03,22350,,N,C,C,A,A,H,-,A,D,0,,,,,Y,,A,07,0,0,2,0,0,0,0,0,0,"- ","- ",,,BUTTE,CHICO,-121.82895021,39.737116129999997
6508897,2014,2014-08-01,0402,2014-05-28,1351,91,,3,5,5,0402,0,0,0,,0,005,"EAST AV","CEANOTHUS AV",243.00,E,N,A,-,N,,,,,,,,,,N,3,0,1,2,A,-,17,21712,B,N,G,B,E,A,H,-,A,D,0,Y,,,,Y,,N,60,0,1,0,0,1,0,0,0,0,"- ","- ",,,BUTTE,CHICO,-121.81908564,39.761135170000003
6509061,2014,2014-08-05,9240,2014-05-22,1615,18980,,4,2,9,0400,0,3,5,,2,020,MIDWAY,"NELSON SHIPPEE RD",3168.00,S,N,A,-,N,,,,,,,,,,Y,3,0,3,1,A,-,08,22107,,N,E,I,A,A,H,-,A,D,0,,,,,Y,,A,01,0,3,0,0,0,0,0,0,0,"- ","- ",39.528080000000003,-121.7559,BUTTE,UNINCORPORATED,-121.75618776,39.529032790000002
6509065,2014,2014-08-05,9240,2014-05-25,1700,17532,,7,2,9,0400,0,3,5,,2,010,"DISTRICT CENTER DR","SUMMIT AV",2112.00,S,N,A,-,N,,,,,,,,,,Y,4,0,1,1,A,-,08,22107,,N,E,I,A,A,H,-,A,D,0,,,,,Y,,A,01,0,0,1,0,0,0,0,0,0,"- ","- ",39.443930000000002,-121.48793000000001,BUTTE,UNINCORPORATED,-121.48809405,39.444090379999999
6509166,2014,2016-06-30,9241,2014-05-30,0150,017114,,5,3,5,0402,0,1,3,,2,100,"RT 99","EAST AV",100.00,S,N,A,-,Y,BUT,3,99,-,R,34.910,H,-,N,Y,2,0,2,1,A,-,08,22107,,N,E,I,A,A,H,-,C,D,5,,,,,Y,,A,07,1,0,1,0,0,0,0,0,0,"- ","- ",39.760660000000001,-121.8561,BUTTE,CHICO,-121.855029,39.759906370000003
6509281,2014,2014-08-14,0402,2014-06-07,1927,82/3075,0402,6,5,5,0402,0,0,0,,0,003,"RT 32","RT 99",0.00,,Y,A,-,Y,,,,,,,,,,Y,3,0,1,2,A,-,12,21453,A,N,D,C,A,A,H,-,B,A,0,,,,,Y,,-,,0,1,0,0,0,0,0,0,0,"- ","- ",,,BUTTE,CHICO,-121.82013997999999,39.736739999999998
6509285,2014,2014-08-14,0402,2014-06-04,1239,43/3390,0402,3,5,5,0402,0,0,0,,0,001,"MAGNOLIA AV","2ND AV",0.00,,Y,A,-,N,,,,,,,,,,Y,3,0,2,2,A,-,12,22450,A,N,D,C,A,A,H,-,A,A,0,,,,,Y,,-,,0,2,0,0,0,0,0,0,0,"- ","- ",,,BUTTE,CHICO,-121.8480699,39.738169890000002
6510491,2014,2016-03-26,9241,2014-06-03,1810,15794,,2,2,9,0400,0,1,3,,1,060,"RT 32","SCHOTT RD",0.00,,Y,A,-,Y,BUT,3,32,-,-,25.079,I,5,W,Y,2,0,3,2,A,-,09,21802,A,N,D,C,A,A,H,-,A,A,0,,,,,Y,,A,01,2,0,1,0,0,0,0,0,0,"- ","- ",39.88693,-121.66673,BUTTE,UNINCORPORATED,-121.66668697,39.886871300000003
6510499,2014,2016-03-26,9240,2014-06-07,0847,18876,,6,1,9,0400,0,1,3,,1,011,"RT 70","WALKER LN",2640.00,W,N,A,-,Y,BUT,3,70,-,-,6.998,H,-,W,Y,3,0,2,2,A,-,09,21801,A,N,D,C,A,-,H,-,A,D,0,,,,,Y,,D,22,0,1,1,0,0,0,0,0,0,"- ","- ",39.398299999999999,-121.60148,BUTTE,UNINCORPORATED,-121.60486028,39.404253130000001
6511370,2014,2014-07-31,0405,2014-05-03,2156,LAR03,2N,6,5,4,0405,0,0,0,,0,00N,SKYWAY,"DEVORE LN",0.00,,Y,A,-,N,,,,,,,,,,Y,4,0,1,2,A,-,"- ",,,N,B,C,A,A,H,-,D,D,0,,,Y,,Y,Y,C,03,0,0,1,0,0,0,0,0,1,"- ","- ",39.79504,-121.5873,BUTTE,PARADISE,-121.5879499,39.79327988
6511374,2014,2014-08-01,0405,2014-05-05,1220,OHE01,6N,1,5,4,0405,0,0,0,,0,00N,SKYWAY,"OLIVER RD",136.00,S,N,A,-,N,,,,,,,,,,Y,4,0,1,2,A,-,09,21804,A,N,D,C,A,A,H,-,A,D,0,,,,,Y,,D,72,0,0,1,0,0,0,0,0,0,"- ","- ",39.762210000000003,-121.6224,BUTTE,PARADISE,-121.62240165,39.76213061
6511378,2014,2014-07-31,0405,2014-05-05,1418,OHE01,3N,1,5,4,0405,0,0,0,,0,00N,"CLARK RD","PG&E POLE #6630",58.00,S,N,A,-,N,,,,,,,,,,Y,4,0,1,2,A,-,09,21804,A,N,D,C,A,A,H,-,A,D,0,,,,,Y,,D,72,0,0,1,0,0,0,0,0,0,"- ","- ",,,BUTTE,PARADISE,,
6513213,2014,2014-08-11,0402,2014-06-09,1857,3170,,1,5,5,0402,0,0,0,,0,002,"W 5TH ST","WALNUT ST",0.00,,Y,A,-,N,,,,,,,,,,Y,4,0,1,3,A,-,01,23152,A,N,B,E,A,A,H,-,A,D,0,,,,,Y,Y,-,,0,0,1,0,0,0,0,0,0,"- ","- ",,,BUTTE,CHICO,-121.847341,39.722003999999998
6513217,2014,2014-08-11,9240,2014-06-01,1935,018106,,7,2,9,0400,0,3,5,,2,020,"W LIBERTY RD","BLOCK RD",100.00,E,N,A,-,N,,,,,,,,,,N,3,0,1,1,A,-,01,23152,A,N,F,A,A,A,H,-,A,D,0,,,Y,,Y,Y,C,06,0,1,0,0,0,0,0,0,1,"- ","- ",39.348289999999999,-121.7247,BUTTE,UNINCORPORATED,-121.72490754,39.34822965
6513221,2014,2014-08-11,9240,2014-06-03,1432,018046,,2,2,9,0400,0,3,5,,2,010,"LOWER WYANDOTTE RD","DRESCHER TRACT RD",768.00,W,N,A,-,N,,,,,,,,,,Y,2,0,1,1,A,-,01,23152,A,N,E,I,A,A,H,-,A,D,0,,,,,Y,,A,01,1,0,0,0,0,0,0,0,0,"- ","- ",39.461440000000003,-121.51286,BUTTE,UNINCORPORATED,-121.51281213,39.461306739999998
6513470,2014,2014-08-09,9241,2014-06-05,1950,16360,,4,2,9,0400,0,2,4,,2,094,"PENTZ RD","SUNVIEW DR",1584.00,N,N,A,-,N,,,,,,,,,,Y,3,0,1,1,A,-,01,23152,A,N,E,I,A,A,H,-,A,D,0,,,,,Y,Y,B,01,0,1,0,0,0,0,0,0,0,"- ","- ",39.41451,-121.34407,BUTTE,UNINCORPORATED,-121.57281159,39.689133660000003
6513582,2014,2014-08-11,9241,2014-06-06,1735,017562,,5,2,9,0400,0,3,5,,2,006,"BELL RD","BELL CT",59.00,W,N,A,-,N,,,,,,,,,,Y,3,0,1,1,A,-,08,22107,,N,E,I,A,A,H,-,A,D,0,,,,,Y,,A,01,0,1,0,0,0,0,0,0,0,"- ","- ",39.757399999999997,-121.87938,BUTTE,UNINCORPORATED,-121.87957341000001,39.757377060000003
6513586,2014,2016-03-25,9241,2014-06-07,0946,019060,,6,1,5,0402,0,1,3,,2,100,"RT 99","RT 32",50.00,S,N,A,-,Y,BUT,3,99,-,R,32.360,H,-,S,Y,3,0,1,1,A,-,08,22107,,N,F,A,A,A,H,-,A,D,5,,,,,Y,,A,01,0,1,0,0,0,0,0,0,0,"- ","- ",39.735669999999999,-121.8188,BUTTE,CHICO,-121.81899479,39.735856230000003
6513794,2014,2016-02-22,0404,2014-02-12,0902,559,W,3,5,3,0404,0,0,0,,0,00W,"ORO DAM BL","LINCOLN BL",0.00,,Y,A,-,Y,BUT,3,162,-,-,17.142,I,5,W,N,4,0,1,2,A,-,12,21453,A,N,H,G,A,A,H,-,A,A,0,,Y,,,Y,,L,04,0,0,1,0,0,0,1,0,0,"- ","- ",39.509320000000002,-121.55464000000001,BUTTE,OROVILLE,-121.55225830000001,39.503869780000002
6513798,2014,2016-02-10,0404,2014-02-26,2141,569,TH,3,5,3,0404,0,0,0,,0,0TH,"MONO AV","TABLE MOUNTAIN RD",36.00,W,N,C,-,N,,,,,,,,,,N,3,0,1,3,A,-,11,21954,A,N,G,B,E,B,H,-,D,D,0,Y,,,,Y,,N,60,0,1,0,0,1,0,0,0,0,"- ","- ",39.509320000000002,-121.55464000000001,BUTTE,OROVILLE,-121.56174627999999,39.526007720000003
6514788,2014,2014-08-11,0402,2014-06-10,1355,434/2710,,2,5,5,0402,0,0,0,,0,003,"E 4TH ST","ORIENT ST",0.00,,Y,A,-,N,,,,,,,,,,N,3,0,1,2,A,-,09,21802,A,N,-,C,A,A,H,-,A,A,0,,,Y,,Y,,A,07,0,1,0,0,0,0,0,0,1,"- ","- ",,,BUTTE,CHICO,-121.83598985,39.730859959999997
6514792,2014,2014-08-11,0402,2014-06-10,1155,434/2710,,2,5,5,0402,0,0,0,,0,005,"PILLSBURY RD","COHASSETT RD",592.00,W,N,A,-,N,,,,,,,,,,Y,3,0,1,1,A,-,08,22107,,N,E,I,A,A,H,-,A,D,0,,,,,Y,,A,01,0,1,0,0,0,0,0,0,0,"- ","- ",,,BUTTE,CHICO,-121.84594294,39.757989999999999
6515555,2014,2014-08-05,9240,2014-05-26,0244,18710,,1,3,9,0400,0,3,5,,2,010,"ORO BANGOR HWY","BURLINGTON AV",780.00,S,N,A,-,N,,,,,,,,,,Y,3,0,1,1,A,-,01,23152,A,N,E,I,A,A,H,-,D,A,0,,,,,Y,Y,A,01,0,1,0,0,0,0,0,0,0,"- ","- ",39.493769999999998,-121.54013999999999,BUTTE,UNINCORPORATED,-121.53926164000001,39.493230670000003
6515559,2014,2014-08-05,9240,2014-05-30,0200,18833,,5,3,9,0400,0,3,5,,2,010,"LOWER WYANDOTTE RD","UPPER PALERMO RD",355.00,E,N,A,-,N,,,,,,,,,,Y,3,0,1,1,A,-,01,23152,A,N,F,A,A,A,H,-,C,D,0,,,Y,,Y,Y,C,02,0,1,0,0,0,0,0,0,1,"- ","- ",39.46687,-121.52437999999999,BUTTE,UNINCORPORATED,-121.52486807,39.466945250000002
6515746,2014,2016-06-30,9241,2014-06-10,2020,015794,,2,2,9,0400,0,1,3,,2,100,"RT 99","EATON RD",2112.00,S,N,A,-,Y,BUT,3,99,-,R,34.530,H,-,S,Y,4,0,1,2,A,-,07,21658,A,N,E,I,A,A,H,-,B,D,5,,,,,Y,,A,07,0,0,1,0,0,0,0,0,0,"- ","- ",39.770249999999997,-121.86841,BUTTE,UNINCORPORATED,-121.84950606,39.756488130000001
6515750,2014,2014-08-12,9241,2014-06-10,1805,017170,,2,2,9,0400,0,2,4,,2,062,"KEEFER RD","TALON DR",0.00,S,N,A,-,N,,,,,,,,,,Y,4,0,1,1,A,-,08,22107,,N,F,A,A,A,H,-,A,D,0,,,,,Y,,A,01,0,0,1,0,0,0,0,0,0,"- ","- ",39.818069999999999,-121.88419,BUTTE,UNINCORPORATED,-121.88405992,39.818009969999999
6515754,2014,2016-03-26,9241,2014-06-01,1710,016120,,7,2,9,0400,0,1,3,,1,060,"RT 32","HUMBOLDT RD",91.00,E,N,A,-,Y,BUT,3,32,-,R,36.950,H,-,E,Y,2,0,1,1,A,-,03,22350,,N,F,A,A,A,H,-,A,D,0,,,Y,,Y,,C,02,1,0,0,0,0,0,0,0,1,"- ","- ",40.03913,-121.61702,BUTTE,UNINCORPORATED,-121.61702738,40.039154189999998
6515798,2014,2016-03-26,9240,2014-06-04,1850,018389,,3,2,9,0400,0,1,3,,2,032,"RT 70","WHEELOCK RD",1584.00,W,N,A,-,Y,BUT,3,70,-,-,23.630,H,-,W,Y,3,0,1,1,C,-,18,,,N,F,I,A,A,H,-,A,D,0,,,,,Y,,-,"- ",0,1,0,0,0,0,0,0,0,"- ","- ",39.621389999999998,-121.59735000000001,BUTTE,UNINCORPORATED,-121.59744841,39.621374799999998
6515801,2014,2016-03-25,0403,2014-06-08,1727,P200,4,7,5,2,0403,0,0,0,,0,004,"RT 99","EAST GRIDLEY RD",0.00,,Y,A,-,Y,BUT,3,99,-,-,4.140,H,-,N,N,4,0,1,2,A,-,09,21804,A,N,D,C,A,A,H,-,A,D,0,,,,,Y,,A,01,0,0,1,0,0,0,0,0,0,"- ","- ",,,BUTTE,GRIDLEY,-121.68791401,39.363494719999998
6516257,2014,2014-08-15,9240,2014-06-15,1705,018046,,7,2,9,0400,0,3,5,,2,010,"EAST GRIDLEY RD","RT 70",2640.00,W,N,A,-,N,,,,,,,,,,Y,3,0,1,2,A,-,05,21650,,N,B,C,A,A,H,-,A,D,0,,,,,Y,,D,22,0,1,0,0,0,0,0,0,0,"- ","- ",39.364570000000001,-121.61756,BUTTE,UNINCORPORATED,-121.61724889,39.364453009999998
6516971,2014,2014-08-11,0402,2014-06-08,1429,43,0402,7,5,5,0402,0,0,0,,0,001,ESPLANADE,"MEMORIAL WY",0.00,N,N,A,-,N,,,,,,,,,,N,4,0,1,2,A,-,03,22350,,N,C,C,A,A,H,-,A,A,0,,,,,Y,,-,,0,0,1,0,0,0,0,0,0,"- ","- ",,,BUTTE,CHICO,-121.84246988,39.733249890000003
6517026,2014,2016-03-26,9240,2014-06-15,1800,014216,,7,2,9,0400,0,1,3,,2,032,"RT 70","JAMES W P RD",89.00,E,N,A,-,Y,BUT,3,70,-,-,27.240,H,-,W,Y,3,0,2,1,A,-,05,21650,,N,F,I,A,A,H,-,A,D,0,,,Y,,Y,,C,02,0,1,1,0,0,0,0,0,2,"- ","- ",39.65448,-121.54805,BUTTE,UNINCORPORATED,-121.54677756,39.654466159999998
6517030,2014,2014-08-07,9240,2014-06-09,1710,018046,,1,2,9,0400,0,3,5,,2,010,"ORO BANGOR HWY","SWEDES FLAT RD",2112.00,S,N,A,-,N,,,,,,,,,,Y,3,0,1,1,A,-,05,21650,,N,E,I,A,A,H,-,A,D,0,,,,,Y,,A,08,0,1,0,0,0,0,0,0,0,"- ","- ",39.437480000000001,-121.43096,BUTTE,UNINCORPORATED,-121.43762469000001,39.447656049999999
6517034,2014,2016-03-26,9240,2014-06-15,1215,013161,,7,1,9,0400,0,1,3,,2,032,"RT 70","ARCH ROCK TUNNEL",1056.00,W,N,A,-,Y,BUT,3,70,-,-,46.950,H,-,E,N,3,0,2,2,A,-,09,21801,A,N,C,C,A,A,H,-,A,D,0,,,Y,,Y,,A,01,0,1,1,0,0,0,0,0,2,"- ","- ",39.848509999999997,-121.34322,BUTTE,UNINCORPORATED,-121.39310679,39.849122270000002
6517076,2014,2016-03-26,9240,2014-06-08,1805,18389,,7,2,9,0400,0,1,3,,2,034,"RT 149","RT 99",0.00,S,N,A,-,Y,BUT,3,149,-,M,4.260,H,-,N,Y,3,0,1,1,A,-,01,23152,E,N,F,I,A,A,H,-,A,D,0,,,,,Y,,A,07,0,1,0,0,0,0,0,0,0,"- ","- ",,,BUTTE,UNINCORPORATED,-121.68402183000001,39.61705405
6517712,2014,2016-03-25,0403,2014-06-03,1403,P202,,2,5,2,0403,0,0,0,,0,001,"RT 99","CHERRY ST",127.00,S,N,A,-,Y,BUT,3,99,-,R,3.950,H,-,N,Y,4,0,1,2,A,-,09,21804,A,N,D,C,A,A,H,-,A,D,0,,,,,Y,,I,12,0,0,1,0,0,0,0,0,0,"- ","- ",,,BUTTE,GRIDLEY,-121.68789587000001,39.36068023