CASE_ID,ACCIDENT_YEAR,PROC_DATE,JURIS,COLLISION_DATE,COLLISION_TIME,OFFICER_ID,REPORTING_DISTRICT,DAY_OF_WEEK,CHP_SHIFT,POPULATION,CNTY_CITY_LOC,SPECIAL_COND,BEAT_TYPE,CHP_BEAT_TYPE,CITY_DIVISION_LAPD,CHP_BEAT_CLASS,BEAT_NUMBER,PRIMARY_RD,SECONDARY_RD,DISTANCE,DIRECTION,INTERSECTION,WEATHER_1,WEATHER_2,STATE_HWY_IND,CALTRANS_COUNTY,CALTRANS_DISTRICT,STATE_ROUTE,ROUTE_SUFFIX,POSTMILE_PREFIX,POSTMILE,LOCATION_TYPE,RAMP_INTERSECTION,SIDE_OF_HWY,TOW_AWAY,COLLISION_SEVERITY,NUMBER_KILLED,NUMBER_INJURED,PARTY_COUNT,PRIMARY_COLL_FACTOR,PCF_CODE_OF_VIOL,PCF_VIOL_CATEGORY,PCF_VIOLATION,PCF_VIOL_SUBSECTION,HIT_AND_RUN,TYPE_OF_COLLISION,MVIW,PED_ACTION,ROAD_SURFACE,ROAD_COND_1,ROAD_COND_2,LIGHTING,CONTROL_DEVICE,CHP_ROAD_TYPE,PEDESTRIAN_ACCIDENT,BICYCLE_ACCIDENT,MOTORCYCLE_ACCIDENT,TRUCK_ACCIDENT,NOT_PRIVATE_PROPERTY,ALCOHOL_INVOLVED,STWD_VEHTYPE_AT_FAULT,CHP_VEHTYPE_AT_FAULT,COUNT_SEVERE_INJ,COUNT_VISIBLE_INJ,COUNT_COMPLAINT_PAIN,COUNT_PED_KILLED,COUNT_PED_INJURED,COUNT_BICYCLIST_KILLED,COUNT_BICYCLIST_INJURED,COUNT_MC_KILLED,COUNT_MC_INJURED,PRIMARY_RAMP,SECONDARY_RAMP,LATITUDE,LONGITUDE,COUNTY,CITY,POINT_X,POINT_Y
6645905,2014,2015-05-14,0405,2014-09-17,1324,REI02,3N,3,5,4,0405,0,0,0,,0,00N,"CLARK RD","WAGSTAFF RD",1056.00,S,N,A,-,N,,,,,,,,,,N,3,0,1,2,A,-,03,22350,,N,C,C,A,A,H,-,A,D,0,,,,,Y,,D,72,0,1,0,0,0,0,0,0,0,"- ","- ",,,BUTTE,PARADISE,-121.59281568,39.775399010000001
6645913,2014,2014-10-14,0405,2014-09-16,0800,AK101,11S,2,5,4,0405,0,0,0,,0,00S,"CLARK RD","PGE POLE 5135",35.00,N,N,A,-,N,,,,,,,,,,N,4,0,1,3,A,-,03,22350,,N,C,C,A,A,H,-,A,D,0,,,,,Y,,D,72,0,0,1,0,0,0,0,0,0,"- ","- ",,,BUTTE,PARADISE,,
6645994,2014,2014-10-08,0402,2014-09-26,1133,434,,5,5,5,0402,0,0,0,,0,005,"HOOKER OAK AV","JUNIPER ST",0.00,,Y,B,-,N,,,,,,,,,,Y,3,0,1,1,A,-,03,22350,,N,H,A,A,A,H,-,A,A,0,,,Y,,Y,,C,02,0,1,0,0,0,0,0,0,1,"- ","- ",,,BUTTE,CHICO,-121.80402995999999,39.756089979999999
6647206,2014,2014-10-20,0402,2014-09-26,1412,434,,5,5,5,0402,0,0,0,,0,001,"W LINDO AV","GUYNN AV",0.00,,Y,B,-,N,,,,,,,,,,Y,3,0,1,2,A,-,03,22350,,N,D,C,A,A,H,-,A,D,0,,,Y,,Y,,C,02,0,1,0,0,0,0,0,0,1,"- ","- ",,,BUTTE,CHICO,-121.87585987999999,39.743409919999998
6648255,2014,2014-11-24,0402,2014-10-06,1838,"37 2915",0402,1,5,5,0402,0,0,0,,0,003,"PARK AV","W 11TH AV",0.00,,Y,A,-,N,,,,,,,,,,N,4,0,1,2,A,-,08,22107,,N,B,C,A,A,H,-,B,D,0,,,,,Y,,-,,0,0,1,0,0,0,0,0,0,"- ","- ",,,BUTTE,CHICO,-121.83239985,39.724359970000002
6648259,2014,2016-07-05,9240,2014-10-02,0217,018841,,4,3,9,0400,0,1,3,,2,034,"RT 149","RT 99",3960.00,S,N,A,-,Y,BUT,3,149,-,R,3.940,H,-,N,Y,3,0,2,1,A,-,08,22107,,N,E,I,A,A,H,-,C,D,0,,,,,Y,,A,01,0,2,0,0,0,0,0,0,0,"- ","- ",39.615279999999998,-121.68106,BUTTE,UNINCORPORATED,-121.68004117,39.614607960000001
6649132,2014,2014-10-14,9241,2014-09-24,1720,017114,,3,2,9,0400,0,2,4,,2,086,"DURHAM DAYTON HWY","JONES AV",528.00,W,N,A,-,N,,,,,,,,,,N,4,0,1,2,A,-,03,22350,,N,C,C,A,A,H,-,A,D,0,,,,,Y,,A,07,0,0,1,0,0,0,0,0,0,"- ","- ",39.646160000000002,-121.79052,BUTTE,UNINCORPORATED,-121.79934942,39.646074149999997
6650942,2014,2014-10-09,9285,2014-09-12,1345,17393,,5,1,9,0400,0,2,4,,2,082,"LA PORTE RD","KIMMIE LN",792.00,E,N,A,-,N,,,,,,,,,,Y,3,0,1,1,A,-,01,23152,E,N,E,J,A,A,H,-,A,D,0,,,,,Y,,A,01,0,1,0,0,0,0,0,0,0,"- ","- ",39.426670000000001,-121.35372,BUTTE,UNINCORPORATED,-121.35345547,39.426871800000001
6651613,2014,2014-10-21,9240,2014-09-19,1630,018876,,5,2,9,0400,0,3,5,,2,020,"GILSTRAP AV","SHELDON AV",0.00,,Y,A,-,N,,,,,,,,,,Y,2,0,3,2,A,-,09,21802,A,N,D,C,A,A,H,-,A,A,0,,,,,Y,,A,01,1,1,1,0,0,0,0,0,0,"- ","- ",39.350749999999998,-121.67389,BUTTE,UNINCORPORATED,-121.67396985000001,39.350739969999999
6658643,2014,2016-07-07,9241,2014-10-19,1630,012300,,7,2,9,0400,0,1,3,,2,100,"RT 99","E 20TH ST",30.00,N,N,A,-,Y,BUT,3,99,-,R,31.698,R,1,S,N,4,0,1,2,A,-,03,22350,,F,C,C,A,A,H,-,A,A,5,,,,,Y,,-,99,0,0,1,0,0,0,0,0,0,SF,"- ",39.725709999999999,-121.81104999999999,BUTTE,UNINCORPORATED,-121.81128984,39.728497160000003
6658647,2014,2016-07-05,9241,2014-10-15,0400,016630,,3,3,9,0400,0,1,3,,2,080,"RT 32","MERIDIAN RD",3696.00,W,N,A,-,Y,BUT,3,32,-,-,3.470,H,-,W,Y,3,0,1,1,A,-,08,22107,,N,F,A,A,B,H,-,D,D,0,,,,,Y,Y,A,01,0,1,0,0,0,0,0,0,0,"- ","- ",39.753430000000002,-121.93697,BUTTE,UNINCORPORATED,-121.93232648999999,39.753341409999997
6658655,2014,2014-12-19,0402,2014-10-17,2044,68800,X,5,5,5,0402,0,0,0,,0,005,"E 5TH AV","SHERMAN AV",0.00,,Y,A,-,N,,,,,,,,,,Y,4,0,1,2,A,-,12,22450,,N,D,C,A,A,H,-,C,A,0,,,,,Y,,-,,0,0,1,0,0,0,0,0,0,"- ","- ",,,BUTTE,CHICO,-121.83727999,39.746940000000002
6660164,2014,2014-12-10,9240,2014-10-08,1650,018796,,3,2,9,0400,0,3,5,,2,010,"LINCOLN BL","GREENVILLE ST",33.00,N,N,A,-,N,,,,,,,,,,Y,4,0,1,2,A,-,03,22350,,N,C,C,A,A,H,-,A,D,0,,,Y,,Y,,C,02,0,0,1,0,0,0,0,0,1,"- ","- ",39.494660000000003,-121.5508,BUTTE,UNINCORPORATED,-121.55079603,39.494780489999997
6660168,2014,2016-06-23,9240,2014-10-01,2213,018980,,3,3,9,0400,0,3,5,,2,010,"MIDDLE HONCUT RD","RT 70",0.00,,Y,A,-,Y,BUT,3,70,-,-,1.950,I,5,E,Y,4,0,2,1,A,-,03,22350,,M,E,I,A,A,H,-,D,A,0,,,,,Y,,A,01,0,0,2,0,0,0,0,0,0,"- ","- ",39.335000000000001,-121.59817,BUTTE,UNINCORPORATED,-121.59811347,39.335173220000001
6660172,2014,2016-07-05,9240,2014-10-14,0700,013276,,2,1,9,0400,0,1,3,,2,041,"RT 162","RATCHEL MOUNTAIN DR",1500.00,W,N,A,-,Y,BUT,3,162,-,-,30.660,H,-,E,Y,4,0,1,1,A,-,01,23152,E,N,E,I,A,A,H,-,B,D,0,,,,,Y,,A,01,0,0,1,0,0,0,0,0,0,"- ","- ",39.588769999999997,-121.43743000000001,BUTTE,UNINCORPORATED,-121.44015649000001,39.59006231
6660176,2014,2016-06-23,9240,2014-10-08,1940,018106,,3,2,9,0400,0,1,3,,2,031,"RT 70","NELSON AV",3168.00,N,N,A,-,Y,BUT,3,70,-,-,16.350,H,-,E,Y,4,0,4,1,A,-,03,22350,,N,E,I,A,A,H,-,D,D,1,,,,,Y,,A,08,0,0,4,0,0,0,0,0,0,"- ","- ",39.532879999999999,-121.58077,BUTTE,UNINCORPORATED,-121.57959126999999,39.531547709999998
6661820,2014,2014-12-11,0405,2014-10-01,0955,16609,,3,5,4,0405,0,0,0,,0,,"ELLIOTT RD","MAXWELL DR",25.00,E,N,A,-,N,,,,,,,,,,Y,4,0,2,2,A,-,03,22350,,N,C,C,A,A,H,-,A,D,0,,,,,Y,,A,01,0,0,2,0,0,0,0,0,0,"- ","- ",39.759909999999998,-121.61241,BUTTE,PARADISE,-121.61234106000001,39.759520000000002
6661893,2014,2014-12-15,0402,2014-10-06,1837,55,0402,1,5,5,0402,0,0,0,,0,006,"E 5TH AV","SPRUCE AV",5.00,W,N,A,-,N,,,,,,,,,,N,3,0,1,2,A,-,05,21202,A,N,D,G,A,A,-,-,A,D,0,,Y,,,Y,Y,L,04,0,1,0,0,0,0,1,0,0,"- ","- ",,,BUTTE,CHICO,-121.84395555,39.74407334
6661897,2014,2014-12-15,0402,2014-10-06,1625,223705,CHICO,1,5,5,0402,0,0,0,,0,001,ESPLANADE,"8TH ST",0.00,,Y,A,-,N,,,,,,,,,,N,3,0,1,2,A,-,09,21802,A,N,D,G,A,A,H,-,A,A,0,,Y,,,Y,,L,04,0,1,0,0,0,0,1,0,0,"- ","- ",,,BUTTE,CHICO,-121.85120993,39.74510995
6664702,2014,2015-06-12,0402,2014-10-09,1928,3605,0402,4,5,5,0402,0,0,0,,0,004,"FOREST AV","SPRINGFIELD AV",0.00,,Y,A,-,N,,,,,,,,,,Y,4,0,3,2,A,-,09,21801,A,N,A,C,A,A,H,-,C,A,0,,,,,Y,,I,11,0,0,3,0,0,0,0,0,0,"- ","- ",,,BUTTE,CHICO,-121.80206999000001,39.734809900000002
6664913,2014,2014-11-13,0402,2014-09-19,2153,43,0402,5,5,5,0402,0,0,0,,0,006,ESPLANADE,"EAST 1ST AV",0.00,,Y,A,-,N,,,,,,,,,,N,3,0,1,2,A,-,11,21950,B,N,G,B,B,A,H,-,C,A,0,Y,,,,Y,,N,60,0,1,0,0,1,0,0,0,0,"- ","- ",,,BUTTE,CHICO,-121.84565987000001,39.737829920000003
6664958,2014,2016-05-07,9241,2014-09-25,0815,012300,,4,1,9,0400,0,1,3,,2,093,"RT 191","AIRPORT RD",1320.00,W,N,B,-,Y,BUT,3,191,-,-,8.910,H,-,N,N,4,0,1,1,A,-,03,22350,,N,B,I,A,B,H,-,A,D,0,,,,,Y,,A,01,0,0,1,0,0,0,0,0,0,"- ","- ",39.71181,-121.61259,BUTTE,UNINCORPORATED,-121.61128582000001,39.718284869999998
6664993,2014,2016-07-05,9241,2014-10-08,0415,16381,,3,3,9,0400,0,1,3,,1,061,"RT 99","MERIDIAN RD",182.00,S,N,A,-,Y,BUT,3,99,-,-,40.810,H,-,N,Y,2,0,1,2,C,-,18,,,N,E,H,A,A,H,-,D,D,0,,,,,Y,,-,"- ",1,0,0,0,0,0,0,0,0,"- ","- ",39.820549999999997,-121.92332,BUTTE,UNINCORPORATED,-121.92378969000001,39.821086579999999
6665005,2014,2014-12-16,9241,2014-10-10,0705,17562,,5,1,9,0400,0,2,4,,2,086,"ORD FERRY RD","HENSLEY ST",48.00,E,N,A,-,N,,,,,,,,,,Y,4,0,1,2,A,-,21,22106,,N,D,C,A,A,H,-,A,D,0,,,,,Y,,A,01,0,0,1,0,0,0,0,0,0,"- ","- ",39.64931,-121.87111,BUTTE,UNINCORPORATED,-121.87102951,39.64932469
6665033,2014,2014-12-16,0402,2014-10-08,1412,434,,3,5,5,0402,0,0,0,,0,006,"PALMETTO AV","ARBUTUS AV",0.00,,Y,A,-,N,,,,,,,,,,Y,3,0,1,2,A,-,09,21802,A,N,D,C,A,A,H,-,A,A,0,,,,,Y,,A,07,0,1,0,0,0,0,0,0,0,"- ","- ",,,BUTTE,CHICO,-121.83360997,39.73956991
6665037,2014,2014-12-16,0402,2014-10-03,1535,434,,5,5,5,0402,0,0,0,,0,002,"W 4TH ST","MAIN ST",69.00,W,N,A,-,N,,,,,,,,,,N,3,0,1,2,A,-,17,22517,,N,H,G,A,A,H,-,A,D,0,,Y,,,Y,,A,07,0,1,0,0,0,0,1,0,0,"- ","- ",,,BUTTE,CHICO,-121.83898474,39.7288353
6665180,2014,2016-07-05,0402,2014-10-09,1733,3170,,4,5,5,0402,0,0,0,,0,004,"RT 32","FOREST AV",1200.00,W,N,A,-,Y,BUT,3,32,-,-,10.780,H,-,E,Y,4,0,4,4,A,-,03,22350,,N,C,C,A,A,H,-,A,D,0,,,,,Y,,-,,0,0,4,0,0,0,0,0,0,"- ","- ",,,BUTTE,CHICO,-121.80851152,39.738699930000003
6665316,2014,2014-12-15,9240,2014-10-17,0800,13276,,5,1,9,0400,0,3,5,,2,020,MIDWAY,"FRUITVALE RD",700.00,N,N,B,-,N,,,,,,,,,,Y,4,0,1,1,A,-,08,22107,,N,E,I,A,A,H,-,A,D,0,,,,,Y,,A,01,0,0,1,0,0,0,0,0,0,"- ","- ",39.50376,-121.74681,BUTTE,UNINCORPORATED,-121.74648817000001,39.502908959999999
6665320,2014,2014-12-15,9240,2014-10-12,1540,18833,,7,2,9,0400,0,3,5,,2,020,"EAST GRIDLEY RD","HUMBLE AV",10.00,E,N,A,-,N,,,,,,,,,,Y,4,0,1,1,A,-,08,22107,,N,E,I,A,A,H,-,A,D,0,,,,,Y,,A,01,0,0,1,0,0,0,0,0,0,"- ","- ",39.36327,-121.67856,BUTTE,UNINCORPORATED,-121.67855462999999,39.363290149999997
6665389,2014,2014-11-06,9240,2014-09-27,2315,018980,,6,3,9,0400,0,3,5,,2,040,"ORD DAM BL E","RUSTY DUSTY RD",50.00,W,N,B,-,N,,,,,,,,,,Y,4,0,1,1,A,-,01,23152,A,N,F,A,A,A,H,-,D,D,0,,,,,Y,Y,A,01,0,0,1,0,0,0,0,0,0,"- ","- ",39.523969999999998,-121.50721,BUTTE,UNINCORPORATED,-121.50721,39.523969999999998
6665596,2014,2014-12-18,9240,2014-10-08,1920,18540,,3,2,9,0400,0,3,5,,2,030,"GRAND AV","16TH ST",70.00,E,N,A,-,N,,,,,,,,,,Y,3,0,1,1,A,-,01,23152,E,N,E,I,A,A,H,-,D,D,0,,,,,Y,,D,22,0,1,0,0,0,0,0,0,0,"- ","- ",39.511020000000002,-121.59994,BUTTE,UNINCORPORATED,-121.60011371,39.510963459999999
6666018,2014,2014-12-11,0405,2014-10-09,1541,ALV01,3N,4,5,4,0405,0,0,0,,0,00N,"CLARK RD","BANK OF THE WEST ENTERENCE",36.00,N,N,A,-,N,,,,,,,,,,N,4,0,1,5,A,-,09,21804,A,N,D,C,A,A,H,-,A,A,0,,,,,Y,,A,81,0,0,1,0,0,0,0,0,0,"- ","- ",,,BUTTE,PARADISE,-121.59722686000001,39.77090621
6666026,2014,2014-12-11,0405,2014-10-02,1325,NIC02,10S,4,5,4,0405,0,0,0,,0,00S,SKYWAY,"JEWELL RD",200.00,S,N,A,-,N,,,,,,,,,,Y,4,0,2,2,A,-,03,22350,,N,C,C,A,A,H,-,A,D,0,,,,,Y,,D,72,0,0,2,0,0,0,0,0,0,"- ","- ",,,BUTTE,PARADISE,-121.63312148999999,39.749313909999998
6666178,2014,2014-12-15,0405,2014-10-07,1533,RE102,5S,2,5,4,0405,0,0,0,,0,00S,SKYWAY,"BOQUEST BL",0.00,,Y,A,-,N,,,,,,,,,,Y,3,0,1,4,A,-,03,22350,,N,C,C,A,A,H,-,A,D,0,,,Y,,Y,,A,08,0,1,0,0,0,0,0,0,1,"- ","- ",,,BUTTE,PARADISE,-121.62555995,39.757069909999998
6666179,2014,2016-06-23,9240,2014-10-18,2230,018967,,6,3,9,0400,0,1,3,,2,032,"RT 70","CONCOW RD",0.00,,Y,A,-,Y,BUT,3,70,-,-,32.850,H,-,E,Y,3,0,1,1,A,-,01,23152,A,N,E,I,A,A,H,-,D,D,0,,,,,Y,Y,A,01,0,1,0,0,0,0,0,0,0,"- ","- ",39.716709999999999,-121.52123,BUTTE,UNINCORPORATED,-121.5208993,39.716451169999999
6666224,2014,2014-12-15,9240,2014-10-15,1640,018106,,3,2,9,0400,0,3,5,,2,040,"FORBESTOWN RD","OLD OLIVE HWY",0.00,,Y,B,-,N,,,,,,,,,,Y,4,0,1,2,A,-,09,21802,A,N,D,C,A,A,H,-,A,A,0,,,Y,,Y,,C,02,0,0,1,0,0,0,0,0,1,"- ","- ",39.504269999999998,-121.4348,BUTTE,UNINCORPORATED,-121.43478995,39.504240000000003
6666232,2014,2014-12-15,9240,2014-10-15,0830,017532,,3,1,9,0400,0,3,5,,2,040,"BALD ROCK RD","STARBRIGHT LN",450.00,W,N,B,-,N,,,,,,,,,,Y,4,0,2,2,A,-,05,21460,A,N,A,C,A,B,H,-,A,D,0,,,,,Y,,A,01,0,0,2,0,0,0,0,0,0,"- ","- ",39.634210000000003,-121.41112,BUTTE,UNINCORPORATED,-121.41119277999999,39.634247860000002
6666251,2014,2014-12-15,0402,2014-10-08,0959,434,,3,5,5,0402,0,0,0,,0,006,ESPLANADE,"E 9TH AV",0.00,,Y,A,-,N,,,,,,,,,,Y,4,0,2,2,A,-,12,21453,A,N,D,C,A,A,H,-,A,A,0,,,,,Y,,A,01,0,0,2,0,0,0,0,0,0,"- ","- ",,,BUTTE,CHICO,-121.85173987,39.746279979999997
6666351,2014,2014-12-17,9240,2014-10-13,1030,012511,,1,1,9,0400,0,3,5,,2,020,"LARKIN RD","CHANDON RD",70.00,N,N,A,-,N,,,,,,,,,,N,4,0,1,1,A,-,05,21650,,N,E,I,A,A,H,-,A,D,0,,,,,Y,,A,01,0,0,1,0,0,0,0,0,0,"- ","- ",39.314680000000003,-121.66011,BUTTE,UNINCORPORATED,-121.65997910999999,39.314552220000003
6666359,2014,2014-12-17,9240,2014-10-13,1910,018106,,1,2,9,0400,0,3,5,,2,040,"ROYAL OAKS DR","BECKWOURTH WY",59.00,E,N,A,-,N,,,,,,,,,,Y,3,0,1,1,A,-,01,23152,F,N,E,I,A,A,H,-,C,D,0,,,Y,,Y,Y,C,02,0,1,0,0,0,0,0,0,1,"- ","- ",39.530949999999997,-121.47541,BUTTE,UNINCORPORATED,-121.47541538,39.530889350000002
6666892,2014,2014-11-24,9240,2014-09-28,1545,018876,,7,2,9,0400,0,3,5,,2,010,"PACIFIC HEIGHTS RD","SUN CLOUD CIR",528.00,E,N,A,-,N,,,,,,,,,,Y,4,0,1,1,A,-,08,22107,,N,E,I,A,A,H,-,A,D,0,,,,,Y,,A,01,0,0,1,0,0,0,0,0,0,"- ","- ",39.458649999999999,-121.50270999999999,BUTTE,UNINCORPORATED,-121.60310321999999,39.457904360000001
6666992,2014,2014-11-26,9240,2014-10-03,1938,018710,,5,2,9,0400,0,3,5,,2,040,"ALMOND AV","ALMOND DR",975.00,S,N,A,-,N,,,,,,,,,,Y,3,0,1,1,A,-,08,22107,,N,F,A,A,A,H,-,C,A,0,,,,,Y,,A,01,0,1,0,0,0,0,0,0,0,"- ","- ",39.51735,-121.48138,BUTTE,UNINCORPORATED,-121.64518,39.401119999999999
6667028,2014,2014-11-26,9240,2014-10-10,0820,013276,,5,1,9,0400,0,3,5,,2,010,"FOOTHILL BL","SWISS LN",160.00,S,N,A,-,N,,,,,,,,,,Y,4,0,1,1,A,-,03,22350,,N,E,I,A,A,H,-,A,D,0,,,,,Y,,A,07,0,0,1,0,0,0,0,0,0,"- ","- ",39.464060000000003,-121.48119,BUTTE,UNINCORPORATED,-121.48141554,39.464046799999998
6667803,2014,2014-12-19,9241,2014-10-03,1655,019043,,5,2,9,0400,0,2,4,,2,086,"DURHAM DAYTON HWY","LOTT RD",0.00,,Y,A,-,N,,,,,,,,,,N,4,0,1,2,A,-,09,21801,A,N,D,C,A,A,H,-,A,D,0,,,,,Y,,D,22,0,0,1,0,0,0,0,0,0,"- ","- ",39.646079999999998,-121.77397999999999,BUTTE,UNINCORPORATED,-121.77391992,39.646039930000001
6669524,2014,2014-12-10,9240,2014-10-20,1900,018540,,1,2,9,0400,0,3,5,,2,030,"7TH ST","GRAND AV",0.00,,Y,A,-,N,,,,,,,,,,Y,4,0,2,2,A,-,09,21802,A,N,D,C,A,A,H,-,D,D,0,,,,,Y,,D,22,0,0,2,0,0,0,0,0,0,"- ","- ",39.536000000000001,-121.58382,BUTTE,UNINCORPORATED,-121.58057986999999,39.51662992
6669536,2014,2014-12-26,9241,2014-10-22,1740,016360,,3,2,9,0400,0,2,4,,2,085,"DAYTON RD","HEGAN LN",0.00,,Y,B,-,N,,,,,,,,,,Y,4,0,1,2,A,-,09,21801,A,N,A,C,A,A,H,-,A,D,0,,,,,Y,,A,01,0,0,1,0,0,0,0,0,0,"- ","- ",39.682029999999997,-121.85715999999999,BUTTE,UNINCORPORATED,-121.85679992999999,39.681919980000004
6669540,2014,2015-01-02,9241,2014-10-23,0225,017170,,4,3,9,0400,0,2,4,,2,090,SKYWAY,"HONEY RUN RD",528.00,E,N,B,-,N,,,,,,,,,,N,2,0,1,2,A,-,14,21201,D,N,B,G,A,A,H,-,D,D,0,,Y,,,Y,,L,04,1,0,0,0,0,0,1,0,0,"- ","- ",39.708359999999999,-121.77265,BUTTE,UNINCORPORATED,-121.77379292000001,39.710153589999997
6669544,2014,2014-12-26,9241,2014-10-15,0150,016120,,3,3,9,0400,0,2,4,,2,097,"CENTERVILLE RD","QUAIL RUN DR",528.00,S,N,C,-,N,,,,,,,,,,Y,2,0,2,1,A,-,08,22107,,N,E,J,A,B,H,-,D,D,0,,,,,Y,,D,22,2,0,0,0,0,0,0,0,0,"- ","- ",39.764800000000001,-121.67492,BUTTE,UNINCORPORATED,-121.67514920000001,39.763825519999997
6669548,2014,2014-12-23,0402,2014-10-22,0836,434/2710,,3,5,5,0402,0,0,0,,0,004,"HUMBOLDT RD","FOREST AV",452.00,E,N,A,-,N,,,,,,,,,,N,3,0,1,2,A,-,08,22107,,N,D,G,A,A,H,-,A,D,0,,Y,,,Y,,L,04,0,1,0,0,0,0,1,0,0,"- ","- ",,,BUTTE,CHICO,-121.80307044,39.73841213
6669571,2014,2014-12-29,9241,2014-10-17,1120,016932,,5,1,9,0400,0,3,5,,2,007,"COUTOLENC RD","HUPP COUTOLENC RD",2640.00,N,N,A,-,N,,,,,,,,,,N,4,0,1,2,A,-,21,22106,,N,C,C,A,A,H,-,A,D,0,,,,Y,Y,,F,21,0,0,1,0,0,0,0,0,0,"- ","- ",39.88044,-121.58165,BUTTE,UNINCORPORATED,-121.58135821,39.879872499999998
6669599,2014,2016-07-07,9240,2014-10-17,2130,017532,,5,2,9,0400,0,1,3,,1,021,"RT 99","NELSON SHIPPEE RD",300.00,S,N,A,-,Y,BUT,3,99,-,-,16.130,H,-,N,Y,4,0,1,3,A,-,08,22107,,N,B,C,A,A,H,-,D,D,0,,,,Y,Y,,A,01,0,0,1,0,0,0,0,0,0,"- ","- ",39.535960000000003,-121.68876,BUTTE,UNINCORPORATED,-121.68874918,39.536963419999999
6669690,2014,2015-06-11,0402,2014-10-17,2036,3815,0402,5,5,5,0402,0,0,0,,0,002,"HAZEL ST","W 7TH ST",0.00,,Y,A,-,N,,,,,,,,,,Y,4,0,1,2,A,-,11,21950,B,N,G,B,D,A,H,-,D,D,0,Y,,,,Y,Y,N,60,0,0,1,0,1,0,0,0,0,"- ","- ",,,BUTTE,CHICO,-121.84111999,39.723789930000002
6669808,2014,2014-11-20,0402,2014-09-25,1558,"61 1855",,4,5,5,0402,0,0,0,,0,,"W FRANCES WILLARD","ARCADIAN AV",0.00,,Y,A,-,N,,,,,,,,,,N,3,0,1,2,A,-,09,21800,,N,D,G,A,A,H,-,A,D,0,,Y,,,Y,,-,"- ",0,1,0,0,0,0,1,0,0,"- ","- ",,,BUTTE,CHICO,-121.84602993999999,39.733389889999998
6669941,2014,2014-12-19,9240,2014-10-25,2100,018540,,6,2,9,0400,0,3,5,,2,040,"STRINGTOWN RD","MOUNTAIN OAK RD",1584.00,N,N,B,-,N,,,,,,,,,,Y,4,0,1,1,A,-,08,22107,,N,E,I,A,B,H,-,D,D,0,,,,,Y,,A,01,0,0,1,0,0,0,0,0,0,"- ","- ",39.51728,-121.40111,BUTTE,UNINCORPORATED,-121.40067069,39.5175713
6669945,2014,2014-12-19,9240,2014-10-24,2256,018980,,5,3,9,0400,0,3,5,,2,010,"UPPER PALERMO RD","PINECREST RD",488.00,S,N,A,-,N,,,,,,,,,,Y,2,0,2,1,A,-,01,23152,E,N,E,I,A,A,H,-,D,D,0,,,,,Y,,A,07,1,1,0,0,0,0,0,0,0,"- ","- ",39.457900000000002,-121.53212000000001,BUTTE,UNINCORPORATED,-121.53214052,39.457809859999998
6669949,2014,2016-06-23,9240,2014-10-17,2048,018980,,5,2,9,0400,0,1,3,,1,011,"RT 70","CENTRAL HOUSE RD",2112.00,S,N,A,-,Y,BUT,3,70,-,-,2.620,H,-,E,Y,3,0,2,3,A,-,01,23152,A,N,A,C,A,A,H,-,D,A,0,,,,,Y,Y,A,01,0,1,1,0,0,0,0,0,0,"- ","- ",39.34599,-121.6006,BUTTE,UNINCORPORATED,-121.60026207,39.344782969999997
6669953,2014,2014-12-19,9240,2014-10-14,1350,015532,,2,1,9,0400,0,3,5,,2,010,"ORO BANGOR HWY","COLE LN",528.00,S,N,B,-,N,,,,,,,,,,Y,3,0,1,1,A,-,05,21650,,N,E,J,A,A,H,-,A,D,0,,,,,Y,,A,01,0,1,0,0,0,0,0,0,0,"- ","- ",39.458060000000003,-121.44789,BUTTE,UNINCORPORATED,-121.44652963,39.457725580000002
6669957,2014,2014-12-19,9241,2014-10-19,0023,017170,,7,3,9,0400,0,3,5,,2,007,"FERGUSON DR","WOODPECKER DR",200.00,S,N,A,-,N,,,,,,,,,,N,3,0,1,1,B,-,22,,,N,E,I,A,A,H,-,D,D,0,,,,,Y,Y,A,07,0,1,0,0,0,0,0,0,0,"- ","- ",39.808390000000003,-121.60556,BUTTE,UNINCORPORATED,-121.60557621,39.808517100000003
6669981,2014,2014-12-19,0402,2014-10-18,1550,4085,BCCH,6,5,5,0402,0,0,0,,0,006,ESPLANADE,"EAST AV",221.00,N,N,A,-,N,,,,,,,,,,N,3,0,1,2,A,-,11,21955,,F,G,B,D,A,H,-,A,D,0,Y,,,,Y,,N,60,0,1,0,0,1,0,0,0,0,"- ","- ",,,BUTTE,CHICO,-121.86187615999999,39.757202919999997
6670334,2014,2016-07-05,9241,2014-10-16,1754,16711,,4,2,5,0402,0,1,3,,2,100,"RT 99","E 5TH AV",242.00,N,N,A,-,Y,BUT,3,99,-,R,33.640,H,-,N,Y,3,0,4,3,A,-,03,22350,,N,C,C,A,A,H,-,A,D,5,,,,,Y,,A,07,0,2,2,0,0,0,0,0,0,"- ","- ",39.748800000000003,-121.83611000000001,BUTTE,CHICO,-121.83610470000001,39.748865379999998
6670338,2014,2014-12-18,9241,2014-10-13,2340,16120,,1,3,9,0400,0,2,4,,1,082,MIDWAY,"STATE ST",1056.00,N,N,A,-,N,,,,,,,,,,Y,3,0,1,1,A,-,01,23152,A,N,F,J,A,A,H,-,D,D,0,,,,,Y,Y,A,01,0,1,0,0,0,0,0,0,0,"- ","- ",39.55753,-121.76703999999999,BUTTE,UNINCORPORATED,-121.76690626,39.55734065