CASE_ID,ACCIDENT_YEAR,PROC_DATE,JURIS,COLLISION_DATE,COLLISION_TIME,OFFICER_ID,REPORTING_DISTRICT,DAY_OF_WEEK,CHP_SHIFT,POPULATION,CNTY_CITY_LOC,SPECIAL_COND,BEAT_TYPE,CHP_BEAT_TYPE,CITY_DIVISION_LAPD,CHP_BEAT_CLASS,BEAT_NUMBER,PRIMARY_RD,SECONDARY_RD,DISTANCE,DIRECTION,INTERSECTION,WEATHER_1,WEATHER_2,STATE_HWY_IND,CALTRANS_COUNTY,CALTRANS_DISTRICT,STATE_ROUTE,ROUTE_SUFFIX,POSTMILE_PREFIX,POSTMILE,LOCATION_TYPE,RAMP_INTERSECTION,SIDE_OF_HWY,TOW_AWAY,COLLISION_SEVERITY,NUMBER_KILLED,NUMBER_INJURED,PARTY_COUNT,PRIMARY_COLL_FACTOR,PCF_CODE_OF_VIOL,PCF_VIOL_CATEGORY,PCF_VIOLATION,PCF_VIOL_SUBSECTION,HIT_AND_RUN,TYPE_OF_COLLISION,MVIW,PED_ACTION,ROAD_SURFACE,ROAD_COND_1,ROAD_COND_2,LIGHTING,CONTROL_DEVICE,CHP_ROAD_TYPE,PEDESTRIAN_ACCIDENT,BICYCLE_ACCIDENT,MOTORCYCLE_ACCIDENT,TRUCK_ACCIDENT,NOT_PRIVATE_PROPERTY,ALCOHOL_INVOLVED,STWD_VEHTYPE_AT_FAULT,CHP_VEHTYPE_AT_FAULT,COUNT_SEVERE_INJ,COUNT_VISIBLE_INJ,COUNT_COMPLAINT_PAIN,COUNT_PED_KILLED,COUNT_PED_INJURED,COUNT_BICYCLIST_KILLED,COUNT_BICYCLIST_INJURED,COUNT_MC_KILLED,COUNT_MC_INJURED,PRIMARY_RAMP,SECONDARY_RAMP,LATITUDE,LONGITUDE,COUNTY,CITY,POINT_X,POINT_Y
6963017,2015,2015-07-10,0402,2015-05-29,1323,4342710,,5,5,5,0402,0,0,0,,0,001,ESPLANADE,"W 9TH AV",0.00,,Y,A,-,N,,,,,,,,,,Y,2,0,2,2,A,-,01,23152,A,N,D,C,A,A,H,-,A,A,0,,,,,Y,Y,D,22,1,0,1,0,0,0,0,0,0,"- ","- ",,,BUTTE,CHICO,-121.85187997,39.746209909999997
6964862,2015,2016-11-01,9241,2015-06-16,1100,16630,,2,1,9,0400,0,1,3,,2,080,"RT 32","MERIDIAN RD",0.00,,Y,A,-,Y,BUT,3,32,-,-,4.166,I,5,E,Y,4,0,1,2,A,-,01,23152,A,N,B,C,A,A,H,-,A,A,0,,,,Y,Y,Y,A,01,0,0,1,0,0,0,0,0,0,"- ","- ",39.753349999999998,-121.91878,BUTTE,UNINCORPORATED,-121.91933935,39.753343260000001
6965234,2015,2015-07-08,0402,2015-06-10,1231,434,,3,5,5,0402,0,0,0,,0,001,"W 11TH AV","MAGNOLIA AV",0.00,,Y,B,-,N,,,,,,,,,,N,3,0,1,2,A,-,05,21650,1,N,D,G,A,A,H,-,A,A,0,,Y,,,Y,,L,04,0,1,0,0,0,0,1,0,0,"- ","- ",,,BUTTE,CHICO,-121.85497993,39.747679929999997
6965429,2015,2015-07-13,9241,2015-06-24,0115,018106,,3,3,9,0400,0,2,4,,2,085,"DAYTON RD","RODGERS AV",1320.00,E,N,A,-,N,,,,,,,,,,Y,3,0,1,1,A,-,03,22350,,N,E,I,A,A,C,-,D,D,0,,,,,Y,,A,01,0,1,0,0,0,0,0,0,0,"- ","- ",39.69858,-121.85021,BUTTE,UNINCORPORATED,-121.84963141999999,39.69993711
6965701,2015,2015-07-01,0405,2015-06-07,1142,BER01,3N,7,5,4,0405,0,0,0,,0,00N,"CLARK RD","ARMSTRONG PL",702.00,S,N,A,-,N,,,,,,,,,,N,2,0,1,2,A,-,05,21650,1,N,B,C,A,A,H,-,A,D,0,,,,,Y,,A,01,1,0,0,0,0,0,0,0,0,"- ","- ",39.773060000000001,-121.59650000000001,BUTTE,PARADISE,-121.59618161,39.771995820000001
6967465,2015,2015-07-01,9241,2015-06-06,2210,018540,,6,3,9,0400,0,2,4,,2,090,SKYWAY,"SPANISH GARDEN DR",2640.00,W,N,A,-,N,,,,,,,,,,Y,2,0,3,1,A,-,01,23152,A,N,F,A,A,A,H,-,D,D,0,,,,,Y,Y,A,07,1,2,0,0,0,0,0,0,0,"- ","- ",39.702060000000003,-121.76788999999999,BUTTE,UNINCORPORATED,-121.767702,39.701979999999999
6967491,2015,2016-06-08,0403,2015-06-08,1533,P200,1,1,5,2,0403,0,0,0,,0,001,"WASHINGTON ST","HAZEL ST",0.00,,Y,A,-,N,,,,,,,,,,Y,4,0,2,2,A,-,09,21802,A,N,D,C,A,A,H,-,A,D,0,,,,,Y,,A,01,0,0,2,0,0,0,0,0,0,"- ","- ",39.365549999999999,-121.69373,BUTTE,GRIDLEY,-121.69443996,39.36519989
6967679,2015,2015-07-06,9240,2015-06-12,1640,018833,,5,2,9,0400,0,3,5,,2,010,"ORO BANGOR HWY","SWEDES FLAT RD",1056.00,N,N,A,-,N,,,,,,,,,,Y,2,0,1,1,A,-,03,22350,,N,F,A,A,A,H,-,A,D,0,,,,,Y,,D,22,1,0,0,0,0,0,0,0,0,"- ","- ",39.44641,-121.43698000000001,BUTTE,UNINCORPORATED,-121.43494785,39.445582729999998
6967707,2015,2015-07-06,9240,2015-06-04,0910,013161,,4,1,9,0400,0,3,5,,2,010,"ORO GARDEN RANCH RD","INGLEWOOD DR",25.00,W,N,A,-,N,,,,,,,,,,Y,4,0,1,1,A,-,05,21650,,N,E,I,A,A,H,-,A,A,0,,,,,Y,,D,22,0,0,1,0,0,0,0,0,0,"- ","- ",39.489530000000002,-121.51560000000001,BUTTE,UNINCORPORATED,-121.5153712,39.489610390000003
6968648,2015,2015-07-08,9240,2015-06-18,2000,18980,,4,2,9,0400,0,3,5,,2,010,"VIRGINIA ST","LINCOLN BL",105.00,E,N,A,-,N,,,,,,,,,,N,3,0,1,1,A,-,05,21650,,N,E,I,A,A,H,-,A,D,0,,,Y,,Y,,C,06,0,1,0,0,0,0,0,0,1,"- ","- ",39.482120000000002,-121.55001,BUTTE,UNINCORPORATED,-121.55004733,39.482082890000001
6968649,2015,2016-06-20,9240,2015-06-09,1810,19085,,2,2,9,0400,0,3,5,,2,010,"EAST GRIDLEY RD","RT 70",4224.00,W,N,F,-,N,,,,,,,,,,Y,4,0,2,2,A,-,03,22350,,N,C,C,A,A,G,-,A,D,0,,,,,Y,,A,01,0,0,2,0,0,0,0,0,0,"- ","- ",39.364289999999997,-121.62653,BUTTE,UNINCORPORATED,-121.62285151,39.36438115
6968650,2015,2016-11-01,9240,2015-06-06,1300,013276,,6,1,9,0400,0,1,3,,1,011,"RT 70","LOWER HONCUT RD",347.00,S,N,A,-,Y,BUT,3,70,-,-,0.910,H,-,E,Y,4,0,2,2,A,-,09,21801,A,N,D,C,A,A,H,-,A,D,0,,,,,Y,,A,01,0,0,2,0,0,0,0,0,0,"- ","- ",39.319989999999997,-121.59625,BUTTE,UNINCORPORATED,-121.59608559999999,39.320083539999999
6968651,2015,2015-07-08,9240,2015-06-07,1345,18396,,7,1,9,0400,0,3,5,,2,010,"LOWER WYANDOTTE RD","ALVERDA DR",0.00,,Y,A,-,N,,,,,,,,,,Y,4,0,1,2,A,-,09,21801,A,N,A,C,A,A,H,-,A,D,0,,,,,Y,,A,01,0,0,1,0,0,0,0,0,0,"- ","- ",,,BUTTE,UNINCORPORATED,-121.52148999000001,39.46567993
6968674,2015,2015-07-07,0402,2015-06-18,2352,26,CHICO,4,5,5,0402,0,0,0,,0,003,"FAIR ST","E 22ND ST",0.00,N,N,A,-,N,,,,,,,,,,Y,3,0,1,1,A,-,01,23152,A,N,E,I,A,A,H,-,D,D,0,,,,,Y,Y,D,22,0,1,0,0,0,0,0,0,0,"- ","- ",,,BUTTE,CHICO,-121.81817992000001,39.719119970000001
6968675,2015,2015-07-07,0402,2015-06-15,1828,4085,0402,1,5,5,0402,0,0,0,,0,003,"E 17TH ST","MULBERRY ST",0.00,,Y,A,-,N,,,,,,,,,,Y,3,0,1,2,A,-,01,23152,,N,D,C,A,A,H,-,A,A,0,,,,,Y,Y,-,,0,1,0,0,0,0,0,0,0,"- ","- ",,,BUTTE,CHICO,-121.82398990999999,39.723289940000001
6968726,2015,2015-07-14,9240,2015-06-09,1800,19085,,2,2,9,0400,0,3,5,,2,010,"EAST GRIDLEY RD","RT 70",4224.00,W,N,F,-,N,,,,,,,,,,Y,4,0,2,2,A,-,03,22350,,N,C,C,A,A,G,-,A,D,0,,,,,Y,,A,01,0,0,2,0,0,0,0,0,0,"- ","- ",39.364289999999997,-121.62653,BUTTE,UNINCORPORATED,-121.62285151,39.36438115
6968727,2015,2015-07-14,9240,2015-06-15,0210,18841,,1,3,9,0400,0,3,5,,2,020,"MIDWAY RD","FRUITVALE RD",7128.00,N,N,-,-,N,,,,,,,,,,Y,3,0,1,1,A,-,01,23152,A,N,E,I,A,A,H,-,D,D,0,,,,,Y,Y,A,07,0,1,0,0,0,0,0,0,0,"- ","- ",39.519680000000001,-121.7529,BUTTE,UNINCORPORATED,-121.75295094000001,39.519829170000001
6968728,2015,2015-07-14,9240,2015-06-15,1700,18876,,1,2,9,0400,0,3,5,,2,010,"PALERMO HONCUT HWY","CRAIG AV",281.00,N,N,A,-,N,,,,,,,,,,Y,3,0,1,1,A,-,03,22350,,N,E,I,A,A,H,-,A,D,0,,,,,Y,,A,07,0,1,0,0,0,0,0,0,0,"- ","- ",39.42127,-121.5372,BUTTE,UNINCORPORATED,-121.53721212000001,39.420918460000003
6969985,2015,2015-07-11,0402,2015-06-11,1413,434,,4,5,5,0402,0,0,0,,0,005,"COHASSET RD","PILLSBURY RD",1240.00,S,N,A,-,N,,,,,,,,,,N,3,0,1,2,A,-,04,21703,,N,C,C,A,A,H,-,A,A,0,,,,,Y,,D,22,0,1,0,0,0,0,0,0,0,"- ","- ",,,BUTTE,CHICO,-121.84497488,39.754536989999998
6972277,2015,2015-07-07,9240,2015-06-11,2155,018980,,4,2,9,0400,0,3,5,,2,020,"LARKIN RD","WALNUT AV",2112.00,N,N,A,-,N,,,,,,,,,,Y,2,0,1,1,A,-,01,23152,A,N,E,I,A,A,H,-,D,D,0,,,,,Y,Y,D,22,1,0,0,0,0,0,0,0,0,"- ","- ",39.428269999999998,-121.64346,BUTTE,UNINCORPORATED,-121.64386018,39.428301060000003
6972281,2015,2015-07-07,9240,2015-06-12,2320,019164,,5,3,9,0400,0,3,5,,2,010,"CREST RIDGE DR","STUMP DR",65.00,N,N,A,-,N,,,,,,,,,,Y,2,0,1,2,A,-,03,22350,,N,C,E,A,A,H,-,C,D,0,,,Y,,Y,,C,02,1,0,0,0,0,0,0,0,1,"- ","- ",39.482849999999999,-121.5406,BUTTE,UNINCORPORATED,-121.54058999999999,39.482828480000002
6972858,2015,2016-10-31,9240,2015-06-04,1504,019055,,4,2,9,0400,0,1,3,,2,034,"RT 149","RT 70",248.00,N,N,B,-,Y,BUT,3,149,-,M,0.500,H,-,S,Y,3,0,1,1,A,-,08,22107,,N,F,A,A,A,H,-,A,D,0,,,,,Y,,A,07,0,1,0,0,0,0,0,0,0,"- ","- ",39.583120000000001,-121.62412,BUTTE,UNINCORPORATED,-121.62405604999999,39.583123690000001
6974249,2015,2015-07-13,9241,2015-06-18,2240,018540,,4,3,9,0400,0,3,5,,2,008,"HEGAN LN","HENGST DR",1584.00,W,N,A,-,N,,,,,,,,,,Y,3,0,1,1,A,-,03,22350,,M,E,J,A,A,C,-,D,D,0,,,,,Y,Y,D,22,0,1,0,0,0,0,0,0,0,"- ","- ",39.68938,-121.83872,BUTTE,UNINCORPORATED,-121.8377747,39.690752949999997
6975527,2015,2015-07-08,0402,2015-06-26,2106,41-4045,,5,5,5,0402,0,0,0,,0,003,MIDWAY,"EAST PARK AV",0.00,,Y,A,-,N,,,,,,,,,,N,3,0,1,2,D,-,00,,,F,B,G,A,A,H,-,C,D,0,,Y,,,Y,,-,"- ",0,1,0,0,0,0,1,0,0,"- ","- ",,,BUTTE,CHICO,-121.81397987,39.71386992
6979057,2015,2015-07-08,9240,2015-06-18,2205,018833,,4,3,9,0400,0,3,5,,2,010,"MOUNT IDA RD","PIONEER TRL",120.00,E,N,A,-,N,,,,,,,,,,Y,2,0,1,1,A,-,01,23152,A,N,-,I,A,A,H,-,D,D,0,,,,,Y,Y,D,22,1,0,0,0,0,0,0,0,0,"- ","- ",39.491630000000001,-121.46941,BUTTE,UNINCORPORATED,-121.46932773,39.491630000000001
6979623,2015,2016-11-01,9240,2015-06-23,1650,018876,,2,2,9,0400,0,1,3,,1,011,"RT 70","LITTLE RANCH RD",2640.00,S,N,A,-,Y,BUT,3,70,-,-,6.550,H,-,E,Y,4,0,1,1,A,-,08,22107,,N,E,I,A,A,H,-,A,D,0,,,,,Y,,A,07,0,0,1,0,0,0,0,0,0,"- ","- ",39.397039999999997,-121.60478999999999,BUTTE,UNINCORPORATED,-121.60483868999999,39.397642529999999
6979624,2015,2015-07-07,9240,2015-06-11,1645,018710,,4,2,9,0400,0,3,5,,2,040,"LUMPKIN RD","CRAIG ACCESS RD",1056.00,N,N,A,-,N,,,,,,,,,,Y,3,0,3,1,A,-,08,22107,,N,E,I,A,A,H,-,A,D,0,,,,,Y,,A,07,0,1,2,0,0,0,0,0,0,"- ","- ",39.549939999999999,-121.34483,BUTTE,UNINCORPORATED,-121.34470023999999,39.549889880000002
6979625,2015,2015-07-07,9240,2015-06-25,1325,012511,,4,1,9,0400,0,3,5,,2,010,"UPPER PALERMO RD","CARMEL AV",135.00,E,N,A,-,N,,,,,,,,,,Y,3,0,1,1,A,-,05,21650,,N,E,I,A,A,H,-,A,D,0,,,,,Y,,A,01,0,1,0,0,0,0,0,0,0,"- ","- ",39.453139999999998,-121.53776999999999,BUTTE,UNINCORPORATED,-121.53726890999999,39.453163410000002
6979626,2015,2015-07-07,9240,2015-06-18,1145,018396,,4,1,9,0400,0,3,5,,2,040,"OROVILLE DAM BL","ORO POWERHOUSE RD",309.00,E,N,A,-,N,,,,,,,,,,Y,4,0,1,2,A,-,08,22107,,N,A,C,A,A,H,-,A,A,0,,,,,Y,,A,07,0,0,1,0,0,0,0,0,0,"- ","- ",39.527729999999998,-121.48831,BUTTE,UNINCORPORATED,-121.49526708,39.529453420000003
6979627,2015,2015-07-07,9240,2015-06-07,2217,018389,,7,3,9,0400,0,3,5,,2,030,"GRAND AV","KEKO ST",122.00,E,N,A,-,N,,,,,,,,,,Y,3,0,1,2,A,-,08,22107,,N,E,E,A,A,H,-,D,D,0,,,Y,,Y,,C,02,0,1,0,0,0,0,0,0,1,"- ","- ",39.113779999999998,-121.59547000000001,BUTTE,UNINCORPORATED,-121.59334037000001,39.51167848
6980254,2015,2015-07-14,9241,2015-06-27,0805,017170,,6,1,9,0400,0,2,4,,2,090,SKYWAY,"ROCKY BLUFF DR",1584.00,E,N,A,-,N,,,,,,,,,,Y,3,0,1,1,A,-,01,23152,A,N,E,I,A,A,H,-,A,D,0,,,,,Y,Y,A,01,0,1,0,0,0,0,0,0,0,"- ","- ",39.708489999999998,-121.72573,BUTTE,UNINCORPORATED,-121.72796295000001,39.707828970000001
6982223,2015,2015-07-22,9241,2015-06-29,0600,016609,,1,1,9,0400,0,3,5,,2,009,"NEAL RD","WAYLAND RD",8448.00,W,N,A,-,N,,,,,,,,,,Y,4,0,1,2,A,-,08,22107,,N,A,C,A,A,H,-,A,D,0,,,,,Y,,D,22,0,0,1,0,0,0,0,0,0,"- ","- ",39.709519999999998,-121.67301999999999,BUTTE,UNINCORPORATED,-121.67167243,39.709954089999997
6982226,2015,2015-11-04,9241,2015-06-27,2150,12300,,6,2,9,0400,0,3,5,,2,006,"MUIR AV","RT 32",775.00,N,N,A,-,N,,,,,,,,,,Y,3,0,1,1,A,-,01,23152,A,N,F,I,A,A,H,-,D,D,0,,,,,Y,Y,D,22,0,1,0,0,0,0,0,0,0,"- ","- ",39.752879999999998,-121.90294,BUTTE,UNINCORPORATED,-121.90328665,39.752712260000003
6982638,2015,2015-07-20,0402,2015-07-03,1511,4342710,,5,5,5,0402,0,0,0,,0,006,"MEMORIAL WY","OLEANDER AV",0.00,,Y,A,-,N,,,,,,,,,,N,3,0,1,2,A,-,09,21802,A,N,D,G,A,A,H,-,A,A,0,,Y,,,Y,,A,01,0,1,0,0,0,0,1,0,0,"- ","- ",,,BUTTE,CHICO,-121.84022987,39.733369979999999
6982639,2015,2015-07-20,0402,2015-07-07,1705,408523,,2,5,5,0402,0,0,0,,0,,"COHASSET RD","BOEING AV",0.00,,Y,A,-,N,,,,,,,,,,Y,4,0,1,2,A,-,03,22350,,N,A,J,A,A,H,-,A,D,0,,,,,Y,,-,,0,0,1,0,0,0,0,0,0,"- ","- ",,,BUTTE,CHICO,-121.84599999,39.797389959999997
6983384,2015,2015-07-28,0402,2015-07-05,1700,55/2245,0402,7,5,5,0402,0,0,0,,0,001,ESPLANADE,"EAST 1ST AV",0.00,,Y,A,-,N,,,,,,,,,,N,2,0,1,2,A,-,01,21200,5,N,D,G,A,A,H,-,A,A,0,,Y,,,Y,Y,L,04,1,0,0,0,0,0,1,0,0,"- ","- ",,,BUTTE,CHICO,-121.84565987000001,39.737829920000003
6984166,2015,2015-07-25,9241,2015-06-18,1230,017114,,4,1,9,0400,0,2,4,,2,090,SKYWAY,"SPANISH GARDENS DR",2112.00,W,N,A,-,N,,,,,,,,,,Y,4,0,1,2,A,-,08,22107,,N,F,A,A,A,H,-,A,D,0,,,,,Y,,A,01,0,0,1,0,0,0,0,0,0,"- ","- ",39.702550000000002,-121.77002,BUTTE,UNINCORPORATED,-121.7658297,39.702063870000003
6984173,2015,2017-01-14,9241,2015-07-09,1335,18540,,4,1,5,0402,0,1,3,,2,100,"RT 99","RT 32",528.00,S,N,B,-,Y,BUT,3,99,-,R,32.270,H,-,S,Y,4,0,2,3,A,-,03,22350,,N,C,C,A,A,H,-,A,D,5,,,,,Y,,A,07,0,0,2,0,0,0,0,0,0,"- ","- ",39.734290000000001,-121.81690999999999,BUTTE,CHICO,-121.81781113,39.734981220000002
6984178,2015,2015-07-25,9241,2015-06-27,1618,017532,,6,2,9,0400,0,3,5,,2,007,"COUTOLENC RD","WINCHESTER LN",130.00,N,N,A,-,N,,,,,,,,,,Y,3,0,1,1,A,-,01,23152,A,N,E,I,A,A,H,-,A,D,0,,,,,Y,Y,D,22,0,1,0,0,0,0,0,0,0,"- ","- ",39.828229999999998,-121.57777,BUTTE,UNINCORPORATED,-121.57770705999999,39.828306470000001
6986060,2015,2016-11-01,0402,2015-06-17,1100,91/3135,,3,5,5,0402,0,0,0,,0,001,"RT 32","LA LINDA LN",99.00,E,N,A,-,Y,BUT,3,32,-,-,6.760,H,-,E,Y,3,0,1,1,A,-,08,22107,,N,F,I,A,A,H,-,A,D,0,,,,,Y,,A,01,0,1,0,0,0,0,0,0,0,"- ","- ",,,BUTTE,CHICO,-121.87481857,39.738440359999998
6986607,2015,2016-11-01,9240,2015-06-06,1533,18833,,6,2,9,0400,0,1,3,,2,032,"RT 70","RT 191",0.00,,Y,A,-,Y,BUT,3,70,-,R,21.951,I,5,W,Y,4,0,2,2,A,-,09,21806,A,N,D,C,A,A,H,-,A,A,0,,,,,Y,,A,01,0,0,2,0,0,0,0,0,0,"- ","- ",39.602780000000003,-121.61811,BUTTE,UNINCORPORATED,-121.6182333,39.602538899999999
6987895,2015,2017-01-14,0402,2015-07-08,1957,4085/23,0402,3,5,5,0402,0,0,0,,0,003,"E 8TH ST","ORIENT ST",0.00,,Y,B,-,Y,BUT,3,32,-,-,9.279,I,5,W,Y,3,0,1,2,A,-,09,21802,,N,D,C,A,A,H,-,A,A,0,,,,,Y,,-,,0,1,0,0,0,0,0,0,0,"- ","- ",,,BUTTE,CHICO,-121.83288937,39.728111149999997
6988140,2015,2015-07-23,0402,2015-06-29,1046,91,,1,5,5,0402,0,0,0,,0,001,"WEST 8TH AV","MAGNOLIA AV",0.00,,Y,A,-,N,,,,,,,,,,Y,4,0,2,2,A,-,09,21800,B,N,C,C,A,A,H,-,A,D,0,,,,,Y,,A,01,0,0,2,0,0,0,0,0,0,"- ","- ",,,BUTTE,CHICO,-121.85268581,39.744471830000002
6989374,2015,2015-07-24,9241,2015-07-09,2015,019043,,4,2,9,0400,0,3,5,,2,007,"MASTERSON WY","COLTER CT",851.00,S,N,A,-,N,,,,,,,,,,Y,2,0,4,1,A,-,01,23152,A,F,E,I,A,A,H,-,B,D,0,,,,,Y,Y,A,07,1,1,2,0,0,0,0,0,0,"- ","- ",39.846679999999999,-121.60355,BUTTE,UNINCORPORATED,-121.60345907,39.846933780000001
6991314,2015,2015-07-24,9240,2015-06-11,1425,19710,,4,2,9,0400,0,3,5,,2,010,"OPHIR RD","LOWER WYANDOTTE RD",528.00,W,N,A,-,N,,,,,,,,,,N,3,0,2,2,A,-,17,23114,A,N,E,C,A,A,H,-,A,D,0,,,,,Y,,-,99,0,2,0,0,0,0,0,0,0,"- ","- ",39.466410000000003,-121.52828,BUTTE,UNINCORPORATED,-121.52789728,39.466464690000002
6992099,2015,2015-07-25,0405,2015-06-28,0849,AK101,3N,7,5,4,0405,0,0,0,,0,00N,"CLARK RD","FOREST SERVICE LN",0.00,,Y,A,-,N,,,,,,,,,,Y,4,0,1,1,A,-,05,21650,,N,F,I,A,A,H,-,A,D,0,,,,,Y,,A,01,0,0,1,0,0,0,0,0,0,"- ","- ",39.785629999999998,-121.58647999999999,BUTTE,PARADISE,-121.5865215,39.785012999999999
6992242,2015,2015-07-29,0402,2015-07-16,1954,51,,4,5,5,0402,0,0,0,,0,005,"COHASSET RD",ESPLANADE,0.00,,Y,A,-,N,,,,,,,,,,N,4,0,1,2,A,-,03,22350,,N,C,C,A,A,H,-,A,A,0,,,,,Y,,A,01,0,0,1,0,0,0,0,0,0,"- ","- ",39.750749999999996,-121.8552,BUTTE,CHICO,-121.8553699,39.750619890000003
6992736,2015,2015-09-03,0405,2015-07-03,1402,VR001,5N,5,5,4,0405,0,0,0,,0,00N,"OLIVER RD","HAYES LN",310.00,W,N,A,-,N,,,,,,,,,,Y,3,0,1,1,A,-,03,22350,,N,E,I,A,A,H,-,A,D,0,,,Y,,Y,,C,02,0,1,0,0,0,0,0,0,1,"- ","- ",39.748220000000003,-121.63679999999999,BUTTE,PARADISE,-121.6266265,39.76332644
6992740,2015,2015-09-03,0405,2015-07-06,1721,LAR03,2N,1,5,4,0405,0,0,0,,0,00N,SKYWAY,"QUAIL WY",0.00,,Y,A,-,N,,,,,,,,,,Y,4,0,1,2,A,-,03,22350,,N,C,D,A,A,H,-,A,D,0,,,,,Y,,A,01,0,0,1,0,0,0,0,0,0,"- ","- ",,,BUTTE,PARADISE,-121.60013992,39.783449930000003
6992744,2015,2015-09-02,0405,2015-07-14,1715,VR001,5S,2,5,4,0405,0,0,0,,0,00S,SKYWAY,"WILDWOOD LN",37.00,N,N,A,-,N,,,,,,,,,,Y,4,0,2,3,A,-,03,22350,,F,C,C,A,A,H,-,A,A,0,,,,,Y,,A,01,0,0,2,0,0,0,0,0,0,"- ","- ",39.757480000000001,-121.62555,BUTTE,PARADISE,-121.62500978,39.757890340000003
6995510,2015,2015-08-29,0402,2015-07-19,1306,43,0402,7,5,5,0402,0,0,0,,0,006,ESPLANADE,"EAST 1ST AV",0.00,,Y,A,-,N,,,,,,,,,,Y,4,0,1,2,A,-,12,21453,A,N,D,C,A,A,H,-,A,A,0,,,,,Y,,-,,0,0,1,0,0,0,0,0,0,"- ","- ",,,BUTTE,CHICO,-121.84565987000001,39.737829920000003
6995511,2015,2015-08-29,0402,2015-07-19,1346,37,0402,7,5,5,0402,0,0,0,,0,003,"E 20TH ST","MULBERRY ST",0.00,,Y,A,-,N,,,,,,,,,,N,4,0,1,2,A,-,03,22350,,M,C,I,A,A,H,-,A,A,0,,,,,Y,,-,,0,0,1,0,0,0,0,0,0,"- ","- ",,,BUTTE,CHICO,-121.82118988000001,39.721759910000003
7000433,2015,2015-08-03,0402,2015-07-07,1627,4342710,,2,5,5,0402,0,0,0,,0,006,MANGROVE,"E 5TH AV",437.00,N,N,A,-,N,,,,,,,,,,N,3,0,1,2,A,-,05,21650,1,N,D,G,A,A,H,-,A,D,0,,Y,,,Y,,L,04,0,1,0,0,0,0,1,0,0,"- ","- ",,,BUTTE,CHICO,-121.84157777999999,39.746463409999997
7000437,2015,2015-08-03,0402,2015-07-08,1311,4342710,,3,5,5,0402,0,0,0,,0,003,"EAST PARK AV","HEMLOCK ST",0.00,,Y,B,-,N,,,,,,,,,,N,3,0,1,2,A,-,09,21802,A,N,H,A,A,A,H,-,A,A,0,,,Y,,Y,,D,22,0,1,0,0,0,0,0,0,1,"- ","- ",,,BUTTE,CHICO,,
7000562,2015,2017-01-14,0402,2015-07-09,1406,434,,4,5,5,0402,0,0,0,,0,002,"W 8TH ST","ORANGE ST",0.00,,Y,B,-,Y,BUT,3,32,-,R,9.038,I,5,W,Y,3,0,2,2,A,-,09,21802,A,N,D,C,A,A,H,-,A,A,0,,,,,Y,,A,01,0,2,0,0,0,0,0,0,0,"- ","- ",,,BUTTE,CHICO,-121.8430781,39.721215180000002
7000659,2015,2015-07-30,0402,2015-07-17,1818,4127,0402,5,5,5,0402,0,0,0,,0,005,"NORTH AV","SAN RAMON DR",144.00,S,N,A,-,N,,,,,,,,,,N,2,0,1,2,A,-,11,21955,,N,G,B,D,A,H,-,A,D,0,Y,,,,Y,Y,N,60,1,0,0,0,1,0,0,0,0,"- ","- ",,,BUTTE,CHICO,-121.83874120999999,39.763684640000001
7000863,2015,2015-08-01,9241,2015-06-25,1245,17114,,4,1,9,0400,0,3,5,,2,009,"NEAL RD","RT 99",1056.00,E,N,A,-,N,,,,,,,,,,Y,3,0,1,1,A,-,08,22107,,N,E,I,A,A,H,-,A,D,0,,,,,Y,,D,22,0,1,0,0,0,0,0,0,0,"- ","- ",39.682920000000003,-121.71731,BUTTE,UNINCORPORATED,-121.74034001,39.666135799999999
7004842,2015,2016-11-01,9240,2015-06-11,1617,19055,,4,2,9,0400,0,1,3,,2,041,"RT 162","SADDLE DR",289.00,W,N,A,-,Y,BUT,3,162,-,-,22.690,H,-,W,Y,3,0,1,1,A,-,08,22107,,F,E,I,A,A,H,-,A,D,0,,,,,Y,Y,A,08,0,1,0,0,0,0,0,0,0,"- ","- ",39.504480000000001,-121.46468,BUTTE,UNINCORPORATED,-121.46416961,39.504453169999998
7006021,2015,2015-07-23,9241,2015-06-21,0050,18540,,7,3,9,0400,0,2,4,,2,085,"DAYTON RD","WILLOW LANDING RD",511.00,S,N,A,-,N,,,,,,,,,,N,1,1,0,1,C,-,18,,,N,H,A,A,A,H,-,D,D,0,,,,,Y,Y,-,"- ",0,0,0,0,0,0,0,0,0,"- ","- ",39.672580000000004,-121.86056000000001,BUTTE,UNINCORPORATED,-121.86016443,39.673468939999999
7006231,2015,2015-11-10,0402,2015-08-14,2118,3880,CHICO,5,5,5,0402,0,0,0,,0,004,SKYWAY,"BRUCE RD",192.00,W,N,A,-,N,,,,,,,,,,N,1,1,0,2,A,-,11,21954,A,F,-,B,E,A,H,-,E,D,0,Y,,,,Y,,N,60,0,0,0,1,0,0,0,0,0,"- ","- ",,,BUTTE,CHICO,-121.78865773,39.714294379999998
7006290,2015,2015-11-13,0402,2015-10-01,0140,101,,4,5,5,0402,0,0,0,,0,003,"E 20TH ST","FRANKLIN ST",0.00,E,N,B,-,N,,,,,,,,,,Y,1,1,1,1,A,-,01,23153,A,N,E,I,A,A,H,-,C,D,0,,,,,Y,Y,A,01,1,0,0,0,0,0,0,0,0,"- ","- ",39.724620000000002,-121.81690999999999,BUTTE,CHICO,-121.81778985,39.724179939999999
7006502,2014,2015-12-28,0404,2014-08-07,1517,598,TH,4,5,3,0404,0,0,0,,0,0TH,"TABLE MOUNTAIN BL","NELSON AV",0.00,,Y,A,-,N,,,,,,,,,,Y,1,1,1,2,A,-,09,21801,A,N,A,C,A,A,H,-,A,D,0,,,,,Y,,A,01,0,0,1,0,0,0,0,0,0,"- ","- ",39.523910000000001,-121.55962,BUTTE,OROVILLE,-121.55873998,39.524149979999997