CASE_ID,ACCIDENT_YEAR,PROC_DATE,JURIS,COLLISION_DATE,COLLISION_TIME,OFFICER_ID,REPORTING_DISTRICT,DAY_OF_WEEK,CHP_SHIFT,POPULATION,CNTY_CITY_LOC,SPECIAL_COND,BEAT_TYPE,CHP_BEAT_TYPE,CITY_DIVISION_LAPD,CHP_BEAT_CLASS,BEAT_NUMBER,PRIMARY_RD,SECONDARY_RD,DISTANCE,DIRECTION,INTERSECTION,WEATHER_1,WEATHER_2,STATE_HWY_IND,CALTRANS_COUNTY,CALTRANS_DISTRICT,STATE_ROUTE,ROUTE_SUFFIX,POSTMILE_PREFIX,POSTMILE,LOCATION_TYPE,RAMP_INTERSECTION,SIDE_OF_HWY,TOW_AWAY,COLLISION_SEVERITY,NUMBER_KILLED,NUMBER_INJURED,PARTY_COUNT,PRIMARY_COLL_FACTOR,PCF_CODE_OF_VIOL,PCF_VIOL_CATEGORY,PCF_VIOLATION,PCF_VIOL_SUBSECTION,HIT_AND_RUN,TYPE_OF_COLLISION,MVIW,PED_ACTION,ROAD_SURFACE,ROAD_COND_1,ROAD_COND_2,LIGHTING,CONTROL_DEVICE,CHP_ROAD_TYPE,PEDESTRIAN_ACCIDENT,BICYCLE_ACCIDENT,MOTORCYCLE_ACCIDENT,TRUCK_ACCIDENT,NOT_PRIVATE_PROPERTY,ALCOHOL_INVOLVED,STWD_VEHTYPE_AT_FAULT,CHP_VEHTYPE_AT_FAULT,COUNT_SEVERE_INJ,COUNT_VISIBLE_INJ,COUNT_COMPLAINT_PAIN,COUNT_PED_KILLED,COUNT_PED_INJURED,COUNT_BICYCLIST_KILLED,COUNT_BICYCLIST_INJURED,COUNT_MC_KILLED,COUNT_MC_INJURED,PRIMARY_RAMP,SECONDARY_RAMP,LATITUDE,LONGITUDE,COUNTY,CITY,POINT_X,POINT_Y
84378683,2024,2024-09-03,0402,2024-08-29,2134,3366,,4,5,5,0402,0,0,0,,0,004,"WILDWOOD AVE","UPPER PARK RD",61.00,W,N,A,-,N,,,,,,,,,,N,2,0,4,1,A,-,01,23153,A,N,F,J,A,A,H,-,D,D,0,,,,,Y,Y,A,01,1,3,0,0,0,0,0,0,0,"- ","- ",39.765178680419922,-121.79974365234375,BUTTE,CHICO,-121.79981994628906,39.765132904052734
84383461,2024,2024-09-06,0402,2024-09-04,2018,3357,,3,5,5,0402,0,0,0,,0,001,"HICKS LN","SYCAMORE DR",104.00,N,N,A,-,N,,,,,,,,,,Y,3,0,1,1,A,-,03,22350,,N,E,I,A,A,H,-,D,D,0,,,,,Y,Y,A,01,0,1,0,0,0,0,0,0,0,"- ","- ",39.69464111328125,-121.85417175292969,BUTTE,CHICO,-121.87223815917969,39.783233642578125
84385380,2024,2024-09-09,0402,2024-08-24,1420,3327,,6,5,5,0402,0,0,0,,0,001,"NORD AVE","GLENWOOD AVE",0.00,,Y,A,-,N,,,,,,,,,,N,4,0,1,2,A,-,09,21804,A,N,D,C,A,A,H,-,A,A,0,,,,,Y,,A,01,0,0,1,0,0,0,0,0,0,"- ","- ",39.740711212158203,-121.87999725341797,BUTTE,CHICO,-121.88003540039062,39.740680694580078
84385381,2024,2024-09-09,0402,2024-08-25,1329,3360,,7,5,5,0402,0,0,0,,0,,"9TH ST","ASPEN ST",0.00,,Y,A,-,N,,,,,,,,,,N,4,0,1,2,A,-,09,21802,A,N,D,C,A,A,H,-,A,A,0,,,,,Y,Y,A,01,0,0,1,0,0,0,0,0,0,"- ","- ",39.731529235839844,-121.82594299316406,BUTTE,CHICO,-121.82588958740234,39.731544494628906
84385668,2024,2024-09-09,0402,2024-08-22,1948,3393,,4,5,5,0402,0,0,0,,0,004,"CHICO CANYON RD","CHICORY RD (N)",1048.00,E,N,A,-,N,,,,,,,,,,N,2,0,1,1,C,-,18,,,N,D,H,A,A,H,-,A,D,0,,Y,,,Y,,-,"- ",1,0,0,0,0,0,1,0,0,"- ","- ",39.760791778564453,-121.78780364990234,BUTTE,CHICO,-121.78719329833984,39.761669158935547
84385669,2024,2024-09-09,0402,2024-08-26,1305,3379,,1,5,5,0402,0,0,0,,0,004,"SPRINGFIELD DR","FOREST AVE (N)",31.00,W,N,A,-,N,,,,,,,,,,Y,4,0,1,2,A,-,01,23152,B,N,C,C,A,A,H,-,A,A,0,,,,,Y,Y,A,01,0,0,1,0,0,0,0,0,0,"- ","- ",39.734851837158203,-121.80216979980469,BUTTE,CHICO,-121.80216979980469,39.734771728515625
84385670,2024,2024-09-09,0402,2024-08-30,1546,3393,,5,5,5,0402,0,0,0,,0,004,"BUSINESS LN","E. 20TH ST",159.00,S,N,A,-,N,,,,,,,,,,N,2,0,1,2,A,-,10,21950,A,N,G,B,E,A,H,-,A,D,0,Y,,,,Y,,A,01,1,0,0,0,1,0,0,0,0,"- ","- ",,,BUTTE,CHICO,-121.80609893798828,39.726833343505859
84385671,2024,2024-09-09,0402,2024-08-30,2059,3366,,5,5,5,0402,0,0,0,,0,002,"SACRAMENTO AVE","NORD AVE (W)",144.00,W,N,A,-,N,,,,,,,,,,N,4,0,1,2,A,-,03,22350,,F,G,B,F,A,H,-,C,D,0,Y,,,,Y,,-,99,0,0,1,0,1,0,0,0,0,"- ","- ",39.731349945068359,-121.86049652099609,BUTTE,CHICO,-121.86051940917969,39.7310791015625
84385672,2024,2024-09-09,0402,2024-09-08,"655 ",33K81,,7,5,5,0402,0,0,0,,0,004,"20TH ST","FOREST AVE",0.00,,Y,A,-,N,,,,,,,,,,N,3,0,1,2,A,-,12,21453,A,N,D,C,A,A,H,-,A,A,0,,,,,Y,,A,01,0,1,0,0,0,0,0,0,0,"- ","- ",39.727279663085938,-121.80152893066406,BUTTE,CHICO,-121.80149078369141,39.727279663085938
8438739,2017,2018-05-22,0402,2017-08-09,1800,P02452,,3,5,5,0402,0,0,0,,0,002,"RT 32","IVY ST",0.00,,Y,A,-,Y,BUT,3,32,-,R,9.171,I,5,W,Y,3,0,1,2,A,-,09,21802,A,N,F,C,A,A,D,-,A,D,0,,,,,Y,,A,01,0,1,0,0,0,0,0,0,0,"- ","- ",,,BUTTE,CHICO,-121.84125837000001,39.722458150000001
84387650,2024,2024-09-10,0402,2024-09-05,1615,3373,,4,5,5,0402,0,0,0,,0,001,"E. EATON RD.","HICKS LN.",0.00,,Y,A,-,N,,,,,,,,,,Y,3,0,1,1,A,-,03,22350,,N,F,A,A,A,H,-,A,A,0,,,,Y,Y,,F,27,0,1,0,0,0,0,0,0,0,"- ","- ",39.775379180908203,-121.87246704101562,BUTTE,CHICO,-121.87191009521484,39.775291442871094
8439107,2017,2017-08-29,0404,2017-07-21,1420,651,SS,5,5,3,0404,0,0,0,,0,0SS,"MYERS ST","A ST",0.00,,Y,A,-,N,,,,,,,,,,N,4,0,1,2,A,-,12,22450,,N,A,C,A,A,H,-,A,D,0,,,,,Y,,A,01,0,0,1,0,0,0,0,0,0,"- ","- ",39.499569999999999,-121.54889,BUTTE,OROVILLE,-121.54886987,39.499549930000001
8439357,2017,2017-08-30,0404,2017-06-15,0000,573,W,4,5,3,0404,0,0,0,,0,00W,"5TH AV","ORO DAM BL",20.00,N,N,A,-,N,,,,,,,,,,N,4,0,1,2,A,-,00,20002,A,N,B,C,A,A,H,-,A,D,0,,,,,Y,,-,,0,0,1,0,0,0,0,0,0,"- ","- ",39.499760000000002,-121.56522,BUTTE,OROVILLE,-121.56521201,39.49979802
84394459,2024,2024-09-16,0402,2024-09-06,1641,3336,,5,5,5,0402,0,0,0,,0,002,"HAZEL ST","6TH ST",0.00,,Y,A,-,N,,,,,,,,,,N,3,0,1,2,A,-,09,21803,A,N,D,C,A,A,H,-,A,A,0,,,,,Y,,A,01,0,1,0,0,0,0,0,0,0,"- ","- ",39.724441528320312,-121.84191131591797,BUTTE,CHICO,-121.84190368652344,39.724468231201172
84398364,2024,2024-09-18,0402,2024-09-12,1824,3324,,4,5,5,0402,0,0,0,,0,002,"PINE ST","3RD ST",0.00,S,Y,A,-,N,,,,,,,,,,Y,3,0,2,2,A,-,09,21802,A,N,D,C,A,A,H,-,A,A,0,,,,,Y,,A,01,0,2,0,0,0,0,0,0,0,"- ","- ",39.732761383056641,-121.83489227294922,BUTTE,CHICO,-121.83488464355469,39.732749938964844
84403400,2024,2024-09-23,0402,2024-08-30,1440,3345,,5,5,5,0402,0,0,0,,0,004,SKYWAY,"FOREST AVE",0.00,,Y,A,-,N,,,,,,,,,,Y,4,0,1,3,A,-,09,21804,A,N,D,C,A,A,H,-,A,D,0,,,,,Y,,-,"- ",0,0,1,0,0,0,0,0,0,"- ","- ",39.714920043945312,-121.79212951660156,BUTTE,CHICO,-121.79212951660156,39.714939117431641
84403401,2024,2024-09-23,0402,2024-09-09,"921 ",3345,,1,5,5,0402,0,0,0,,0,002,"11239 MIDWAY","E. PARK AVE",709.00,S,N,A,-,N,,,,,,,,,,N,4,0,1,3,A,-,04,21703,,N,C,C,A,A,D,-,A,D,0,,,,,Y,,-,"- ",0,0,1,0,0,0,0,0,0,"- ","- ",,,BUTTE,CHICO,-121.8125,39.712291717529297
84403403,2024,2024-09-23,0402,2024-09-11,1513,3379,,3,5,5,0402,0,0,0,,0,,ESPLANADE,"SACRAMENTO AVE",0.00,,Y,A,-,N,,,,,,,,,,N,2,0,1,2,A,-,10,21950,A,N,G,B,B,A,H,-,A,A,0,Y,,,,Y,,A,01,1,0,0,0,1,0,0,0,0,"- ","- ",39.736850738525391,-121.84529876708984,BUTTE,CHICO,-121.84500885009766,39.736728668212891
84403624,2024,2024-09-23,0402,2024-09-13,2330,3389,,5,5,5,0402,0,0,0,,0,002,"5TH ST","IVY ST",8.00,S,N,A,-,N,,,,,,,,,,N,2,0,1,2,A,-,11,21950,B,N,G,B,B,A,H,-,C,A,0,Y,,,,Y,Y,N,60,1,0,0,0,1,0,0,0,0,"- ","- ",39.724491119384766,-121.8436279296875,BUTTE,CHICO,-121.84364318847656,39.724506378173828
8441109,2017,2017-09-11,0403,2017-08-26,2330,P204,2,6,5,2,0403,0,0,0,,0,002,"BRIDGEFORD AV","VERMONT ST",126.00,W,N,A,-,N,,,,,,,,,,N,4,0,1,2,A,-,08,22100,B,M,B,C,A,A,H,-,C,D,0,,,,,Y,,-,,0,0,1,0,0,0,0,0,0,"- ","- ",,,BUTTE,GRIDLEY,-121.70053575,39.369276159999998
84411919,2024,2024-09-30,0402,2024-09-27,1116,3389,,5,5,5,0402,0,0,0,,0,004,"20TH ST","HIGHWAY 99 N/B OFF-RAMP",204.00,W,N,A,-,N,,,,,,,,,,N,4,0,1,2,A,-,03,22350,,N,C,C,A,A,H,-,A,D,0,,,,,Y,,-,35,0,0,1,0,0,0,0,0,0,"- ","- ",39.726409912109375,-121.80827331542969,BUTTE,CHICO,-120.69503021240234,35.761920928955078
84412105,2024,2024-09-30,0402,2024-09-21,1300,3358,,6,5,5,0402,0,0,0,,0,001,"E 1ST AVE","SPRUCE AVE",150.00,E,N,A,-,N,,,,,,,,,,Y,3,0,1,2,A,-,07,21658,A,N,C,E,A,A,H,-,A,D,0,,,,,Y,,A,01,0,1,0,0,0,0,0,0,0,"- ","- ",39.740119934082031,-121.84046173095703,BUTTE,CHICO,-121.84040832519531,39.7401123046875
84412106,2024,2024-09-30,0402,2024-09-21,1822,3358,,6,5,5,0402,0,0,0,,0,001,"COHASSET RD","RIO LINDO AVE",0.00,,Y,A,-,N,,,,,,,,,,N,3,0,1,2,A,-,11,21950,B,N,G,B,B,A,H,-,A,A,0,Y,,,Y,Y,,N,60,0,1,0,0,1,0,0,0,0,"- ","- ",39.752189636230469,-121.84709167480469,BUTTE,CHICO,-121.84693908691406,39.752162933349609
84412107,2024,2024-09-30,0402,2024-09-23,1528,3379,,1,5,5,0402,0,0,0,,0,001,"3RD AVE",ESPLANADE,0.00,,Y,A,-,N,,,,,,,,,,N,3,0,1,2,A,-,09,21801,A,N,D,G,A,A,H,-,A,A,0,,Y,,,Y,,A,01,0,1,0,0,0,0,1,0,0,"- ","- ",,,BUTTE,CHICO,-121.84729766845703,39.739933013916016
84420377,2024,2024-10-07,0402,2024-09-17,1622,3345,,2,5,5,0402,0,0,0,,0,,"9TH ST","ALDER ST",50.00,E,N,A,-,Y,BUT,,32," "," ",9.558,H,,R,N,3,0,1,2,A,-,00,23103,A,N,B,C,A,A,H,-,A,A,0,,,,,Y,,A,01,0,1,0,0,0,0,0,0,0,"- ","- ",39.730411529541016,-121.82763671875,BUTTE,CHICO,-121.82762145996094,39.730392456054688
84422366,2024,2024-10-08,0402,2024-09-24,"939 ",33103,,2,5,5,0402,0,0,0,,0,002,"8TH ST","LINDEN ST",0.00,,Y,A,-,N,,,,,,,,,,Y,4,0,1,2,A,-,09,21801,B,N,B,C,A,A,H,-,A,D,0,,,,,Y,,A,01,0,0,1,0,0,0,0,0,0,"- ","- ",39.732120513916016,-121.82546234130859,BUTTE,CHICO,-121.82592010498047,39.732784271240234
8442712,2017,2017-09-11,0404,2017-08-23,1501,650,W,3,5,3,0404,0,0,0,,0,00W,"5TH AV","MONTGOMERY ST",0.00,,Y,A,-,N,,,,,,,,,,N,4,0,1,3,A,-,09,21802,A,N,D,C,A,A,H,-,A,A,0,,,,,Y,,A,01,0,0,1,0,0,0,0,0,0,"- ","- ",39.510240000000003,-121.56686000000001,BUTTE,OROVILLE,-121.56680995000001,39.510269899999997
8442716,2017,2017-09-08,0404,2017-08-15,1405,647,,2,5,3,0404,0,0,0,,0,00W,"OROVILLE DAM BL EAST","LINCOLN BL",650.00,W,N,A,-,N,,,162,,,,,,,Y,3,0,2,3,A,-,03,22350,,N,C,C,A,A,H,-,A,D,0,,,,,Y,,I,11,0,2,0,0,0,0,0,0,0,"- ","- ",39.503320000000002,-121.55298999999999,BUTTE,OROVILLE,-121.55308176,39.503594839999998
8442720,2017,2017-09-08,0404,2017-08-15,1335,650,,2,5,3,0404,0,0,0,,0,,"OROVILLE DAM BL","DAM BL",20.00,N,N,A,-,N,,,,,,,,,,Y,4,0,3,6,A,-,09,21804,A,N,A,C,A,A,H,-,A,A,0,,,,,Y,,-,,0,0,3,0,0,0,0,0,0,"- ","- ",39.478250000000003,-121.54973,BUTTE,OROVILLE,,
84428623,2024,2024-10-14,0402,2024-10-03,"744 ",3345,,4,5,5,0402,0,0,0,,0,001,ESPLANADE,"NORD HWY",0.00,,Y,A,-,N,,,,,,,,,,N,3,0,1,2,A,-,10,21950,A,N,G,B,B,A,H,-,A,A,0,Y,,,,Y,,-,"- ",0,1,0,0,1,0,0,0,0,"- ","- ",39.691730499267578,-121.86652374267578,BUTTE,CHICO,-121.88471984863281,39.779991149902344
84428626,2024,2024-10-14,0402,2024-10-05,"220 ",3322,,6,5,5,0402,0,0,0,,0,003,"COHASSET RD","EAST AVE",240.00,S,N,A,-,N,,,,,,,,,,N,2,0,1,2,A,-,11,21954,A,N,G,B,E,A,H,-,C,A,0,Y,,,Y,Y,Y,N,60,1,0,0,0,1,0,0,0,0,"- ","- ",39.760860443115234,-121.84346008300781,BUTTE,CHICO,-121.84345245361328,39.760231018066406
84428627,2024,2024-10-14,0402,2024-10-09,1736,3366,,3,5,5,0402,0,0,0,,0,001,"COHASSET RD","MANGROVE AVE",118.00,W,N,A,-,N,,,,,,,,,,N,1,1,1,2,A,-,03,22350,,N,D,C,A,A,H,-,A,D,0,,,,,Y,,A,01,0,1,0,0,0,0,0,0,0,"- ","- ",,,BUTTE,CHICO,-121.84569549560547,39.752201080322266
84428628,2024,2024-10-14,0402,2024-10-10,1730,3366,,4,5,5,0402,0,0,0,,0,002,"3RD ST","WALNUT ST",58.00,E,N,A,-,N,,,,,,,,,,N,3,0,1,2,A,-,03,22350,,N,B,G,A,A,H,-,A,D,0,,Y,,,Y,,L,04,0,1,0,0,0,0,1,0,0,"- ","- ",39.723381042480469,-121.84927368164062,BUTTE,CHICO,-121.84871673583984,39.723453521728516
84429085,2024,2024-10-14,0402,2024-10-12,"950 ",3389,,6,5,5,0402,0,0,0,,0,004,SKYWAY,"THE NORTH CURB OF SKYWAY",31.00,S,N,B,-,N,,,,,,,,,,Y,3,0,1,2,A,-,09,21801,A,N,D,C,A,A,H,-,A,D,0,,,,,Y,,A,01,0,1,0,0,0,0,0,0,0,"- ","- ",,,BUTTE,CHICO,,
8443056,2017,2017-09-01,0404,2017-08-01,0415,606,E,2,5,3,0404,0,0,0,,0,00E,"LINCOLN BL","A ST",20.00,S,N,A,-,N,,,,,,,,,,Y,3,0,1,1,A,-,00,22651,,N,A,J,A,A,H,-,C,D,0,,,,,Y,,A,01,0,1,0,0,0,0,0,0,0,"- ","- ",39.49953,-121.55098,BUTTE,OROVILLE,-121.5509,39.49946508
8443060,2017,2017-09-01,0404,2017-08-21,1530,651,E,1,5,3,0404,0,0,0,,0,00E,"WASHINGTON AV","BIRD ST",0.00,,Y,A,-,N,,,,,,,,,,N,3,0,1,2,A,-,10,21950,,N,G,B,B,A,-,-,A,D,0,Y,,,,Y,,A,01,0,1,0,0,1,0,0,0,0,"- ","- ",,,BUTTE,OROVILLE,-121.54907999,39.515679919999997
8443088,2017,2017-09-01,0404,2017-08-17,0000,622,E,4,5,3,0404,0,0,0,,0,00E,"WASHINGTON AV","MONTGOMERY ST",52.00,S,N,A,-,N,,,,,,,,,,N,3,0,1,2,A,-,05,21650,1,N,H,G,A,A,H,-,A,D,0,,Y,,,Y,,L,04,0,1,0,0,0,0,1,0,0,"- ","- ",39.51596,-121.54980999999999,BUTTE,OROVILLE,-121.54958814,39.516042990000003
8443098,2017,2017-09-01,0404,2017-07-03,2133,606,SS,1,5,3,0404,0,0,0,,0,0SS,FALLBROOK,"C ST",0.00,,N,A,-,N,,,,,,,,,,N,4,0,1,2,A,-,12,22450,,N,D,C,A,A,H,-,D,A,0,,,,,Y,,A,01,0,0,1,0,0,0,0,0,0,"- ","- ",39.498019999999997,-121.54357,BUTTE,OROVILLE,-121.54357998,39.498019900000003
8443217,2017,2017-09-01,0404,2017-08-17,2500,622,W,4,5,3,0404,0,0,0,,0,00W,"OROVILLE DAM BL EAST","OROVILLE DAM BL EAST 2470",0.00,,-,A,-,N,,,162,,,,,,,N,4,0,2,2,A,-,03,22350,,N,C,C,A,A,H,-,A,D,0,,,,,Y,,A,07,0,0,2,0,0,0,0,0,0,"- ","- ",39.506030000000003,-121.54747,BUTTE,OROVILLE,-121.54730259,39.50557079
84434184,2024,2024-10-17,0402,2024-10-11,1003,3345,,5,5,5,0402,0,0,0,,0,003,"MANZANITA AVE","CEANOTHUS AVE",0.00,,Y,A,-,N,,,,,,,,,,N,3,0,1,2,A,-,11,21954,A,N,G,B,D,A,H,-,A,D,0,Y,,,,Y,,-,"- ",0,1,0,0,1,0,0,0,0,"- ","- ",39.75579833984375,-121.81964111328125,BUTTE,CHICO,-121.81961822509766,39.755764007568359
84434185,2024,2024-10-17,0402,2024-10-16,"942 ",3379,,3,5,5,0402,0,0,0,,0,,"NORD AVE","GLENWOOD AVE",0.00,,Y,C,-,Y,BUT,,32," "," ",6.441,H,,R,N,3,0,1,1,A,-,03,22350,,N,E,I,A,B,H,-,A,D,0,,,,,Y,,A,01,0,1,0,0,0,0,0,0,0,"- ","- ",39.740669250488281,-121.88040161132812,BUTTE,CHICO,-121.88030242919922,39.740791320800781
84436013,2024,2024-10-18,0402,2024-10-02,1115,3345,,3,5,5,0402,0,0,0,,0,002,ESPLANADE,"MEMORIAL WAY",0.00,,Y,A,-,N,,,,,,,,,,N,4,0,1,2,A,-,12,21453,A,N,D,C,A,A,H,-,A,A,0,,,,,Y,,-,"- ",0,0,1,0,0,0,0,0,0,"- ","- ",39.733249664306641,-121.84242248535156,BUTTE,CHICO,-121.84249114990234,39.733253479003906
84441528,2024,2024-10-23,0402,2024-09-26,2002,3352,,4,5,5,0402,0,0,0,,0,001,"WARNER ST","4TH AVE",0.00,,Y,A,-,N,,,,,,,,,,Y,3,0,1,1,D,-,00,,,F,E,I,A,A,H,-,C,A,0,,,,,Y,,-,"- ",0,1,0,0,0,0,0,0,0,"- ","- ",39.737831115722656,-121.85581207275391,BUTTE,CHICO,-121.85536956787109,39.737808227539062
84441529,2024,2024-10-23,0402,2024-10-16,1655,3352,,3,5,5,0402,0,0,0,,0,003,"EATON RD","ST LAWRENCE AVE",0.00,,Y,A,-,N,,,,,,,,,,Y,3,0,1,2,A,-,09,21801,B,N,B,C,A,A,H,-,A,A,0,,,,Y,Y,,F,76,0,1,0,0,0,0,0,0,0,"- ","- ",39.769931793212891,-121.81175231933594,BUTTE,CHICO,-121.81180572509766,39.769939422607422
84441530,2024,2024-10-23,0402,2024-10-16,1845,3346,,3,5,5,0402,0,0,0,,0,003,"MARIPOSA AVE","MANZANITA AVE",0.00,,Y,A,-,N,,,,,,,,,,Y,3,0,2,2,A,-,12,22450,A,N,A,C,A,A,H,-,B,A,0,,,,,Y,,A,01,0,1,1,0,0,0,0,0,0,"- ","- ",39.753208160400391,-121.82453918457031,BUTTE,CHICO,-121.82445526123047,39.753154754638672
84443419,2024,2024-10-24,0402,2024-10-13,1039,3369,,7,5,5,0402,0,0,0,,0,004,"NOTRE DAME BLVD",SKYWAY,0.00,,Y,A,-,N,,,,,,,,,,Y,4,0,1,2,A,-,12,21453,A,N,D,C,A,A,H,-,A,A,0,,,,Y,Y,,A,01,0,0,1,0,0,0,0,0,0,"- ","- ",39.714981079101562,-121.79569244384766,BUTTE,CHICO,-121.79529571533203,39.714912414550781
8444567,2017,2018-07-06,0402,2017-08-25,1508,P03303,,5,5,5,0402,0,0,0,,0,,"WEST 8TH ST","IVY ST",0.00,,Y,A,-,Y,BUT,3,32,-,R,9.171,I,5,W,Y,4,0,2,3,A,-,12,22450,A,N,D,C,A,A,H,-,A,A,0,,,,Y,Y,,D,22,0,0,2,0,0,0,0,0,0,"- ","- ",,,BUTTE,CHICO,-121.84125837000001,39.722458150000001
84446525,2024,2024-10-28,0402,2024-09-04,1428,3366,,3,5,5,0402,0,0,0,,0,,"1705 MANZANITA AVENUE","MANZANITA AVENUE",1162.00,S,N,A,-,N,,,,,,,,,,N,2,0,1,2,B,-,22,,,N,G,B,F,A,H,-,A,D,0,Y,,,,Y,,M,59,1,0,0,0,1,0,0,0,0,"- ","- ",,,BUTTE,CHICO,,
84446526,2024,2024-10-28,0402,2024-09-26,1324,3379,,4,5,5,0402,0,0,0,,0,002,"8TH ST","HWY 99 SB OFFRAMP",0.00,,Y,A,-,Y,BUT,,32," "," ",10.155,H,,L,N,3,0,1,2,A,-,11,21950,B,N,G,B,B,A,H,-,A,A,0,Y,,,,Y,,D,22,0,1,0,0,1,0,0,0,0,"- ","- ",39.736461639404297,-121.82054138183594,BUTTE,CHICO,-121.82052612304688,39.736446380615234
8444674,2017,2017-08-31,0402,2017-08-27,0129,P02757,,7,5,5,0402,0,0,0,,0,004,"SPRINGFIELD DR","FOREST AV",15.00,W,N,A,-,N,,,,,,,,,,Y,3,0,1,1,A,-,01,23140,A,N,F,I,A,A,H,-,D,D,0,,,,,Y,Y,A,01,0,1,0,0,0,0,0,0,0,"- ","- ",,,BUTTE,CHICO,-121.80211749,39.73479124
8444688,2017,2017-08-31,0405,2017-07-21,1303,WAL02,7S,5,5,4,0405,0,0,0,,0,00S,"PEARSON RD","CLARK RD",83.00,E,N,A,-,N,,,,,,,,,,N,2,0,1,2,A,-,09,21804,A,N,D,G,A,A,H,-,A,D,0,,Y,,,Y,,L,04,1,0,0,0,0,0,1,0,0,"- ","- ",39.752270000000003,-121.60777,BUTTE,PARADISE,-121.60746474,39.752249999999997
8445057,2017,2017-09-15,0404,2017-06-30,1720,651,E,5,5,3,0404,0,0,0,,0,00E,"ORANGE AV","WASHINGTON AV",0.00,,Y,A,-,N,,,,,,,,,,N,4,0,1,2,A,-,03,22350,,N,C,C,A,A,-,-,A,D,0,,,,,Y,,-,,0,0,1,0,0,0,0,0,0,"- ","- ",39.514800000000001,-121.54778,BUTTE,OROVILLE,-121.54747999999999,39.514589989999997
84453407,2024,2024-11-01,0402,2024-10-30,1614,3373,,3,5,5,0402,0,0,0,,0,001,"HENSHAW AVE","CUSSICK AVE",0.00,,Y,B,-,N,,,,,,,,,,Y,3,0,1,3,A,-,01,23152,B,N,C,E,A,A,H,-,A,A,0,,,,,Y,Y,A,01,0,1,0,0,0,0,0,0,0,"- ","- ",39.7540283203125,-121.8736572265625,BUTTE,CHICO,-121.87361145019531,39.753997802734375
84455656,2024,2024-11-04,0402,2024-10-28,"856 ",3379,,1,5,5,0402,0,0,0,,0,002,"MANGROVE AVE","VALLOMBROSA AVE",553.00,N,N,A,-,N,,,,,,,,,,Y,3,0,1,2,A,-,09,21804,A,N,D,C,A,A,H,-,A,D,0,,,Y,,Y,,A,01,0,1,0,0,0,0,0,0,1,"- ","- ",39.733951568603516,-121.83561706542969,BUTTE,CHICO,-121.83567810058594,39.735504150390625
84455965,2024,2024-11-04,0402,2024-10-21,"609 ",3329,,1,5,5,0402,0,0,0,,0,,ESPLANADE,"9TH AVE",0.00,,Y,A,-,N,,,,,,,,,,N,2,0,1,2,D,-,00,,,N,D,G,A,A,D,E,C,A,0,,Y,,,Y,,-,"- ",1,0,0,0,0,0,1,0,0,"- ","- ",39.746269226074219,-121.85182952880859,BUTTE,CHICO,-121.85188293457031,39.7462158203125
84455966,2024,2024-11-04,0402,2024-10-25,1455,3343,,5,5,5,0402,0,0,0,,0,002,"VALLOMBROSA AVE","MANGROVE AVE",262.00,W,N,A,-,N,,,,,,,,,,N,4,0,1,2,A,-,09,21804,A,N,B,G,A,A,H,-,A,D,0,,Y,,,Y,,D,22,0,0,1,0,0,0,1,0,0,"- ","- ",39.733951568603516,-121.83561706542969,BUTTE,CHICO,-121.83645629882812,39.733745574951172
8445777,2017,2018-07-06,0402,2017-08-20,1527,P01250,,7,5,5,0402,0,0,0,,0,004,"RT 32","FOREST AV",0.00,E,N,A,-,Y,BUT,3,32,-,-,11.020,H,-,E,N,3,0,1,2,A,-,05,21650,1,N,B,G,A,A,H,-,A,A,0,,Y,,,Y,,L,04,0,1,0,0,0,0,1,0,0,"- ","- ",39.442100000000003,-121.4816,BUTTE,CHICO,-121.80430090999999,39.739532099999998
84457858,2024,2024-11-05,0402,2024-11-01,"543 ",33103,,5,5,5,0402,0,0,0,,0,001,"LINDO AVE","LAWNWOOD DR",712.00,W,N,A,-,N,,,,,,,,,,Y,2,0,1,1,A,-,07,21658,A,N,E,I,A,A,H,-,D,D,0,,,,,Y,,A,01,1,0,0,0,0,0,0,0,0,"- ","- ",39.747051239013672,-121.87068176269531,BUTTE,CHICO,-121.87287902832031,39.746196746826172
84459555,2024,2024-11-07,0402,2024-10-29,1141,3379,,2,5,5,0402,0,0,0,,0,001,"NORD AVE","8TH AVE",1540.00,S,N,A,-,Y,BUT,,32," "," ",7.085,H,,R,N,2,0,1,2,A,-,03,22350,,F,C,G,A,A,H,-,A,D,0,,Y,,,Y,,A,01,1,0,0,0,0,0,1,0,0,"- ","- ",39.736049652099609,-121.86965942382812,BUTTE,CHICO,-121.86956024169922,39.736198425292969
84462976,2024,2024-11-08,0402,2024-10-23,1300,33S20,,3,5,5,0402,0,0,0,,0,003,"EAST AVE","COHASSET RD",370.00,E,N,A,-,N,,,,,,,,,,N,4,0,2,2,A,-,09,21804,A,N,D,C,A,A,H,-,A,D,0,,,,,Y,,A,01,0,0,2,0,0,0,0,0,0,"- ","- ",39.760860443115234,-121.84346008300781,BUTTE,CHICO,-121.84215545654297,39.760902404785156
84462979,2024,2024-11-08,0402,2024-10-31,"847 ",3345,,4,5,5,0402,0,0,0,,0,002,"14TH ST","NORMAL AVE",0.00,,Y,B,-,N,,,,,,,,,,N,4,0,2,2,A,-,12,22450,A,N,D,C,A,A,H,-,A,A,0,,,,,Y,,-,"- ",0,0,2,0,0,0,0,0,0,"- ","- ",39.719528198242188,-121.83235931396484,BUTTE,CHICO,-121.83235168457031,39.719539642333984