CASE_ID,ACCIDENT_YEAR,PROC_DATE,JURIS,COLLISION_DATE,COLLISION_TIME,OFFICER_ID,REPORTING_DISTRICT,DAY_OF_WEEK,CHP_SHIFT,POPULATION,CNTY_CITY_LOC,SPECIAL_COND,BEAT_TYPE,CHP_BEAT_TYPE,CITY_DIVISION_LAPD,CHP_BEAT_CLASS,BEAT_NUMBER,PRIMARY_RD,SECONDARY_RD,DISTANCE,DIRECTION,INTERSECTION,WEATHER_1,WEATHER_2,STATE_HWY_IND,CALTRANS_COUNTY,CALTRANS_DISTRICT,STATE_ROUTE,ROUTE_SUFFIX,POSTMILE_PREFIX,POSTMILE,LOCATION_TYPE,RAMP_INTERSECTION,SIDE_OF_HWY,TOW_AWAY,COLLISION_SEVERITY,NUMBER_KILLED,NUMBER_INJURED,PARTY_COUNT,PRIMARY_COLL_FACTOR,PCF_CODE_OF_VIOL,PCF_VIOL_CATEGORY,PCF_VIOLATION,PCF_VIOL_SUBSECTION,HIT_AND_RUN,TYPE_OF_COLLISION,MVIW,PED_ACTION,ROAD_SURFACE,ROAD_COND_1,ROAD_COND_2,LIGHTING,CONTROL_DEVICE,CHP_ROAD_TYPE,PEDESTRIAN_ACCIDENT,BICYCLE_ACCIDENT,MOTORCYCLE_ACCIDENT,TRUCK_ACCIDENT,NOT_PRIVATE_PROPERTY,ALCOHOL_INVOLVED,STWD_VEHTYPE_AT_FAULT,CHP_VEHTYPE_AT_FAULT,COUNT_SEVERE_INJ,COUNT_VISIBLE_INJ,COUNT_COMPLAINT_PAIN,COUNT_PED_KILLED,COUNT_PED_INJURED,COUNT_BICYCLIST_KILLED,COUNT_BICYCLIST_INJURED,COUNT_MC_KILLED,COUNT_MC_INJURED,PRIMARY_RAMP,SECONDARY_RAMP,LATITUDE,LONGITUDE,COUNTY,CITY,POINT_X,POINT_Y
8831039,2019,2019-03-29,0402,2019-03-14,1256,101,CHICO,4,5,5,0402,0,0,0,,0,005,"EAST AV","HAMPTON LN",0.00,,Y,A,-,N,,,,,,,,,,N,4,0,1,2,A,-,09,21804,A,N,D,C,A,A,H,-,A,A,0,,,,,Y,,-,,0,0,1,0,0,0,0,0,0,"- ","- ",,,BUTTE,CHICO,-121.83570861816406,39.760959625244141
8831061,2019,2019-04-08,0404,2019-03-01,1336,651,E,5,5,3,0404,0,0,0,,0,00E,"OLIVE HWY","LOWER WYANDOTTE",0.00,,Y,A,B,N,,,162,,,,,,,N,4,0,1,2,A,-,07,21658,,N,H,C,A,A,A,-,A,A,0,,,,,Y,,A,01,0,0,1,0,0,0,0,0,0,"- ","- ",39.501361846923828,-121.53677368164062,BUTTE,OROVILLE,-121.53668212890625,39.501564025878906
8831065,2019,2019-04-08,0404,2019-03-01,1530,651,TH,5,5,3,0404,0,0,0,,0,0TH,"NELSON AV","TABLE MOUNTAIN BL",0.00,,Y,A,B,N,,,,,,,,,,Y,3,0,2,3,A,-,03,22350,,N,C,C,A,A,H,-,A,D,0,,,,,Y,,A,01,0,2,0,0,0,0,0,0,0,"- ","- ",39.52294921875,-121.56133270263672,BUTTE,OROVILLE,-121.55873870849609,39.524150848388672
8834496,2019,2019-04-16,0402,2019-04-03,2201,P03283,,3,5,5,0402,0,0,0,,0,,"W 8TH ST","SALEM ST",0.00,,Y,A,-,N,,,,,,,,,,N,4,0,1,2,A,-,09,21802,A,N,D,G,A,A,H,-,C,A,0,,Y,,,Y,,D,22,0,0,1,0,0,0,1,0,0,"- ","- ",,,BUTTE,CHICO,-121.837537,39.724913999999998
8834576,2019,2019-04-15,0402,2019-03-15,1250,2920,,5,5,5,0402,0,0,0,,0,001,"E LINDO AV","E 9TH AV",93.00,N,N,A,-,N,,,,,,,,,,N,2,0,1,2,D,-,00,,,F,G,B,E,A,H,-,A,D,0,Y,,,,Y,,-,"- ",1,0,0,0,1,0,0,0,0,"- ","- ",,,BUTTE,CHICO,-121.84297180175781,39.750133514404297
8835007,2019,2019-05-01,0404,2019-03-15,0831,672,W,5,5,3,0404,0,0,0,,0,00W,"LINCOLN ST","MITCHELL AV",0.00,,Y,A,-,N,,,,,,,,,,N,4,0,1,2,A,-,09,21804,,F,D,C,A,A,H,-,A,A,0,,,,,Y,,-,,0,0,1,0,0,0,0,0,0,"- ","- ",39.506290435791016,-121.55355072021484,BUTTE,OROVILLE,-121.55355072021484,39.506130218505859
8835559,2019,2019-04-12,0402,2019-03-25,1605,101,CHICO,1,5,5,0402,0,0,0,,0,002,"MAIN ST","4TH ST",0.00,,Y,B,-,N,,,,,,,,,,Y,4,0,1,2,A,-,12,21453,A,N,D,C,A,A,H,-,A,A,0,,,,,Y,,-,,0,0,1,0,0,0,0,0,0,"- ","- ",,,BUTTE,CHICO,-121.83879852294922,39.728958129882812
8835847,2019,2019-04-09,0402,2019-03-24,2339,P03272,103,7,5,5,0402,0,0,0,,0,006,"SACRAMENTO NORTHERN RR BRIDGE",ESPLANADE,50.00,E,N,A,-,N,,,,,,,,,,N,3,0,1,2,A,-,03,22350,,F,G,B,F,A,H,-,D,D,0,Y,,Y,,Y,Y,C,02,0,1,0,0,1,0,0,0,0,"- ","- ",,,BUTTE,CHICO,,
8835851,2019,2019-04-10,0402,2019-03-27,1519,103,,3,5,5,0402,0,0,0,,0,003,"E 1ST ST","FLUME ST",0.00,,Y,B,-,N,,,,,,,,,,N,3,0,1,2,A,-,07,21658,A,N,D,G,A,A,H,-,A,D,0,,Y,,,Y,,-,,0,1,0,0,0,0,1,0,0,"- ","- ",39.731731414794922,-121.83888244628906,BUTTE,CHICO,-121.838376,39.731585000000003
8835855,2019,2019-04-09,0402,2019-03-29,1459,P01277,,5,5,5,0402,0,0,0,,0,,"MANGROVE AV","E 3RD AV",0.00,,Y,A,-,N,,,,,,,,,,Y,4,0,1,3,A,-,12,21453,A,N,D,C,A,A,H,-,A,A,0,,,,,Y,,A,01,0,0,1,0,0,0,0,0,0,"- ","- ",39.743301391601562,-121.83940124511719,BUTTE,CHICO,-121.83934020996094,39.743328094482422
8835859,2019,2019-04-09,0402,2019-03-27,1030,P02892,12,3,5,5,0402,0,0,0,,0,002,"WALNUT ST","WEST 7TH ST",0.00,,Y,C,-,N,,,,,,,,,,Y,4,0,1,2,A,-,09,21801,A,N,D,C,A,B,H,-,A,A,0,,,,,Y,,A,01,0,0,1,0,0,0,0,0,0,"- ","- ",,,BUTTE,CHICO,-121.845806,39.720641000000001
8836084,2019,2019-04-11,0402,2019-02-15,1400,P04045,47,5,5,5,0402,0,0,0,,0,003,"15TH ST","PARK AV",0.00,,Y,A,-,N,,,,,,,,,,N,4,0,1,2,A,-,10,21950,,F,A,B,D,A,H,-,A,D,0,Y,,,,Y,,A,01,0,0,1,0,1,0,0,0,0,"- ","- ",39.722328186035156,-121.82804107666016,BUTTE,CHICO,-121.82820129394531,39.722019195556641
8836945,2019,2019-04-17,0402,2019-03-18,0008,P02897,57,1,5,5,0402,0,0,0,,0,003,"HUMBOLDT AV","WAL ST",113.00,E,N,A,-,N,,,,,,,,,,Y,3,0,1,3,A,-,01,23153,A,N,F,E,A,A,H,-,C,D,0,,,,,Y,Y,A,01,0,1,0,0,0,0,0,0,0,"- ","- ",,,BUTTE,CHICO,-121.83309936523438,39.725799560546875
8837270,2019,2019-05-22,0402,2019-04-23,1646,81,BCCH,2,5,5,0402,0,0,0,,0,006,"E 3RD AV","MANGROVE AV",0.00,W,N,A,-,N,,,,,,,,,,Y,3,0,1,2,A,-,03,22350,,N,E,E,A,A,H,-,A,A,0,,,,,Y,,A,01,0,1,0,0,0,0,0,0,0,"- ","- ",39.743068695068359,-121.83984375,BUTTE,CHICO,-121.83934020996094,39.743328094482422
8837437,2019,2019-05-07,0405,2019-02-28,0000,BER01,5S,4,5,4,0405,0,0,0,,0,00S,"OAKWOOD DR",SKYWAY,0.00,,Y,A,-,N,,,,,,,,,,N,4,0,2,2,A,-,03,22350,,N,C,C,A,A,H,-,A,D,0,,,,,Y,,J,48,0,0,2,0,0,0,0,0,0,"- ","- ",39.753021240234375,-121.62941741943359,BUTTE,PARADISE,-121.62941741943359,39.753021240234375
8837828,2019,2019-04-23,0404,2019-02-26,1804,686,TH,2,5,3,0404,0,0,0,,0,0TH,"TABLE MOUNTAIN BL","TABLE MOUNTAIN BL 82",0.00,,N,C,-,N,,,,,,,,,,N,2,0,1,2,A,-,11,21950,B,N,G,B,D,B,H,-,C,A,0,Y,,,,Y,,-,,1,0,0,0,1,0,0,0,0,"- ","- ",39.521011352539062,-121.554443359375,BUTTE,OROVILLE,-121.554346,39.520994999999999
8839221,2019,2019-04-19,0404,2019-03-06,1249,672,W,3,5,3,0404,0,0,0,,0,00W,"FEATHER RIVER BL","CAL OAK RD",631.00,N,N,B,C,N,,,,,,,,,,Y,4,0,1,3,A,-,00,20001,B,F,C,C,A,B,H,-,A,D,0,,,,,Y,,D,22,0,0,1,0,0,0,0,0,0,"- ","- ",39.494590759277344,-121.57243347167969,BUTTE,OROVILLE,-121.57234191894531,39.494434356689453
8839484,2019,2019-04-18,0404,2019-03-14,1332,631,E,4,5,3,0404,0,0,0,,0,00E,"LINCOLN BL","WYANDOTTE AV",0.00,,Y,A,-,N,,,,,,,,,,N,3,0,2,2,A,-,10,21950,A,N,G,B,B,A,H,-,A,D,0,Y,,,,Y,,A,01,0,2,0,0,1,0,0,0,0,"- ","- ",39.500331878662109,-121.55085754394531,BUTTE,OROVILLE,-121.55091857910156,39.500308990478516
8839646,2019,2019-04-17,0402,2019-04-05,1426,P00724,BCCH,5,5,5,0402,0,0,0,,0,005,"EAST 1ST AV","NEAL DOW AV",0.00,,Y,A,-,N,,,,,,,,,,Y,4,0,1,2,A,-,12,21453,A,N,D,C,A,A,H,-,A,A,0,,,,,Y,,-,,0,0,1,0,0,0,0,0,0,"- ","- ",,,BUTTE,CHICO,-121.82985687255859,39.746658325195312
8839647,2019,2019-04-22,0402,2019-03-30,1336,P01277,,6,5,5,0402,0,0,0,,0,006,"MANGROVE AV","E 9TH AV",0.00,,Y,A,-,N,,,,,,,,,,Y,3,0,1,2,A,-,01,23152,A,N,A,C,A,A,H,-,A,A,0,,,,Y,Y,Y,A,07,0,1,0,0,0,0,0,0,0,"- ","- ",39.749500274658203,-121.84380340576172,BUTTE,CHICO,-121.84388732910156,39.749649047851562
8842683,2019,2019-05-22,0402,2019-03-29,2342,3172,,5,5,5,0402,0,0,0,,0,002,"NORD AV","W 1ST ST",0.00,N,N,A,-,Y,BUT,3,32,-,R,8.340,H,-,W,Y,2,0,1,2,A,-,11,21950,B,N,G,B,D,A,H,-,C,D,0,Y,,,,Y,Y,N,60,1,0,0,0,1,0,0,0,0,"- ","- ",,,BUTTE,CHICO,-121.85073852539062,39.725181579589844
8845364,2019,2019-04-30,0404,2019-03-22,1409,647,W,5,5,3,0404,0,0,0,,0,00W,"OROVILLE DAM BL EAST","ORO DAM BL",270.00,S,N,C,-,N,,,,,,,,,,Y,3,0,1,2,A,-,09,21801,A,N,D,C,A,B,H,-,A,D,0,,,,,Y,,A,01,0,1,0,0,0,0,0,0,0,"- ","- ",39.496829986572266,-121.57167053222656,BUTTE,OROVILLE,,
8846419,2019,2019-10-29,0402,2019-04-15,0803,91,,1,5,5,0402,0,0,0,,0,004,"RT 32","EL MONTE AV",0.00,E,N,B,-,Y,BUT,3,32,-,-,11.330,H,-,W,Y,3,0,1,4,A,-,03,22350,,N,C,C,A,A,H,-,A,A,0,,,,,Y,,A,01,0,1,0,0,0,0,0,0,0,"- ","- ",,,BUTTE,CHICO,-121.7991943359375,39.740509033203125
8847066,2019,2019-06-11,0402,2019-05-01,1101,2920,,3,5,5,0402,0,0,0,,0,002,"WALL ST","E 4TH ST",0.00,,Y,-,-,N,,,,,,,,,,N,3,0,1,2,A,-,05,21650,,N,-,-,A,-,-,-,-,-,0,,Y,,,Y,,A,07,0,1,0,0,0,0,1,0,0,"- ","- ",,,BUTTE,CHICO,-121.83785247802734,39.729598999023438
8847070,2019,2019-10-29,0402,2019-05-10,1935,84,0402,5,5,5,0402,0,0,0,,0,003,"E 8TH ST","FLUME ST",0.00,,Y,A,-,Y,BUT,3,32,-,-,9.219,I,5,W,Y,4,0,1,2,A,-,09,21804,A,N,D,C,A,A,H,-,A,A,0,,,,,Y,Y,A,01,0,0,1,0,0,0,0,0,0,"- ","- ",,,BUTTE,CHICO,-121.83371734619141,39.727542877197266
8847201,2019,2019-05-15,0402,2019-04-21,1452,P00723,91,7,5,5,0402,0,0,0,,0,001,RAILROAD,"8TH AV",0.00,W,N,A,-,N,,,,,,,,,,N,2,0,1,2,B,-,22,,,N,B,J,F,A,H,-,A,A,0,Y,,,,Y,Y,N,60,1,0,0,0,1,0,0,0,0,"- ","- ",39.738399505615234,-121.86940002441406,BUTTE,CHICO,-121.86798858642578,39.73773193359375
8847209,2019,2019-05-15,0402,2019-04-19,2227,P00503,,5,5,5,0402,0,0,0,,0,,"W 3RD ST","HICKORY ST",420.00,W,N,A,-,N,,,,,,,,,,Y,2,0,1,3,A,-,03,22350,,N,C,E,A,A,G,-,C,D,0,,,Y,,Y,,C,02,1,0,0,0,0,0,0,0,1,"- ","- ",39.720798492431641,-121.85279846191406,BUTTE,CHICO,-121.85272216796875,39.720832824707031
8849048,2019,2019-05-09,0404,2019-03-23,1357,672,W,6,5,3,0404,0,0,0,,0,00W,"OROVILLE DAM BL EAST","VEATCH ST",0.00,,Y,A,B,N,,,,,,,,,,Y,3,0,1,5,A,-,09,21804,,N,D,C,A,A,H,-,A,D,0,,,,,Y,,D,22,0,1,0,0,0,0,0,0,0,"- ","- ",39.501838684082031,-121.56189727783203,BUTTE,OROVILLE,-121.56031036376953,39.501388549804688
8849056,2019,2019-05-02,0404,2019-04-07,2500,622,W,7,5,3,0404,0,0,0,,0,00W,"FEATHER RIVER BL","ORO DAM BL",0.00,,Y,A,-,N,,,,,,,,,,N,4,0,2,2,A,-,03,22350,,N,C,C,A,A,H,-,A,D,0,,,,,Y,,-,,0,0,2,0,0,0,0,0,0,"- ","- ",39.496959686279297,-121.57179260253906,BUTTE,OROVILLE,-121.57183999999999,39.498027999999998
8851006,2019,2019-05-06,0402,2019-04-02,1930,1973,,2,5,5,0402,0,0,0,,0,006,ESPLANADE,"EAST AV",0.00,,Y,C,-,N,,,,,,,,,,Y,3,0,1,2,A,-,12,21453,A,N,A,C,A,B,G,-,C,A,0,,,,,Y,,D,22,0,1,0,0,0,0,0,0,0,"- ","- ",,,BUTTE,CHICO,-121.86139678955078,39.756721496582031
8851130,2019,2019-05-06,0402,2019-04-20,1519,51,0402,6,5,5,0402,0,0,0,,0,004,"NOTRE DAME BL","FOREST AV",348.00,S,N,C,-,N,,,,,,,,,,Y,4,0,1,2,A,-,07,21658,A,N,D,C,A,B,H,-,A,D,0,,,,,Y,,A,01,0,0,1,0,0,0,0,0,0,"- ","- ",,,BUTTE,CHICO,-121.79531860351562,39.717124938964844
8851138,2019,2019-05-06,0402,2019-04-04,1227,101,CHICO,4,5,5,0402,0,0,0,,0,004,SKYWAY,"NOTRE DAME BL",0.00,,Y,B,-,N,,,,,,,,,,Y,3,0,2,2,A,-,09,21453,C,N,A,C,A,A,H,-,A,A,0,,,,,Y,,-,,0,1,1,0,0,0,0,0,0,"- ","- ",,,BUTTE,CHICO,-121.79530334472656,39.714908599853516
8851342,2019,2019-05-07,0402,2019-04-27,1339,P01277,82,6,5,5,0402,0,0,0,,0,006,"EAST AV","CONNORS AV",0.00,,Y,A,-,N,,,,,,,,,,N,4,0,1,2,A,-,10,21950,A,M,G,B,B,A,H,-,A,A,0,Y,,,,Y,Y,A,01,0,0,1,0,1,0,0,0,0,"- ","- ",39.759201049804688,-121.85720062255859,BUTTE,CHICO,-121.85711669921875,39.759269714355469
8851346,2019,2019-05-07,0402,2019-04-11,1341,101,CHICO,4,5,5,0402,0,0,0,,0,001,"SACRAMENTO AV","WARNER ST",0.00,,Y,A,-,N,,,,,,,,,,,4,0,1,2,A,-,08,22107,,N,B,G,A,A,H,-,A,A,0,,Y,,,Y,,-,,0,0,1,0,0,0,1,0,0,"- ","- ",,,BUTTE,CHICO,-121.85196685791016,39.733768463134766
8851567,2019,2019-05-03,0404,2019-04-02,0000,622,W,2,5,3,0404,0,0,0,,0,00W,"MITCHELL AV","3RD AV",36.00,E,N,B,C,N,,,,,,,,,,Y,3,0,1,2,A,-,09,21802,A,N,D,C,A,B,H,-,A,D,0,,,,,Y,,A,01,0,1,0,0,0,0,0,0,0,"- ","- ",39.505638122558594,-121.56183624267578,BUTTE,OROVILLE,-121.56171417236328,39.505699157714844
8851571,2019,2019-10-29,0404,2019-04-04,1811,650,W,4,5,3,0404,0,0,0,,0,00W,"RT 162","VEATCH ST",0.00,,N,A,-,Y,BUT,3,162,-,-,16.640,H,-,W,Y,3,0,1,2,A,-,09,21804,A,N,A,C,A,A,H,-,A,A,0,,,,,Y,,A,01,0,1,0,0,0,0,0,0,0,"- ","- ",39.509361267089844,-121.55452728271484,BUTTE,OROVILLE,-121.56101989746094,39.501171112060547
8851578,2019,2019-05-03,0404,2019-03-29,2247,686,W,5,5,3,0404,0,0,0,,0,00W,"ROBINSON ST","ROBINSON ST 720",0.00,,Y,A,-,N,,,,,,,,,,Y,3,0,2,2,A,-,09,21804,A,N,D,C,A,A,H,-,C,A,0,,,,,Y,,-,,0,2,0,0,0,0,0,0,0,"- ","- ",39.508041381835938,-121.56797790527344,BUTTE,OROVILLE,-121.567892,39.507882000000002
8853753,2019,2019-05-20,0402,2019-04-02,2316,P00837,18,2,5,5,0402,0,0,0,,0,001,"W SACRAMENTO AV","NORD AV",51.00,E,N,B,C,N,,,,,,,,,,Y,2,0,1,4,A,-,01,23152,,M,D,E,A,B,F,-,C,D,0,,,,Y,Y,Y,D,22,1,0,0,0,0,0,0,0,0,"- ","- ",,,BUTTE,CHICO,-121.86032104492188,39.731060028076172
8853780,2019,2019-05-13,0402,2019-04-13,1541,P02030,,6,5,5,0402,0,0,0,,0,006,ESPLANADE,"LASSEN AV",0.00,,Y,A,-,N,,,,,,,,,,Y,3,0,1,2,A,-,01,23152,A,F,D,C,A,A,H,-,A,A,0,,,,,Y,,D,22,0,1,0,0,0,0,0,0,0,"- ","- ",,,BUTTE,CHICO,-121.86564636230469,39.761009216308594
8854437,2019,2019-05-17,0404,2019-03-28,0849,672,W,4,5,3,0404,0,0,0,,0,00W,"OROVILLE DAM BL E","FEATHER RIVER BL",14.00,S,N,C,G,N,,,,,,,,,,Y,4,0,1,4,A,-,03,22350,,N,C,C,A,B,H,-,A,D,0,,,,,Y,,D,22,0,0,1,0,0,0,0,0,0,"- ","- ",39.497699737548828,-121.56900024414062,BUTTE,OROVILLE,-121.57183837890625,39.498039245605469
8854484,2019,2019-05-29,0404,2019-04-17,1053,685,SS,3,5,3,0404,0,0,0,,0,0SS,MYERS,"WYANDOTTE AV",2.00,N,N,A,-,N,,,,,,,,,,N,3,0,1,2,A,-,08,22107,,N,A,C,A,A,H,-,A,A,0,,,,,Y,,A,07,0,1,0,0,0,0,0,0,0,"- ","- ",39.500461578369141,-121.54839324951172,BUTTE,OROVILLE,-121.54837799072266,39.500354766845703
8854488,2019,2019-05-14,0404,2019-04-22,1610,557,W,1,5,3,0404,0,0,0,,0,00W,"MONTGOMERY ST","MYERS ST",0.00,,Y,A,-,N,,,,,,,,,,Y,4,0,2,2,A,-,12,22450,,N,D,C,A,A,H,-,A,A,0,,,,,Y,,A,01,0,0,2,0,0,0,0,0,0,"- ","- ",39.50885009765625,-121.55136108398438,BUTTE,OROVILLE,-121.55554962158203,39.514068603515625
8854496,2019,2019-10-29,0404,2019-04-09,1246,557,E,2,5,3,0404,0,0,0,,0,00E,"OLIVE HWY","OROVILLE MEDICAL CENTER DR",438.00,N,N,A,-,Y,BUT,3,162,-,-,17.746,H,-,W,Y,2,0,2,2,A,-,09,21804,,N,H,E,A,A,H,-,A,A,0,,,,,Y,,A,07,1,0,1,0,0,0,0,0,0,"- ","- ",38.508491516113281,-121.54232788085938,BUTTE,OROVILLE,-121.54281616210938,39.504970550537109
8854512,2019,2019-05-14,0404,2019-04-03,1407,651,,3,5,3,0404,0,0,0,,0,00W,"GEORGIA PACIFIC WY","FEATHER RIVER BL",0.00,,Y,A,B,N,,,,,,,,,,N,4,0,1,2,A,-,09,21802,,N,D,C,A,A,H,-,A,A,0,,,,,Y,,A,01,0,0,1,0,0,0,0,0,0,"- ","- ",39.477409362792969,-121.57486724853516,BUTTE,OROVILLE,-121.57478332519531,39.477401733398438
8854833,2019,2019-05-24,0402,2019-03-05,1000,"68 800",X,2,5,5,0402,0,0,0,,0,001,"WARNER ST","2ND AV",0.00,,Y,C,-,N,,,,,,,,,,N,2,0,1,2,D,-,00,,,N,D,B,A,B,H,-,A,D,0,,,Y,,Y,,-,"- ",1,0,0,0,0,0,0,0,1,"- ","- ",,,BUTTE,CHICO,-121.85424041748047,39.736228942871094
8854958,2019,2019-05-09,0405,2019-02-14,1609,RAM02,10S,4,5,4,0405,0,0,0,,0,00S,"NEAL RD","RIVENDELL LN",22.00,N,N,A,-,N,,,,,,,,,,Y,3,0,1,2,A,-,01,23153,,N,C,C,A,A,H,-,A,D,0,,,,,Y,Y,D,22,0,1,0,0,0,0,0,0,0,"- ","- ",39.729888916015625,-121.65277862548828,BUTTE,PARADISE,-121.65273284912109,39.729976654052734
8855371,2019,2019-05-10,0405,2019-01-31,1605,BER01,12S,4,5,4,0405,0,0,0,,0,00S,"S LIBBY RD","PEARSON RD",0.00,,Y,A,-,N,,,,,,,,,,Y,2,0,3,1,A,-,05,21650,,N,A,I,A,A,H,-,A,D,0,,,,,Y,,-,,1,0,2,0,0,0,0,0,0,"- ","- ",39.748580932617188,-121.59375762939453,BUTTE,PARADISE,-121.59371948242188,39.749359130859375
8855379,2019,2019-05-10,0405,2019-01-15,0910,WAL03,2N,2,5,4,0405,0,0,0,,0,00N,SKYWAY,"KEMEN LN",0.00,,Y,C,-,N,,,,,,,,,,N,4,0,1,2,A,-,03,22350,,N,C,C,A,B,H,-,A,D,0,,,,,Y,,-,,0,0,1,0,0,0,0,0,0,"- ","- ",39.777629852294922,-121.60629272460938,BUTTE,PARADISE,-121.60482788085938,39.779140472412109
8859347,2019,2019-05-22,0402,2019-05-04,1056,P00837,57,6,5,5,0402,0,0,0,,0,004,"RT 99","E 8TH ST",20.00,S,N,A,-,N,,,,,,,,,,N,4,0,2,2,A,-,03,22350,,N,C,C,A,A,H,-,A,A,0,,,,,Y,,A,01,0,0,2,0,0,0,0,0,0,"- ","- ",,,BUTTE,CHICO,-121.83651733398438,39.725578308105469
8862280,2019,2019-05-28,0402,2019-05-10,1747,,0402,5,5,5,0402,0,0,0,,0,003,"CYPRESS ST","HUMBOLDT AV",0.00,,Y,A,-,N,,,,,,,,,,Y,4,0,1,2,A,-,09,21802,A,N,D,C,A,A,H,-,A,A,0,,,,,Y,,-,,0,0,1,0,0,0,0,0,0,"- ","- ",,,BUTTE,CHICO,-121.82772827148438,39.727790832519531
8862284,2019,2019-06-05,0402,2019-05-10,0751,510724,0402,5,5,5,0402,0,0,0,,0,002,"SALEM ST","W 9TH ST",0.00,,Y,A,-,N,,,,,,,,,,,4,0,1,2,A,-,08,22107,,N,A,G,A,A,H,-,A,A,0,,Y,,,Y,,-,,0,0,1,0,0,0,1,0,0,"- ","- ",39.724201202392578,-121.83599853515625,BUTTE,CHICO,-121.83681799999999,39.724268000000002
8862288,2019,2019-06-18,0402,2019-05-07,1134,2920,,2,5,5,0402,0,0,0,,0,004,"NOTRE DAME",SKYWAY,0.00,,Y,A,-,N,,,,,,,,,,N,4,0,1,2,A,-,12,21453,A,N,D,G,A,A,H,-,A,A,0,,Y,,,Y,,L,04,0,0,1,0,0,0,1,0,0,"- ","- ",,,BUTTE,CHICO,-121.79530334472656,39.714908599853516
8862804,2019,2019-05-29,0405,2019-04-18,1552,NIC02,4N,4,5,4,0405,0,0,0,,0,00N,"PENTZ RD","MEADOWBROOK WY",0.00,,Y,A,-,N,,,,,,,,,,Y,2,0,1,1,A,-,05,21650,,N,E,J,A,A,H,-,A,D,0,,,,,Y,,A,07,1,0,0,0,0,0,0,0,0,"- ","- ",,,BUTTE,PARADISE,-121.57959747314453,39.773368835449219
8863676,2019,2019-05-30,0405,2019-04-25,1519,NIC02,7S,4,5,4,0405,0,0,0,,0,00S,"NUNNELEY RD","CLARK RD",0.00,,Y,A,-,N,,,,,,,,,,Y,4,0,1,2,A,-,09,21801,A,N,A,C,A,A,H,-,A,A,0,,,,,Y,,D,22,0,0,1,0,0,0,0,0,0,"- ","- ",39.755889892578125,-121.60740661621094,BUTTE,PARADISE,-121.607421875,39.755889892578125
8864490,2019,2019-06-03,0404,2019-04-23,1533,651,W,2,5,3,0404,0,0,0,,0,00W,"MYERS ST","MITCHELL AV",0.00,,Y,A,-,N,,,,,,,,,,Y,3,0,2,3,A,-,00,21451,,N,A,C,A,A,H,-,A,A,0,,,,,Y,,A,01,0,1,1,0,0,0,0,0,0,"- ","- ",39.506828308105469,-121.55126953125,BUTTE,OROVILLE,-121.55124664306641,39.506858825683594
8864494,2019,2019-06-03,0404,2019-04-22,1130,651,W,1,5,3,0404,0,0,0,,0,00W,"OROVILLE DAM BL EAST","5TH AV",0.00,,Y,A,-,N,,,,,,,,,,Y,4,0,1,2,A,-,03,22350,,N,C,C,A,A,H,-,A,A,0,,,,,Y,,-,,0,0,1,0,0,0,0,0,0,"- ","- ",39.444881439208984,-121.43123626708984,BUTTE,OROVILLE,-121.56513214111328,39.499778747558594
8864498,2019,2019-06-11,0404,2019-04-03,0802,651,W,3,5,3,0404,0,0,0,,0,00W,"HIGH ST","LINCOLN ST",0.00,,Y,A,B,N,,,,,,,,,,Y,3,0,2,2,A,-,09,21802,,N,D,C,A,A,H,-,A,D,0,,,,,Y,,A,01,0,2,0,0,0,0,0,0,0,"- ","- ",39.510780334472656,-121.55628204345703,BUTTE,OROVILLE,-121.55628204345703,39.510780334472656
8864502,2019,2019-06-03,0404,2019-04-15,0503,686,W,1,5,3,0404,0,0,0,,0,00W,"OROVILLE DAM BL EAST","5TH AV",420.00,W,N,A,-,N,,,162,,,,,,,N,2,0,1,2,A,-,11,21950,B,N,G,B,D,A,H,-,C,A,0,Y,,,,Y,,N,60,1,0,0,0,1,0,0,0,0,"- ","- ",39.499759674072266,-121.56522369384766,BUTTE,OROVILLE,-121.56521606445312,39.499759674072266
8864508,2019,2019-06-03,0404,2019-05-01,1342,651,W,3,5,3,0404,0,0,0,,0,00W,"WASHINGTON AV","MITCHELL AV",0.00,,Y,A,-,N,,,,,,,,,,N,4,0,1,2,A,-,08,22100,B,N,B,C,A,A,H,-,A,A,0,,,,,Y,,-,,0,0,1,0,0,0,0,0,0,"- ","- ",39.508480072021484,-121.54763793945312,BUTTE,OROVILLE,-121.54714965820312,39.508411407470703
8864589,2019,2019-06-24,0404,2019-03-24,1114,633,W,7,5,3,0404,0,0,0,,0,00W,"OROVILLE DAM BL EAST","OROVILLE DAM BL EAST  1160",0.00,,Y,A,-,N,,,,,,,,,,N,3,0,1,2,C,-,18,,,N,-,B,F,A,H,-,-,-,0,Y,,,,Y,,-,"- ",0,1,0,0,1,0,0,0,0,"- ","- ",39.502590179443359,-121.56124114990234,BUTTE,OROVILLE,-121.56115,39.501123999999997
8867142,2019,2019-07-24,0405,2019-04-12,0600,BER01,,5,5,4,0405,0,0,0,,0,00N,"CLARK RD","CLARK RD 6701",0.00,,Y,A,-,N,,,,,,,,,,N,2,0,1,2,A,-,03,22350,,N,G,B,F,A,H,-,D,D,0,Y,,,,Y,,-,,1,0,0,0,1,0,0,0,0,"- ","- ",39.768119812011719,-121.60471343994141,BUTTE,PARADISE,-121.589974,39.778720999999997