CASE_ID,ACCIDENT_YEAR,PROC_DATE,JURIS,COLLISION_DATE,COLLISION_TIME,OFFICER_ID,REPORTING_DISTRICT,DAY_OF_WEEK,CHP_SHIFT,POPULATION,CNTY_CITY_LOC,SPECIAL_COND,BEAT_TYPE,CHP_BEAT_TYPE,CITY_DIVISION_LAPD,CHP_BEAT_CLASS,BEAT_NUMBER,PRIMARY_RD,SECONDARY_RD,DISTANCE,DIRECTION,INTERSECTION,WEATHER_1,WEATHER_2,STATE_HWY_IND,CALTRANS_COUNTY,CALTRANS_DISTRICT,STATE_ROUTE,ROUTE_SUFFIX,POSTMILE_PREFIX,POSTMILE,LOCATION_TYPE,RAMP_INTERSECTION,SIDE_OF_HWY,TOW_AWAY,COLLISION_SEVERITY,NUMBER_KILLED,NUMBER_INJURED,PARTY_COUNT,PRIMARY_COLL_FACTOR,PCF_CODE_OF_VIOL,PCF_VIOL_CATEGORY,PCF_VIOLATION,PCF_VIOL_SUBSECTION,HIT_AND_RUN,TYPE_OF_COLLISION,MVIW,PED_ACTION,ROAD_SURFACE,ROAD_COND_1,ROAD_COND_2,LIGHTING,CONTROL_DEVICE,CHP_ROAD_TYPE,PEDESTRIAN_ACCIDENT,BICYCLE_ACCIDENT,MOTORCYCLE_ACCIDENT,TRUCK_ACCIDENT,NOT_PRIVATE_PROPERTY,ALCOHOL_INVOLVED,STWD_VEHTYPE_AT_FAULT,CHP_VEHTYPE_AT_FAULT,COUNT_SEVERE_INJ,COUNT_VISIBLE_INJ,COUNT_COMPLAINT_PAIN,COUNT_PED_KILLED,COUNT_PED_INJURED,COUNT_BICYCLIST_KILLED,COUNT_BICYCLIST_INJURED,COUNT_MC_KILLED,COUNT_MC_INJURED,PRIMARY_RAMP,SECONDARY_RAMP,LATITUDE,LONGITUDE,COUNTY,CITY,POINT_X,POINT_Y
8895863,2019,2019-07-16,0404,2019-06-25,1341,651,W,2,5,3,0404,0,0,0,,0,00W,"FEATHER RIVER BL","CAL OAK RD",0.00,,Y,A,-,N,,,,,,,,,,Y,4,0,2,2,A,-,09,21801,,N,D,C,A,A,H,-,A,A,0,,,,,Y,,-,,0,0,2,0,0,0,0,0,0,"- ","- ",39.494960784912109,-121.57235717773438,BUTTE,OROVILLE,-121.57273864746094,39.492729187011719
8895867,2019,2020-01-27,0404,2019-06-25,1627,651,TH,2,5,3,0404,0,0,0,,0,0TH,"20TH ST","RT 162",0.00,,Y,A,-,Y,BUT,3,162,-,-,14.030,I,5,W,Y,3,0,2,2,A,-,09,21802,,N,A,C,A,A,H,-,A,A,0,,,,,Y,,A,01,0,2,0,0,0,0,0,0,0,"- ","- ",39.498058319091797,-121.60917663574219,BUTTE,OROVILLE,-121.60892486572266,39.498050689697266
8896390,2019,2020-09-17,0402,2019-06-30,1454,59,0402,7,5,5,0402,0,0,0,,0,001,"RT 32","SACRAMENTO AV",0.00,,-,A,-,Y,BUT,3,32,-,-,8.100,H,-,W,Y,3,0,1,3,A,-,01,23153,A,N,C,C,A,A,H,-,A,A,0,,,,,Y,Y,A,01,0,1,0,0,0,0,0,0,0,"- ","- ",,,BUTTE,CHICO,-121.85382843017578,39.727775573730469
8896579,2019,2020-03-04,0404,2019-07-13,1436,690,E,6,5,3,0404,0,0,0,,0,00E,"OLIVE HWY","LOWER WYANDOTTE",0.00,,-,A,-,Y,BUT,3,162,-,-,18.030,H,-,W,Y,4,0,1,2,A,-,09,21801,,N,A,D,A,A,H,-,A,D,0,,,,,Y,Y,A,01,0,0,1,0,0,0,0,0,0,"- ","- ",39.502338409423828,-121.53933715820312,BUTTE,OROVILLE,-121.53854370117188,39.502384185791016
8897777,2019,2019-08-13,0402,2019-07-01,0821,59/3183,0402,1,5,5,0402,0,0,0,,0,002,"SALEM ST","W 3RD ST",0.00,,Y,A,-,N,,,,,,,,,,N,3,0,1,2,A,-,09,21802,A,N,G,J,A,A,H,-,A,A,0,,,,,Y,,A,07,0,1,0,0,0,0,0,0,0,"- ","- ",39.728401184082031,-121.84140014648438,BUTTE,CHICO,-121.8414306640625,39.728389739990234
8898636,2019,2019-08-14,0402,2019-07-06,1352,P00837,87,6,5,5,0402,0,0,0,,0,003,"PARK AV","E 16TH ST",0.00,,Y,A,-,N,,,,,,,,,,N,3,0,1,2,A,-,12,21453,A,N,A,G,A,A,H,-,A,A,0,,Y,,,Y,,L,04,0,1,0,0,0,0,1,0,0,"- ","- ",,,BUTTE,CHICO,-121.82717895507812,39.721469879150391
8898824,2019,2019-08-14,0402,2019-06-28,1844,56,,5,5,5,0402,0,0,0,,0,002,"BROADWAY ST","W 3RD ST",18.00,S,N,A,-,N,,,,,,,,,,N,3,0,1,2,A,-,11,21453,D,N,G,B,B,A,H,-,A,A,0,Y,,,,Y,,N,60,0,1,0,0,1,0,0,0,0,"- ","- ",,,BUTTE,CHICO,-121.84043884277344,39.728992462158203
8898828,2019,2019-07-23,0402,2019-06-29,1135,P004697,34,6,5,5,0402,0,0,0,,0,003,"PINE ST","E 3RD ST",0.00,,Y,A,-,N,,,,,,,,,,Y,4,0,1,2,A,-,09,21802,A,N,D,C,A,A,H,-,A,A,0,,,,,Y,,A,01,0,0,1,0,0,0,0,0,0,"- ","- ",,,BUTTE,CHICO,-121.83487701416016,39.732749938964844
8898892,2019,2019-07-22,0402,2019-06-28,1951,3172,CPD,5,5,5,0402,0,0,0,,0,004,"NOTRE DAME BL","SKYWAY RD",55.00,N,N,A,-,N,,,,,,,,,,N,4,0,1,2,A,-,08,22100,A,N,B,C,A,A,H,-,A,A,0,,,,,Y,,-,,0,0,1,0,0,0,0,0,0,"- ","- ",,,BUTTE,CHICO,-121.79530334472656,39.715061187744141
8901124,2019,2020-01-27,0402,2019-07-12,1643,96,,5,5,5,0402,0,0,0,,0,004,"RT 32","BRUCE RD",0.00,,-,A,-,Y,BUT,3,32,-,-,11.730,H,-,W,Y,4,0,1,3,A,-,01,23152,,F,C,C,A,A,H,-,A,A,0,,,,,Y,Y,-,,0,0,1,0,0,0,0,0,0,"- ","- ",39.742900848388672,-121.79149627685547,BUTTE,CHICO,-121.7921142578125,39.741950988769531
8901128,2019,2019-09-03,0402,2019-07-09,1000,91/3135,,2,5,5,0402,0,0,0,,0,005,"CEANOTHUS AV","EATON RD",0.00,,Y,A,-,N,,,,,,,,,,N,4,0,1,2,A,-,21,22106,,M,C,D,A,A,H,-,A,-,0,,,,,Y,,D,22,0,0,1,0,0,0,0,0,0,"- ","- ",,,BUTTE,CHICO,-121.81993103027344,39.769569396972656
8901714,2019,2020-01-27,0402,2019-07-10,2111,89,0402,3,5,5,0402,0,0,0,,0,004,"EAST 20TH ST","RT 99",0.00,,Y,A,-,Y,BUT,3,99,-,R,31.677,R,4,N,Y,3,0,2,2,A,-,01,23152,A,N,D,C,A,A,H,-,C,A,0,,,,,Y,Y,A,07,0,1,1,0,0,0,0,0,0,"- ",NO,,,BUTTE,CHICO,-121.81079864501953,39.728328704833984
8902745,2019,2019-08-01,0402,2019-07-10,0818,P01958,9,3,5,5,0402,0,0,0,,0,002,"IVY ST","9TH ST",0.00,,Y,A,-,N,,,,,,,,,,N,4,0,1,2,A,-,10,21950,A,N,G,B,B,A,H,-,A,A,0,Y,,,,Y,,D,22,0,0,1,0,1,0,0,0,0,"- ","- ",,,BUTTE,CHICO,-121.84053299999999,39.721787999999997
8902757,2019,2019-08-01,0402,2019-07-08,2205,P02452,,1,5,5,0402,0,0,0,,0,003,"19TH ST","C ST",0.00,,Y,A,-,N,,,,,,,,,,N,4,0,1,2,A,-,12,22450,,M,E,I,A,A,H,-,C,D,0,,,,Y,Y,,F,26,0,0,1,0,0,0,0,0,0,"- ","- ",,,BUTTE,CHICO,-121.81887054443359,39.724559783935547
8902770,2019,2019-07-31,0402,2019-04-17,1954,81/3893,BCCH,3,5,5,0402,0,0,0,,0,003,"E 8TH ST","SYCAMORE ST",0.00,,Y,A,-,N,,,,,,,,,,Y,4,0,1,3,A,-,03,22350,,N,E,E,A,A,H,-,C,A,0,,,,,Y,,A,01,0,0,1,0,0,0,0,0,0,"- ","- ",,,BUTTE,CHICO,-121.827342,39.731816000000002
8902811,2019,2019-07-30,0404,2019-07-08,1446,672,E,1,5,3,0404,0,0,0,,0,00E,"OROVILLE DAM BL","WASHINGTON AV",6.00,W,N,A,-,N,,,,,,,,,,N,3,0,1,4,A,-,08,22107,,N,H,C,A,A,H,-,A,A,0,,,,,Y,,A,01,0,1,0,0,0,0,0,0,0,"- ","- ",39.498531341552734,-121.53247833251953,BUTTE,OROVILLE,-121.54568481445312,39.506736755371094
8902815,2019,2019-07-30,0404,2019-07-08,1716,651,TH,1,5,3,0404,0,0,0,,0,0TH,"TABLE MOUNTAIN BL","GRAND AV",0.00,,Y,A,-,N,,,,,,,,,,Y,3,0,2,2,A,-,03,22350,,N,C,C,A,A,H,-,A,A,0,,,,,Y,,A,01,0,1,1,0,0,0,0,0,0,"- ","- ",39.522308349609375,-121.55722808837891,BUTTE,OROVILLE,-121.55538940429688,39.521961212158203
8902819,2019,2019-07-30,0404,2019-07-11,2500,622,TH,4,5,3,0404,0,0,0,,0,0TH,"NELSON AV","FOGG AV",94.00,W,N,A,-,N,,,,,,,,,,N,3,0,1,2,A,-,11,21954,A,N,G,B,D,A,H,-,A,D,0,Y,,,,Y,,N,60,0,1,0,0,1,0,0,0,0,"- ","- ",39.524089813232422,-121.56400299072266,BUTTE,OROVILLE,-121.56428527832031,39.524089813232422
8903026,2019,2019-07-30,0402,2019-07-17,0758,101,,3,5,5,0402,0,0,0,,0,006,"MANGROVE AV","COHASSETT RD",60.00,S,N,A,-,N,,,,,,,,,,Y,3,0,1,2,A,-,08,22107,,N,B,C,A,A,H,-,A,A,0,,,,,Y,,-,,0,1,0,0,0,0,0,0,0,"- ","- ",39.504268646240234,-121.5042724609375,BUTTE,CHICO,-121.84522247314453,39.752071380615234
8906763,2019,2019-08-07,0402,2019-07-09,1715,68,,2,5,5,0402,0,0,0,,0,005,"MANZANITA AV","HOOKER OAK AV",0.00,,Y,A,-,N,,,,,,,,,,N,3,0,2,2,A,-,03,22350,,N,C,C,A,A,H,-,A,D,0,,,,,Y,,-,,0,1,1,0,0,0,0,0,0,"- ","- ",39.759830474853516,-121.79976654052734,BUTTE,CHICO,-121.799752,39.759788999999998
8906828,2019,2019-08-02,0402,2019-06-03,1555,1973,,1,5,5,0402,0,0,0,,0,002,"BROADWAY ST","2ND ST",42.00,N,N,A,-,N,,,,,,,,,,N,4,0,1,2,A,-,08,22107,,N,G,G,A,A,H,-,A,D,0,,Y,,,Y,,L,04,0,0,1,0,0,0,1,0,0,"- ","- ",,,BUTTE,CHICO,-121.84139251708984,39.729820251464844
8910451,2019,2020-01-27,0402,2019-08-06,1530,1240,,2,5,5,0402,0,0,0,,0,002,"RT 32",BROADWAY,8.00,W,N,A,-,Y,BUT,3,32,-,R,9.450,H,-,E,N,3,0,1,2,A,-,06,21750,A,N,H,A,A,A,H,-,A,A,0,,,Y,Y,Y,,C,02,0,1,0,0,0,0,0,0,1,"- ","- ",,,BUTTE,CHICO,-121.83638763427734,39.724613189697266
8910883,2019,2021-06-01,0404,2019-12-24,0248,650,E,2,5,3,0404,0,0,0,,0,00E,"RT 162","FOOTHILL BL",0.00,,Y,A,-,Y,BUT,3,162,-,-,18.310,H,-,W,Y,1,1,0,1,A,-,00,23103,,N,F,J,A,A,H,-,C,D,0,,,,,Y,Y,A,01,0,0,0,0,0,0,0,0,0,"- ","- ",39.501438140869141,-121.53144836425781,BUTTE,OROVILLE,-121.53391265869141,39.500751495361328
8910897,2020,2020-04-03,0402,2020-02-19,1611,P03880,CHICO,3,5,5,0402,0,0,0,,0,004,"FOREST AV","SPRINGFIELD DR",151.00,N,N,A,-,N,,,,,,,,,,Y,1,1,2,4,C,-,18,,,N,A,C,A,A,H,-,A,-,0,,,Y,,Y,,-,"- ",0,0,2,0,0,0,0,1,0,"- ","- ",,,BUTTE,CHICO,-121.80234527587891,39.735164642333984
8911058,2020,2022-06-11,0402,2020-03-26,0116,P00837,,4,5,5,0402,0,0,0,,0,004,SKYWAY,"NOTRE DAME BL",18.00,E,N,A,-,N,,,,,,,,,,Y,1,1,0,1,A,-,03,22350,,N,E,I,A,A,B,-,C,A,0,,,,,Y,Y,A,01,0,0,0,0,0,0,0,0,0,"- ","- ",,,BUTTE,CHICO,-121.79523468017578,39.714912414550781
8911145,2020,2021-11-24,0402,2020-04-09,0459,1767,,4,5,5,0402,0,0,0,,0,002,BROADWAY,"RT 32",0.00,,Y,A,-,Y,BUT,3,32,-,R,9.503,I,5,W,Y,1,1,2,2,A,-,12,21453,A,N,D,C,A,A,H,-,C,A,0,,,,,Y,,A,01,2,0,0,0,0,0,0,0,0,"- ","- ",,,BUTTE,CHICO,-121.83663940429688,39.725612640380859
8911310,2020,2022-06-18,0405,2020-03-12,1250,TAT01,1IS,4,5,4,0405,0,0,0,,0,00S,"CLARK RD","EWALD CT",830.00,S,-,A,-,Y,BUT,3,191,-,-,10.690,H,-,S,Y,1,1,2,2,A,-,05,21650,,N,A,C,A,A,H,-,A,D,0,,,,,Y,,-,,0,0,2,0,0,0,0,0,0,"- ","- ",,,BUTTE,PARADISE,-121.60765075683594,39.741939544677734
8911335,2020,2022-06-18,0404,2020-01-15,2144,01,E,3,5,3,0404,0,0,0,,0,00B,"OLIVE HWY/ RT 162","FOOTHILL BL",63.00,E,N,A,-,Y,BUT,3,162,-,-,18.470,H,-,E,Y,1,1,0,2,A,-,05,21650,,N,G,B,F,A,H,-,D,D,0,Y,,,,Y,,A,01,0,0,0,1,0,0,0,0,0,"- ","- ",39.501438140869141,-121.53144836425781,BUTTE,OROVILLE,-121.53126525878906,39.501544952392578
8911523,2020,2022-06-18,0404,2020-07-21,1832,693,,2,5,3,0404,0,0,0,,0,00U,"TABLE MOUNTAIN BL","RIVERVIEW TER",29.00,N,N,A,-,N,,,,,,,,,,Y,1,1,0,1,A,-,03,22350,,N,E,J,A,A,H,-,A,D,0,,,Y,,Y,,C,02,0,0,0,0,0,0,0,1,0,"- ","- ",,,BUTTE,OROVILLE,-121.55375671386719,39.520683288574219
8911524,2020,2020-09-09,0402,2020-08-06,0733,60/3283,,4,5,5,0402,0,0,0,,0,,"YOSEMITE DR","IDYLLWILD CIR",0.00,,Y,A,-,N,,,,,,,,,,N,1,1,0,2,A,-,11,21954,A,N,G,B,E,A,-,-,B,D,0,Y,,,,Y,,N,60,0,0,0,1,0,0,0,0,0,"- ","- ",,,BUTTE,CHICO,-121.78263854980469,39.7530517578125
8911752,2020,2020-10-29,0402,2020-08-14,2219,P03880,CHICO,5,5,5,0402,0,0,0,,0,004,SKYWAY,"POTTER RD",560.00,W,N,A,-,N,,,,,,,,,,Y,1,1,0,1,A,-,01,23152,A,N,F,A,A,A,H,-,D,D,0,,,Y,,Y,Y,C,02,0,0,0,0,0,0,0,1,0,"- ","- ",,,BUTTE,CHICO,-121.77980041503906,39.713451385498047
8911754,2020,2022-06-11,0402,2020-09-11,2114,P03283,,5,5,5,0402,0,0,0,,0,,"NORD AV","LA LINDA LN",221.00,N,N,A,-,Y,BUT,3,32,-,-,6.700,H,-,E,Y,1,1,0,3,A,-,11,21954,A,F,G,B,E,A,H,-,C,D,0,Y,,,,Y,,N,60,0,0,0,1,0,0,0,0,0,"- ","- ",,,BUTTE,CHICO,-121.87579345703125,39.738857269287109
8911950,2020,2021-01-07,0405,2020-08-09,0214,AKI01,2N,7,5,4,0405,0,0,0,,0,00N,SKYWAY,"COLDREN RD",0.00,,Y,A,-,N,,,,,,,,,,Y,1,1,0,1,A,-,01,23152,G,N,E,I,A,A,H,-,D,D,0,,,Y,,Y,Y,C,02,0,0,0,0,0,0,0,1,0,"- ","- ",39.782451629638672,-121.60146331787109,BUTTE,PARADISE,-121.59153747558594,39.790088653564453
8912665,2019,2019-08-22,0404,2019-07-25,1421,685,W,4,5,3,0404,0,0,0,,0,00W,"CAL OAK RD","FEATHER RIVER BL",492.00,E,N,A,-,N,,,,,,,,,,N,3,0,1,2,A,-,21,22106,,N,H,C,A,A,H,-,A,A,0,,,,,Y,,A,07,0,1,0,0,0,0,0,0,0,"- ","- ",39.491771697998047,-121.57105255126953,BUTTE,OROVILLE,-121.57101440429688,39.492599487304688
8912669,2019,2019-12-09,0404,2019-07-31,1135,651,W,3,5,3,0404,0,0,0,,0,00W,"WASHINGTON AV","RT 162",0.00,,Y,A,-,Y,BUT,3,162,-,-,17.533,I,6,W,N,4,0,1,2,A,-,03,22350,,N,C,C,A,A,H,-,A,A,0,,,,,Y,,A,01,0,0,1,0,0,0,0,0,0,"- ","- ",39.506740570068359,-121.54570007324219,BUTTE,OROVILLE,-121.54594421386719,39.506507873535156
8913403,2019,2020-01-27,0402,2019-07-20,2044,84,0402,6,5,5,0402,0,0,0,,0,002,"W 5TH ST","WALNUT ST",0.00,,Y,A,-,Y,BUT,3,32,-,R,8.621,I,5,W,Y,3,0,2,2,A,-,09,21801,A,N,H,A,A,A,H,-,B,A,0,,,Y,,Y,Y,A,01,0,2,0,0,0,0,0,0,0,"- ","- ",,,BUTTE,CHICO,-121.84729766845703,39.722042083740234
8913407,2019,2020-09-11,0402,2019-07-22,1350,1240,,1,5,5,0402,0,0,0,,0,004,"E 9TH ST","RT 99",0.00,,Y,A,-,Y,BUT,3,99,-,R,32.541,R,4,N,Y,4,0,1,2,A,-,"- ",,,N,-,C,A,A,H,-,A,-,0,,,,,Y,,D,22,0,0,1,0,0,0,0,0,0,"- ",NF,,,BUTTE,CHICO,-121.82121276855469,39.737819671630859
8913415,2019,2020-01-27,0402,2019-07-27,1913,3172,CPD,6,5,5,0402,0,0,0,,0,004,"RT 32","BRUCE RD",0.00,,Y,A,-,Y,BUT,3,32,-,-,11.670,H,-,E,N,3,0,1,1,A,-,03,22350,,N,F,A,A,A,B,-,A,A,0,,,Y,,Y,,C,02,0,1,0,0,0,0,0,0,1,"- ","- ",,,BUTTE,CHICO,-121.79286193847656,39.741790771484375
8913658,2019,2020-01-27,0404,2019-07-24,0000,622,E,3,5,3,0404,0,0,0,,0,00E,"OROVILLE DAM BL","BROWN AV",0.00,,Y,A,-,Y,BUT,3,162,-,-,17.355,I,5,E,N,3,0,1,2,-,-,"- ",,,F,G,B,D,A,H,-,A,D,0,Y,,,,Y,,-,"- ",0,1,0,0,1,0,0,0,0,"- ","- ",,,BUTTE,OROVILLE,-121.54872131347656,39.505069732666016
8914069,2019,2019-08-12,0402,2019-07-18,1401,1240,,4,5,5,0402,0,0,0,,0,005,"EAST AV","COHASSET RD",845.00,W,N,A,-,N,,,,,,,,,,,3,0,1,3,C,-,18,,,N,B,C,A,A,H,-,A,A,0,,,,,Y,,-,"- ",0,1,0,0,0,0,0,0,0,"- ","- ",,,BUTTE,CHICO,-121.84647369384766,39.760818481445312
8914466,2019,2019-08-13,0402,2019-07-14,0905,450501,0402,7,5,5,0402,0,0,0,,0,002,"W 3RD ST","ASH ST",814.00,W,N,A,-,N,,,,,,,,,,Y,4,0,1,2,A,-,05,21650,,N,B,C,A,A,A,-,A,D,0,,,,,Y,,-,"- ",0,0,1,0,0,0,0,0,0,"- ","- ",,,BUTTE,CHICO,-121.85286712646484,39.720767974853516
8917179,2019,2019-08-20,0404,2019-07-19,2129,675,TH,5,5,3,0404,0,0,0,,0,0TH,"FOGG AV","GRAND AV",0.00,,Y,A,-,N,,,,,,,,,,Y,3,0,2,2,A,-,09,21802,A,N,A,C,A,A,H,-,C,A,0,,,,,Y,,A,01,0,1,1,0,0,0,0,0,0,"- ","- ",39.518581390380859,-121.56400299072266,BUTTE,OROVILLE,-121.56398773193359,39.518569946289062
8917187,2019,2019-09-25,0404,2019-07-12,1019,685,E,5,5,3,0404,0,0,0,,0,00E,"ORANGE AV","ACACIA AV",15.00,W,N,A,-,N,,,,,,,,,,N,4,0,1,2,A,-,03,22350,,N,C,C,A,A,H,-,A,A,0,,,,,Y,,-,,0,0,1,0,0,0,0,0,0,"- ","- ",39.517910003662109,-121.53468322753906,BUTTE,OROVILLE,-121.53445434570312,39.517902374267578
8917896,2019,2019-08-22,0402,2019-07-30,1340,101,CHICO,2,5,5,0402,0,0,0,,0,003,"PARK AV","14TH ST",19.00,S,N,A,-,N,,,,,,,,,,Y,2,0,1,2,A,-,21,22106,,N,C,C,A,A,H,-,A,A,0,,,Y,,Y,,A,01,1,0,0,0,0,0,0,0,1,"- ","- ",39.722518920898438,-121.82901763916016,BUTTE,CHICO,-121.82909393310547,39.722530364990234
8918336,2019,2019-09-17,0404,2019-08-01,1628,685,TH,4,5,3,0404,0,0,0,,0,0TH,"CHALLENGER AV","LARKEN AV",3100.00,S,N,A,-,N,,,,,,,,,,Y,3,0,2,2,A,-,05,21651,,N,B,C,A,A,H,-,A,A,0,,,,,Y,Y,A,01,0,1,1,0,0,0,0,0,0,"- ","- ",39.496109008789062,-121.60917663574219,BUTTE,OROVILLE,-121.60916137695312,39.496101379394531
8918477,2019,2019-08-22,0402,2019-06-27,1448,1973,,4,5,5,0402,0,0,0,,0,002,"8TH ST","CHESTNUT ST",0.00,,Y,B,-,N,,,,,,,,,,Y,2,0,1,2,A,-,03,22350,,N,D,C,A,A,H,-,A,A,0,,,Y,,Y,,C,02,1,0,0,0,0,0,0,0,1,"- ","- ",,,BUTTE,CHICO,-121.839371,39.723739999999999
8927321,2019,2019-09-19,0402,2019-07-31,2147,1973,,3,5,5,0402,0,0,0,,0,003,"E 9TH ST","WILLOW ST",292.00,W,N,A,-,N,,,,,,,,,,Y,4,0,1,2,-,-,"- ",,,N,H,H,A,A,H,-,C,D,0,,,Y,,Y,,-,"- ",0,0,1,0,0,0,0,0,1,"- ","- ",,,BUTTE,CHICO,-121.82405853271484,39.732730865478516
8927433,2019,2019-08-30,0402,2019-08-09,0712,101,,5,5,5,0402,0,0,0,,0,004,"FOREST AV","SPRINGFIELD DR",0.00,,Y,A,-,N,,,,,,,,,,Y,3,0,1,2,A,-,09,21801,A,N,A,C,A,A,H,-,A,A,0,,,,,Y,,D,22,0,1,0,0,0,0,0,0,0,"- ","- ",39.730010986328125,-121.80130767822266,BUTTE,CHICO,-121.80207061767578,39.734809875488281
8927437,2019,2019-09-20,0402,2019-08-02,2054,56/0883,,5,5,5,0402,0,0,0,,0,004,"FOREST AV","E 20TH ST",462.00,S,N,A,-,N,,,,,,,,,,Y,2,0,1,1,A,-,05,21650,,N,A,I,A,A,H,-,C,D,0,,,,,Y,,A,07,1,0,0,0,0,0,0,0,0,"- ","- ",,,BUTTE,CHICO,-121.80149841308594,39.72601318359375
8928545,2019,2019-09-18,0402,2019-08-17,0944,P00837,47,6,5,5,0402,0,0,0,,0,006,ESPLANADE,"EATON RD",263.00,N,N,A,-,N,,,,,,,,,,N,4,0,1,2,A,-,08,22102,,N,D,C,A,A,H,-,A,D,0,,,,,Y,,A,01,0,0,1,0,0,0,0,0,0,"- ","- ",,,BUTTE,CHICO,-121.87750244140625,39.772842407226562
8928553,2019,2019-09-18,0402,2019-08-13,1109,51,0402,2,5,5,0402,0,0,0,,0,002,"W 7TH ST","ORANGE ST",0.00,,Y,A,-,N,,,,,,,,,,N,3,0,1,2,A,-,12,22450,A,N,D,G,A,A,H,-,A,D,0,,Y,,,Y,,L,04,0,1,0,0,0,0,1,0,0,"- ","- ",,,BUTTE,CHICO,-121.84391021728516,39.721920013427734
8928564,2019,2019-09-18,0402,2019-08-06,0946,94,,2,5,5,0402,0,0,0,,0,002,ESPLANADE,"WEST 1ST AV",0.00,,Y,A,-,N,,,,,,,,,,Y,3,0,3,2,A,-,12,21453,A,N,D,C,A,A,H,-,A,A,0,,,,,Y,,A,01,0,1,2,0,0,0,0,0,0,"- ","- ",,,BUTTE,CHICO,-121.84587097167969,39.737720489501953
8932168,2019,2019-09-20,0402,2019-08-23,1805,97,,5,5,5,0402,0,0,0,,0,003,"ORIENT ST","5TH ST",21.00,S,N,A,-,N,,,,,,,,,,Y,3,0,2,2,A,-,12,22450,A,N,D,C,A,A,H,-,A,D,0,,,,,Y,,A,01,0,2,0,0,0,0,0,0,0,"- ","- ",,,BUTTE,CHICO,-121.83515930175781,39.730106353759766
8932181,2019,2019-09-18,0404,2019-08-02,1441,685,,5,5,3,0404,0,0,0,,0,00W,"OLIVE HWY","FAY WY",240.00,E,N,A,-,N,,,,,,,,,,Y,3,0,1,2,A,-,03,22350,,N,C,C,A,A,H,-,A,A,0,,,,,Y,,-,,0,1,0,0,0,0,0,0,0,"- ","- ",39.513038635253906,-121.54718780517578,BUTTE,OROVILLE,-121.54367065429688,39.505500793457031
8932188,2019,2020-01-27,0402,2019-08-17,0007,94,,6,5,5,0402,0,0,0,,0,002,"W 8TH ST","IVY ST",0.00,,Y,A,-,Y,BUT,3,32,-,R,9.170,I,5,W,Y,3,0,1,2,A,-,12,21453,A,N,D,C,A,A,H,-,C,A,0,,,,,Y,,D,22,0,1,0,0,0,0,0,0,0,"- ","- ",,,BUTTE,CHICO,-121.84125518798828,39.722457885742188
8932196,2019,2019-10-03,0402,2019-08-28,1056,P00503,82,3,5,5,0402,0,0,0,,0,006,"W EAST AV","ALAMO AV",148.00,W,N,A,-,N,,,,,,,,,,N,4,0,1,2,A,-,04,21703,,N,B,C,A,A,H,-,A,D,0,,,,Y,Y,,F,26,0,0,1,0,0,0,0,0,0,"- ","- ",,,BUTTE,CHICO,-121.87532806396484,39.748424530029297
8932203,2019,2020-09-17,0404,2019-08-12,1515,651,W,1,5,3,0404,0,0,0,,0,00W,"RT 162","5TH AV",0.00,,Y,A,-,Y,BUT,3,162,-,-,16.490,H,-,W,Y,3,0,2,3,A,-,03,22350,,N,C,C,A,A,H,-,A,A,0,,,,,Y,,D,73,0,1,1,0,0,0,0,0,0,"- ","- ",39.478260040283203,-121.54974365234375,BUTTE,OROVILLE,-121.56361389160156,39.500289916992188
8932352,2019,2019-10-01,0402,2019-08-30,1056,46,,5,5,5,0402,0,0,0,,0,006,ESPLANADE,"WHITE AV",0.00,,Y,A,-,N,,,,,,,,,,Y,4,0,1,4,A,-,09,21804,A,N,D,B,F,A,H,-,A,A,0,Y,,,,Y,,-,,0,0,1,0,1,0,0,0,0,"- ","- ",,,BUTTE,CHICO,-121.85988616943359,39.7552490234375
8932368,2019,2019-09-19,0402,2019-08-30,1625,3172,,5,5,5,0402,0,0,0,,0,005,"EAST AV","COHASSETT RD",644.00,W,N,A,-,N,,,,,,,,,,N,4,0,1,2,A,-,05,21650,1,N,A,G,A,A,H,-,A,D,0,,Y,,,Y,,L,04,0,0,1,0,0,0,1,0,0,"- ","- ",,,BUTTE,CHICO,-121.84575653076172,39.760837554931641
8932380,2019,2019-09-19,0402,2019-08-06,2143,1973,,2,5,5,0402,0,0,0,,0,003,"C ST","20TH ST",12.00,N,N,A,-,N,,,,,,,,,,Y,3,0,1,1,A,-,03,22350,,N,A,J,A,A,H,-,C,D,0,,,,,Y,,A,07,0,1,0,0,0,0,0,0,0,"- ","- ",,,BUTTE,CHICO,-121.8182373046875,39.723964691162109
8932607,2019,2019-09-16,0404,2019-07-12,1843,685,W,5,5,3,0404,0,0,0,,0,00W,"FEATHER RIVER BL","GEORGIA PACIFIC WY",0.00,,-,A,-,N,,,,,,,,,,Y,3,0,2,2,A,-,09,21802,,N,D,C,A,A,H,-,A,A,0,,,,,Y,,A,01,0,2,0,0,0,0,0,0,0,"- ","- ",39.477409362792969,-121.57486724853516,BUTTE,OROVILLE,-121.57478332519531,39.477401733398438
8932608,2019,2019-09-17,0402,2019-09-01,2115,P01767,11,7,5,5,0402,0,0,0,,0,002,"W 5TH ST","WALNUT ST",35.00,E,N,A,-,N,,,,,,,,,,Y,4,0,1,3,A,-,01,23152,A,N,C,D,A,A,H,-,E,A,0,,,,,Y,Y,A,01,0,0,1,0,0,0,0,0,0,"- ","- ",,,BUTTE,CHICO,-121.84727478027344,39.722053527832031
8932612,2019,2019-09-17,0402,2019-09-03,1717,P04042,87,2,5,5,0402,0,0,0,,0,003,"PARK AV","11TH ST",0.00,,Y,A,-,N,,,,,,,,,,N,4,0,1,2,A,-,03,22350,,N,C,C,A,A,H,-,A,A,0,,,,,Y,,A,01,0,0,1,0,0,0,0,0,0,"- ","- ",,,BUTTE,CHICO,-121.8323974609375,39.724361419677734