CASE_ID,ACCIDENT_YEAR,PROC_DATE,JURIS,COLLISION_DATE,COLLISION_TIME,OFFICER_ID,REPORTING_DISTRICT,DAY_OF_WEEK,CHP_SHIFT,POPULATION,CNTY_CITY_LOC,SPECIAL_COND,BEAT_TYPE,CHP_BEAT_TYPE,CITY_DIVISION_LAPD,CHP_BEAT_CLASS,BEAT_NUMBER,PRIMARY_RD,SECONDARY_RD,DISTANCE,DIRECTION,INTERSECTION,WEATHER_1,WEATHER_2,STATE_HWY_IND,CALTRANS_COUNTY,CALTRANS_DISTRICT,STATE_ROUTE,ROUTE_SUFFIX,POSTMILE_PREFIX,POSTMILE,LOCATION_TYPE,RAMP_INTERSECTION,SIDE_OF_HWY,TOW_AWAY,COLLISION_SEVERITY,NUMBER_KILLED,NUMBER_INJURED,PARTY_COUNT,PRIMARY_COLL_FACTOR,PCF_CODE_OF_VIOL,PCF_VIOL_CATEGORY,PCF_VIOLATION,PCF_VIOL_SUBSECTION,HIT_AND_RUN,TYPE_OF_COLLISION,MVIW,PED_ACTION,ROAD_SURFACE,ROAD_COND_1,ROAD_COND_2,LIGHTING,CONTROL_DEVICE,CHP_ROAD_TYPE,PEDESTRIAN_ACCIDENT,BICYCLE_ACCIDENT,MOTORCYCLE_ACCIDENT,TRUCK_ACCIDENT,NOT_PRIVATE_PROPERTY,ALCOHOL_INVOLVED,STWD_VEHTYPE_AT_FAULT,CHP_VEHTYPE_AT_FAULT,COUNT_SEVERE_INJ,COUNT_VISIBLE_INJ,COUNT_COMPLAINT_PAIN,COUNT_PED_KILLED,COUNT_PED_INJURED,COUNT_BICYCLIST_KILLED,COUNT_BICYCLIST_INJURED,COUNT_MC_KILLED,COUNT_MC_INJURED,PRIMARY_RAMP,SECONDARY_RAMP,LATITUDE,LONGITUDE,COUNTY,CITY,POINT_X,POINT_Y
9004648,2019,2020-02-12,0402,2019-12-01,0300,P02539,,7,5,5,0402,0,0,0,,0,003,"E 12TH ST","NELSON ST",163.00,W,N,C,-,N,,,,,,,,,,Y,3,0,1,1,A,-,01,23140,A,N,E,I,A,B,H,-,C,A,0,,,,,Y,Y,D,22,0,1,0,0,0,0,0,0,0,"- ","- ",,,BUTTE,CHICO,-121.83051300048828,39.724346160888672
90046989,2015,2015-11-09,9241,2015-10-29,1415,017114,,4,2,9,0400,0,2,4,,2,083,"RIVER RD.",SR-32,1056.00,S,N,A,-,N,,,,,,,,,,Y,4,0,1,1,A,-,08,22107,,N,E,I,A,A,H,-,A,D,0,,,,,Y,,A,01,0,0,1,0,0,0,0,0,0,"- ","- ",39.750830000000001,-121.96946,BUTTE,UNINCORPORATED,-121.96954037,39.750852620000003
90047098,2015,2015-11-09,9241,2015-11-05,1650,018106,,4,2,5,0402,0,1,3,,2,100,"SR-99 S/B","HWY 32",528.00,N,N,A,-,Y,,,,,,,,,,Y,4,0,3,2,A,-,03,22350,,N,C,C,A,A,H,-,C,D,0,,,,,Y,,A,08,0,0,3,0,0,0,0,0,0,"- ","- ",39.823349999999998,-121.73907,BUTTE,CHICO,-121.82150046,39.737739449999999
90047147,2015,2015-11-09,9241,2015-11-06,2100,018106,,5,2,9,0400,0,2,4,,2,090,SKYWAY,"TUSCAN RIDGE",528.00,E,N,A,-,N,,,,,,,,,,Y,4,0,1,2,A,-,08,22107,,N,E,J,A,A,H,-,D,D,0,,,,,Y,,A,01,0,0,1,0,0,0,0,0,0,"- ","- ",39.717889999999997,-121.70401,BUTTE,UNINCORPORATED,-121.70812673,39.716003980000004
90047193,2015,2015-11-09,9241,2015-11-07,1738,018106,,6,2,5,0402,0,3,5,,2,006,"ON-RAMP: SR-99 S/B FROM EATON ROAD","EATON RD.",79.00,S,N,A,-,Y,,,99,,,,R,,S,Y,3,0,1,1,A,-,08,22107,,N,E,I,A,A,H,-,C,A,0,,,,,Y,,A,01,0,1,0,0,0,0,0,0,0,"- ","- ",39.774299999999997,-121.8733,BUTTE,CHICO,-121.8733,39.774299999999997
90047219,2015,2015-11-09,9241,2015-11-08,1520,012300,,7,2,9,0400,0,1,3,,2,081,SR-99,"ESTATES DR",0.00,,Y,B,C,Y,,,99,,,,,,,Y,3,0,2,3,A,-,12,21453,A,N,D,C,A,B,H,-,A,A,0,,,,,Y,,A,01,0,1,1,0,0,0,0,0,0,"- ","- ",39.690330000000003,-121.77396,BUTTE,UNINCORPORATED,-121.77391898,39.690375959999997
90047397,2015,2015-11-09,9241,2015-10-29,2135,019043,,4,2,5,0402,0,1,3,,2,100,"SR-99 S/B","MPM 99 BUT 32.",120.00,S,N,A,-,Y,,,,,,,,,,Y,3,0,6,2,A,-,01,23152,A,N,C,C,A,A,H,-,C,D,0,,,,,Y,Y,A,01,0,1,5,0,0,0,0,0,0,"- ","- ",39.435299999999998,-121.4849,BUTTE,CHICO,,
90047913,2015,2015-11-10,9285,2015-11-09,1020,017393,,1,1,9,0400,0,3,5,,1,008,"FORBESTOWN ROAD","ROBINSON MILL RD",2640.00,E,N,B,-,N,,,,,,,,,,Y,3,0,3,2,A,-,03,22350,,N,D,C,A,B,H,-,A,D,0,,,,,Y,,D,22,0,1,2,0,0,0,0,0,0,"- ","- ",39.501440000000002,-121.31629,BUTTE,UNINCORPORATED,-121.31645584,39.500666359999997
90047983,2015,2015-11-10,9241,2015-11-09,1715,016831,,1,2,5,0402,0,1,3,,2,100,"SR-99 N/B","20TH ST",600.00,N,N,B,C,Y,,,99,,,,,,N,Y,4,0,1,2,A,-,03,22350,,N,C,C,A,B,H,-,D,D,0,,,,,Y,,A,01,0,0,1,0,0,0,0,0,0,"- ","- ",39.728819999999999,-121.81106,BUTTE,CHICO,-121.81113191,39.728765299999999
90048301,2015,2015-11-10,9240,2015-11-07,1000,013276,,6,1,9,0400,0,1,3,,1,011,SR-70,"OPHIR RD",370.00,S,N,A,-,Y,,,70,,,,,,,N,4,0,1,2,A,-,03,22350,,N,C,C,A,A,H,-,A,D,0,,,,,Y,,A,01,0,0,1,0,0,0,0,0,0,"- ","- ",39.4634,-121.57935000000001,BUTTE,UNINCORPORATED,-121.57941688,39.463461459999998
90048310,2015,2015-11-10,9240,2015-11-08,0920,013161,,7,1,9,0400,0,3,5,,2,010,"GRUBBS RD","LAGRONE WAY",500.00,E,N,B,C,N,,,,,,,,,,Y,4,0,1,1,A,-,05,21650,,N,E,I,A,B,H,-,A,D,0,,,,,Y,,D,22,0,0,1,0,0,0,0,0,0,"- ","- ",39.43486,-121.48669,BUTTE,UNINCORPORATED,-121.48887657,39.435151859999998
90049325,2015,2015-11-12,9240,2015-11-05,1445,019710,,4,2,9,0400,0,3,5,,2,020,"RICETON HWY","WEST HAMILTON ROAD",528.00,N,N,A,-,N,,,,,,,,,,Y,4,0,1,1,A,-,08,22107,,N,E,I,A,A,H,-,A,D,0,,,,,Y,,A,01,0,0,1,0,0,0,0,0,0,"- ","- ",39.45194,-121.7595,BUTTE,UNINCORPORATED,-121.72586599,39.451839900000003
90049631,2015,2015-11-12,9240,2015-10-23,1620,018796,,5,2,9,0400,0,1,3,,1,021,"SR-99 S/B","B ST",1320.00,N,N,A,-,Y,,,99,,,,,,S,Y,4,0,1,3,A,-,03,22350,,N,C,C,A,A,H,-,A,D,0,,,,,Y,,E,22,0,0,1,0,0,0,0,0,0,"- ","- ",39.418610000000001,-121.68814,BUTTE,UNINCORPORATED,-121.68811218,39.418610190000003
90050217,2015,2015-11-13,9240,2015-10-29,0200,018980,,4,3,9,0400,0,3,5,,2,010,"LONE TREE RD","KENNETH LN",56.00,N,N,A,-,N,,,,,,,,,,Y,3,0,1,1,A,-,01,23152,E,N,E,I,A,A,H,-,D,D,0,,,,,Y,,A,01,0,1,0,0,0,0,0,0,0,"- ","- ",39.445520000000002,-121.57691,BUTTE,UNINCORPORATED,-121.57687,39.44556377
90051982,2015,2015-12-17,9241,2015-11-07,1350,017170,,6,1,9,0400,0,1,3,,2,081,"SR-99 N/B","NEAL RD",680.00,S,N,A,-,Y,,,99,,,,,,N,Y,4,0,1,2,A,-,03,22350,,N,C,C,A,A,H,-,A,A,0,,,,,Y,,A,01,0,0,1,0,0,0,0,0,0,"- ","- ",39.664670000000001,-121.74214000000001,BUTTE,UNINCORPORATED,-121.74217917999999,39.664617710000002
90052303,2015,2015-11-17,9241,2015-10-31,1340,017114,,6,1,9,0400,0,2,4,,2,085,"DAYTON RD.","MARIAN AVE",1056.00,N,N,A,-,N,,,,,,,,,,N,4,0,1,2,A,-,08,22107,,N,B,C,A,A,H,-,A,D,0,,,,,Y,,A,01,0,0,1,0,0,0,0,0,0,"- ","- ",39.710380000000001,-121.84555,BUTTE,UNINCORPORATED,-121.84548761000001,39.71029712
90052330,2015,2015-11-17,9241,2015-11-01,0043,019060,,7,3,5,0402,0,1,3,,2,100,"SR-99 S/B",SKYWAY,600.00,N,N,A,-,Y,,,99,,,,,,S,N,4,0,1,2,A,-,08,22107,,M,B,C,A,A,H,-,C,D,0,,,,,Y,,A,01,0,0,1,0,0,0,0,0,0,"- ","- ",39.7194,-121.80439,BUTTE,CHICO,-121.80437216,39.719414010000001
90052360,2015,2015-11-17,9241,2015-11-01,0426,019060,,7,3,9,0400,0,2,4,,2,090,SKYWAY,"CLIFFHANGER LANE",200.00,E,N,A,-,N,,,,,,,,,,Y,3,0,1,1,A,-,08,22107,,N,E,I,A,A,H,-,D,D,0,,,,,Y,,A,01,0,1,0,0,0,0,0,0,0,"- ","- ",39.740780000000001,-121.66481,BUTTE,UNINCORPORATED,-121.66820404000001,39.738671029999999
90052373,2015,2015-11-17,9241,2015-11-02,0900,016609,,1,1,5,0402,0,1,3,,2,100,"SR-99 S/B FROM COHASSET RD","COHASSET RD OVERCROSSING",202.00,N,N,C,-,Y,,,99,,,,R,,S,Y,2,0,1,3,A,-,08,22107,,N,E,C,A,B,H,-,A,D,0,,,,Y,Y,,A,01,1,0,0,0,0,0,0,0,0,"- ","- ",39.754100000000001,-121.84554,BUTTE,CHICO,-121.84554,39.754100000000001
90052445,2015,2015-11-17,9241,2015-11-09,1245,015529,,1,1,9,0400,0,1,3,,2,081,"SR-99 N/B","SOUTHGATE AVE",0.00,,N,B,C,Y,,,99,,,,,,N,Y,4,0,1,2,A,-,03,22350,,N,C,C,A,B,H,-,A,A,0,,,,,Y,,A,01,0,0,1,0,0,0,0,0,0,"- ","- ",39.701360000000001,-121.78534000000001,BUTTE,UNINCORPORATED,-121.78555591999999,39.701123969999998
90053430,2015,2015-11-18,9241,2015-11-05,0920,017114,,4,1,9,0400,0,3,5,,2,006,"WILSON LANDING RD.","MERIDIAN RD.",916.00,E,N,B,-,N,,,,,,,,,,Y,4,0,1,1,A,-,08,22107,,N,E,I,A,A,H,-,A,D,0,,,,,Y,,A,01,0,0,1,0,0,0,0,0,0,"- ","- ",39.796810000000001,-121.91567000000001,BUTTE,UNINCORPORATED,-121.91604921,39.796843170000002
90053496,2015,2015-11-18,9240,2015-11-01,1200,015532,,7,1,9,0400,0,3,5,,2,010,"FORBESTOWN RD","LUMPKIN RD",1180.00,W,N,B,F,N,,,,,,,,,,Y,4,0,3,2,A,-,03,22350,,N,A,C,A,B,H,-,A,D,0,,,,,Y,,D,22,0,0,3,0,0,0,0,0,0,"- ","- ",39.504719999999999,-121.36024,BUTTE,UNINCORPORATED,-121.3604753,39.504937300000002
90053591,2015,2015-11-18,9240,2015-11-09,1800,018389,,1,2,9,0400,0,1,3,,2,034,SR-149,"SHIPPEE RD",6.00,S,N,C,-,Y,,,149,,,,,,,Y,2,0,1,1,A,-,03,22350,,N,E,I,A,B,H,-,C,D,0,,,,,Y,,A,01,1,0,0,0,0,0,0,0,0,"- ","- ",39.601059999999997,-121.66236000000001,BUTTE,UNINCORPORATED,-121.66228975,39.601214120000002
90053798,2015,2015-12-08,9241,2015-10-27,0222,012300,,2,3,9,0400,0,1,3,,2,093,"STATE ROUTE 191 (CLARK RD.)","AIRPORT RD.",7920.00,S,N,B,-,Y,,,191,,,,,,,Y,1,1,0,1,A,-,03,22350,,N,E,I,A,A,H,-,D,A,0,,,,,Y,,A,01,0,0,0,0,0,0,0,0,0,"- ","- ",39.711309999999997,-121.61235000000001,BUTTE,UNINCORPORATED,-121.61242089,39.711295110000002
90054876,2015,2015-11-19,9240,2015-11-13,1745,019710,,5,2,9,0400,0,1,3,,1,011,"STATE HIGHWAY 70","OAKWOOD LN",141.00,N,N,A,-,Y,,,70,,,,,,,Y,4,0,1,2,A,-,01,23152,E,N,C,C,A,A,H,-,D,D,0,,,,,Y,,A,01,0,0,1,0,0,0,0,0,0,"- ","- ",39.427379999999999,-121.60513,BUTTE,UNINCORPORATED,-121.60515624999999,39.427379940000002
90057425,2015,2015-11-23,9240,2015-11-19,1930,018967,,4,2,9,0400,0,3,5,,2,020,"COLUSA HWY","PENNINGTON RD",7920.00,W,N,A,-,N,,,,,,,,,,N,3,0,2,1,C,-,18,,,N,E,I,A,A,H,-,D,D,0,,,,,Y,,-,"- ",0,1,1,0,0,0,0,0,0,"- ","- ",39.363790000000002,-121.83126,BUTTE,UNINCORPORATED,-121.82685691,39.362222510000002
90057531,2015,2015-11-23,9241,2015-11-20,0855,018540,,5,1,5,0402,0,1,3,,2,100,"SR-99 S/B","E. FIRST AVE",750.00,S,N,A,-,Y,,,99,,,,,,S,Y,4,0,1,2,A,-,07,21658,A,N,A,I,A,A,H,-,A,D,0,,,,,Y,,A,01,0,0,1,0,0,0,0,0,0,"- ","- ",39.741520000000001,-121.82698000000001,BUTTE,CHICO,-121.82685653,39.74168675
90057994,2015,2015-11-23,9240,2015-11-16,1355,016044,,1,1,9,0400,0,3,5,,2,010,"LA PORTE RD","BLACK BART ROAD",6336.00,N,N,A,-,Y,,,,,,,,,,Y,4,0,1,2,A,-,09,21801,A,N,D,C,A,A,H,-,A,D,0,,,,,Y,,D,22,0,0,1,0,0,0,0,0,0,"- ","- ",39.492240000000002,-120.37385,BUTTE,UNINCORPORATED,,
90058315,2015,2015-11-24,9240,2015-11-14,1740,018389,,6,2,9,0400,0,3,5,,2,030,"GRAND AVE.","6TH ST.",7.00,W,N,A,-,N,,,,,,,,,,Y,4,0,2,2,A,-,03,22350,,N,C,C,A,A,H,-,D,D,0,,,,,Y,,A,01,0,0,2,0,0,0,0,0,0,"- ","- ",39.517530000000001,-121.57841000000001,BUTTE,UNINCORPORATED,-121.57841181000001,39.517530829999998
90058460,2015,2015-11-24,9241,2015-11-18,1955,012300,,3,2,9,0400,0,2,4,,2,063,"COHASSET RD","GRINDSTONE PL",1584.00,W,N,A,-,N,,,,,,,,,,Y,4,0,1,2,A,-,09,21804,A,N,B,C,A,A,H,-,D,D,0,,,,,Y,,A,08,0,0,1,0,0,0,0,0,0,"- ","- ",39.826450000000001,-121.84448999999999,BUTTE,UNINCORPORATED,-121.84448999999999,39.831499999999998
90058517,2015,2015-11-24,9240,2015-11-20,1710,014788,,5,2,9,0400,0,1,3,,1,021,"STATE ROUTE 99 (SR-99) N/B","NELSON SHIPPEE RD",50.00,S,N,A,-,Y,,,99,,,,,,N,Y,3,0,2,2,A,-,08,22100,B,N,D,C,A,A,H,-,B,D,0,,,,,Y,,A,07,0,1,1,0,0,0,0,0,0,"- ","- ",39.5379,-121.68868000000001,BUTTE,UNINCORPORATED,-121.68874637,39.537899959999997
90058663,2015,2015-11-24,9240,2015-10-14,0650,018396,,3,1,9,0400,0,3,5,,2,020,"AFTON RD","WICKMAN RD",6864.00,W,N,A,-,N,,,,,,,,,,Y,2,0,1,1,A,-,08,22107,,N,E,A,A,A,H,-,A,A,0,,,,,Y,,D,22,1,0,0,0,0,0,0,0,0,"- ","- ",39.420780000000001,-121.80812,BUTTE,UNINCORPORATED,-121.80665643,39.420760440000002
90062497,2015,2015-12-01,9241,2015-11-18,0553,016609,,3,3,9,0400,0,1,3,,1,061,"SR-99 N/B","KEEFER RD",35.00,N,N,A,-,Y,,,99,,,,,,N,Y,4,0,1,2,A,-,03,22350,,N,B,C,A,A,H,-,C,D,0,,,,,Y,,D,22,0,0,1,0,0,0,0,0,0,"- ","- ",39.813740000000003,-121.91795,BUTTE,UNINCORPORATED,-121.91799877,39.813699620000001
90062628,2015,2015-12-01,9285,2015-11-24,1115,017393,,2,1,9,0400,0,3,5,,1,008,"FORBESTOWN ROAD","WEISS HILL RD",139.00,W,N,B,-,N,,,,,,,,,,Y,3,0,1,2,A,-,05,21460,A,N,A,C,A,B,H,-,A,D,0,,,,,Y,,A,01,0,1,0,0,0,0,0,0,0,"- ","- ",39.50705,-121.30931,BUTTE,UNINCORPORATED,-121.30928217,39.507095800000002
90063541,2015,2015-12-02,9240,2015-11-18,0700,012511,,3,1,9,0400,0,3,5,,2,020,"RICHVALE HWY","MCRAE ROAD",10560.00,E,N,A,-,N,,,,,,,,,,Y,2,0,1,1,C,-,18,,,N,E,I,A,A,H,-,A,A,0,,,,,Y,,-,"- ",1,0,0,0,0,0,0,0,0,"- ","- ",39.493189999999998,-121.80089,BUTTE,UNINCORPORATED,-121.80127317,39.493104860000003
90064152,2015,2015-12-02,9240,2015-11-28,0730,013161,,6,1,9,0400,0,3,5,,2,030,"BLUE OAK CT","OAK HILL DR",95.00,E,N,A,-,N,,,,,,,,,,Y,2,0,1,1,A,-,13,22515,,N,H,A,A,A,H,-,A,D,0,,,,,Y,,D,22,1,0,0,0,0,0,0,0,0,"- ","- ",39.5274,-121.47501,BUTTE,UNINCORPORATED,-121.47497833,39.52735448
90065637,2015,2015-12-04,9240,2015-10-05,1010,015532,,1,1,9,0400,0,1,3,,1,011,SR-70,"JULIE ANN CT",90.00,N,N,A,-,Y,,,70,,,,,,,Y,1,1,1,2,A,-,08,22107,,N,A,C,A,A,H,-,A,D,0,,,,Y,Y,,A,01,0,0,1,0,0,0,0,0,0,"- ","- ",39.40428,-121.60483000000001,BUTTE,UNINCORPORATED,-121.60486031000001,39.404279969999997
90067679,2015,2015-12-08,9241,2015-12-03,0600,018540,,4,1,9,0400,0,2,4,,2,094,"PENTZ RD","CANYON RANCH DR.",1056.00,S,N,B,-,N,,,,,,,,,,Y,4,0,1,1,A,-,08,22107,,N,E,I,A,A,H,-,D,D,0,,,,,Y,,A,07,0,0,1,0,0,0,0,0,0,"- ","- ",39.71461,-121.57684,BUTTE,UNINCORPORATED,,
90067976,2015,2015-12-08,9241,2015-11-30,0925,016609,,1,1,9,0400,0,3,5,,2,008,"W SACRAMENTO AVENUE","GRAPE WAY",4.00,W,N,B,-,N,,,,,,,,,,Y,3,0,1,1,A,-,08,22107,,N,E,I,A,A,H,-,A,D,0,,,,,Y,,A,01,0,1,0,0,0,0,0,0,0,"- ","- ",39.7151,-121.88939999999999,BUTTE,UNINCORPORATED,-121.90084218,39.73034432
90068070,2015,2015-12-08,9241,2015-12-06,1230,016609,,7,1,5,0402,0,1,3,,2,100,"SR-99 S/B","COHASSET RD",10.00,N,N,B,C,Y,,,99,,,,,,S,Y,3,0,1,2,A,-,08,22107,,N,D,C,A,B,H,-,A,D,0,,,,,Y,,D,22,0,1,0,0,0,0,0,0,0,"- ","- ",39.754100000000001,-121.84554,BUTTE,CHICO,-121.84546646,39.754230739999997
90068176,2015,2015-12-08,9241,2015-12-06,2045,012300,,7,2,9,0400,0,3,5,,2,006,"MERIDIAN RD",SR-99,1056.00,E,N,B,C,N,,,,,,,,,,N,4,0,1,1,A,-,03,22350,,N,E,I,A,B,H,-,D,A,0,,,,,Y,,A,01,0,0,1,0,0,0,0,0,0,"- ","- ",39.823360000000001,-121.91943000000001,BUTTE,UNINCORPORATED,-121.92077263,39.82279647
90068419,2015,2015-12-09,9240,2015-11-16,1625,018578,,1,2,9,0400,0,3,5,,2,010,"MINERS RANCH RD","ORO BANGOR HWY",0.00,,Y,A,-,N,,,,,,,,,,Y,4,0,1,2,A,-,09,21802,A,N,D,C,A,A,H,-,A,A,0,,,,,Y,,A,07,0,0,1,0,0,0,0,0,0,"- ","- ",39.467680000000001,-121.45903,BUTTE,UNINCORPORATED,-121.45907164,39.46769012
90069339,2015,2015-12-10,9240,2015-11-24,1525,018841,,2,2,9,0400,0,3,5,,2,030,"KELLY RIDGE RD","GALAXY AVE",810.00,S,N,A,-,N,,,,,,,,,,N,3,0,1,1,A,-,01,23152,A,N,H,A,A,A,H,-,A,D,0,,,,,Y,Y,D,22,0,1,0,0,0,0,0,0,0,"- ","- ",39.515920000000001,-121.46388,BUTTE,UNINCORPORATED,-121.46407825,39.516638610000001
90069522,2015,2015-12-10,9240,2015-12-06,1418,018967,,7,2,9,0400,0,1,3,,2,041,"SR-162 (OLIVE HIGHWAY)","QUINCY PL",0.00,,Y,B,-,Y,,,162,,,,,,,Y,4,0,2,2,A,-,03,22350,,N,C,C,A,B,H,-,A,D,0,,,,,Y,,A,01,0,0,2,0,0,0,0,0,0,"- ","- ",39.5122,-121.4791,BUTTE,UNINCORPORATED,-121.47910801,39.51218764
90069614,2015,2015-12-10,9240,2015-12-06,1145,013276,,7,1,9,0400,0,3,5,,2,040,"CANYON DR","SHARLO LN",750.00,N,N,B,C,N,,,,,,,,,,Y,3,0,1,1,A,-,03,22350,,N,E,I,A,B,H,-,A,D,0,,,,,Y,,A,01,0,1,0,0,0,0,0,0,0,"- ","- ",39.520510000000002,-121.48556000000001,BUTTE,UNINCORPORATED,-121.48512956,39.521405229999999
90069765,2015,2015-12-10,9240,2015-11-16,0820,016044,,1,1,9,0400,0,1,3,,2,031,"SR 70 N/B","GARDEN DR",1680.00,N,N,A,-,Y,,,,,,,,,,Y,2,0,1,2,C,-,18,,,N,E,I,A,A,H,-,A,D,0,,,,,Y,,-,"- ",1,0,0,0,0,0,0,0,0,"- ","- ",39.51634,-121.46339,BUTTE,UNINCORPORATED,-121.58593096,39.538673250000002
90069904,2015,2015-12-10,9240,2015-11-19,0600,018396,,4,1,9,0400,0,3,5,,2,020,"LARKIN RD","AFTERBAY DR",147.00,N,N,A,-,N,,,,,,,,,,Y,4,0,1,1,A,-,08,22107,,N,E,I,A,A,H,-,D,A,0,,,,,Y,,A,01,0,0,1,0,0,0,0,0,0,"- ","- ",39.476849999999999,-121.62667,BUTTE,UNINCORPORATED,-121.62673886,39.476683559999998
90072186,2015,2015-12-14,9240,2015-11-21,0745,013161,,6,1,9,0400,0,3,5,,2,010,"PALERMO-HONCUT HWY","MIDDLE HONCUT RD",237.00,N,N,A,-,N,,,,,,,,,,Y,1,1,0,2,A,-,06,21750,A,N,D,C,A,A,H,-,A,D,0,,,Y,,Y,,C,02,0,0,0,0,0,0,0,1,0,"- ","- ",39.334510000000002,-121.53702,BUTTE,UNINCORPORATED,-121.53705264,39.334855869999998
90072360,2015,2015-12-14,9240,2015-12-05,0010,018980,,6,3,9,0400,0,1,3,,2,041,SR-162,"ARBOL AVE",337.00,W,N,B,-,Y,,,162,,,,,,,Y,3,0,1,1,A,-,01,23152,A,N,E,I,A,A,H,-,D,D,0,,,,,Y,Y,A,01,0,1,0,0,0,0,0,0,0,"- ","- ",39.505459999999999,-121.51851000000001,BUTTE,UNINCORPORATED,-121.51851216999999,39.505529000000003
90072788,2015,2015-12-14,9241,2015-12-01,1330,016120,,2,1,9,0400,0,1,3,,2,081,"SR-99 N/B","NEAL RD",2640.00,S,N,B,-,Y,,,99,,,,,,N,Y,3,0,1,1,A,-,08,22107,,N,F,A,A,A,H,-,A,D,0,,,,,Y,,A,01,0,1,0,0,0,0,0,0,0,"- ","- ",39.660789999999999,-121.73712,BUTTE,UNINCORPORATED,-121.73715027999999,39.660754269999998
90073280,2015,2015-12-15,9241,2015-12-09,1540,015794,,3,2,9,0400,0,2,4,,2,094,"PENTZ RD",SR-70,72.00,N,N,B,C,N,,,,,,,,,,Y,4,0,1,1,A,-,08,22107,,N,E,I,A,B,H,-,A,D,0,,,,,Y,,A,07,0,0,1,0,0,0,0,0,0,"- ","- ",39.649940000000001,-121.5594,BUTTE,UNINCORPORATED,-121.55965232,39.649952769999999
90075086,2015,2015-12-16,9240,2015-12-07,1620,018876,,1,2,9,0400,0,3,5,,2,010,"LOWER WYANDOTTE RD","LAS PLUMAS AVE",150.00,S,N,A,-,N,,,,,,,,,,N,4,0,1,2,A,-,03,22350,,N,H,A,A,A,H,-,A,D,0,,,,,Y,,A,01,0,0,1,0,0,0,0,0,0,"- ","- ",39.476649999999999,-121.53071,BUTTE,UNINCORPORATED,-121.53057926,39.480078210000002
90075376,2015,2015-12-16,9240,2015-11-30,1424,018578,,1,2,9,0400,0,3,5,,2,010,"OLD OLIVE HWY","FORBESTOWN RD",635.00,W,N,B,-,N,,,,,,,,,,Y,3,0,1,1,A,-,03,22350,,N,E,I,A,B,H,-,A,D,0,,,,,Y,,A,01,0,1,0,0,0,0,0,0,0,"- ","- ",39.501440000000002,-121.43850999999999,BUTTE,UNINCORPORATED,-121.436396,39.503035009999998
90079043,2015,2015-12-21,9240,2015-12-13,1343,012511,,7,1,9,0400,0,1,3,,2,041,"SR-162 E","KAMPONG CT",5.00,E,N,B,-,Y,,,162,,,,,,,Y,4,0,1,2,A,-,03,22350,,N,C,C,A,A,H,-,A,D,0,,,,,Y,,A,01,0,0,1,0,0,0,0,0,0,"- ","- ",39.504330000000003,-121.52284,BUTTE,UNINCORPORATED,-121.52282796999999,39.504286319999999
90079055,2015,2015-12-21,9240,2015-12-11,0655,013161,,5,1,9,0400,0,3,5,,2,010,"FORBESTOWN RD",SR-162,1584.00,S,N,B,-,N,,,,,,,,,,Y,4,0,2,1,A,-,03,22350,,N,E,I,A,B,H,-,B,D,0,,,,,Y,,A,01,0,0,2,0,0,0,0,0,0,"- ","- ",39.514270000000003,-121.43871,BUTTE,UNINCORPORATED,-121.43868851000001,39.51423088
90079197,2015,2015-12-21,9241,2015-12-13,1750,015794,,7,2,9,0400,0,2,4,,2,071,SKYWAY,"MANZANITA ST",10032.00,S,N,B,-,N,,,,,,,,,,Y,4,0,1,2,C,-,18,,,N,A,C,A,B,H,-,D,D,0,,,,,Y,,-,"- ",0,0,1,0,0,0,0,0,0,"- ","- ",39.898260000000001,-121.5506,BUTTE,UNINCORPORATED,-121.55071584,39.898241249999998
90079530,2015,2015-12-21,9241,2015-12-15,0725,015529,,2,1,9,0400,0,2,4,,2,070,SKYWAY,"COUTOLENC RD",1056.00,N,N,A,-,N,,,,,,,,,,Y,3,0,1,1,A,-,03,22350,,N,E,I,A,C,H,-,A,D,0,,,,,Y,,A,01,0,1,0,0,0,0,0,0,0,"- ","- ",39.815620000000003,-121.58073,BUTTE,UNINCORPORATED,-121.58024652,39.893047950000003
90079576,2015,2015-12-21,9241,2015-12-18,1715,018181,,5,2,9,0400,0,1,3,,2,100,"SR-99 N/B","EAST 20TH STREET",1056.00,N,N,B,C,Y,,,,,,,,,,Y,4,0,6,2,A,-,03,22350,,N,C,C,A,B,H,-,D,D,0,,,,,Y,,D,22,0,0,6,0,0,0,0,0,0,"- ","- ",39.730589999999999,-121.81247999999999,BUTTE,UNINCORPORATED,-121.81102694,39.728608059999999
90080085,2015,2015-12-22,9241,2015-12-20,1925,015794,,7,2,9,0400,0,3,5,,2,008,"HEGAN LN","FIMPLE RD",314.00,W,N,B,C,N,,,,,,,,,,Y,4,0,2,1,A,-,03,22350,,N,E,I,A,B,H,-,D,D,0,,,,,Y,,A,07,0,0,2,0,0,0,0,0,0,"- ","- ",39.681939999999997,-121.85248,BUTTE,UNINCORPORATED,-121.85251685,39.681982179999999
90080379,2015,2015-12-22,9241,2015-12-20,1845,012300,,7,2,9,0400,0,1,3,,1,060,SR-32,"PLATT MTN RD",400.00,E,N,B,D,Y,,,32,,,,,,,Y,4,0,1,1,A,-,03,22350,,N,E,I,A,C,H,-,D,D,0,,,,,Y,,A,07,0,0,1,0,0,0,0,0,0,"- ","- ",39.929259999999999,-121.64779,BUTTE,UNINCORPORATED,-121.64779344,39.929260650000003