CASE_ID,ACCIDENT_YEAR,PROC_DATE,JURIS,COLLISION_DATE,COLLISION_TIME,OFFICER_ID,REPORTING_DISTRICT,DAY_OF_WEEK,CHP_SHIFT,POPULATION,CNTY_CITY_LOC,SPECIAL_COND,BEAT_TYPE,CHP_BEAT_TYPE,CITY_DIVISION_LAPD,CHP_BEAT_CLASS,BEAT_NUMBER,PRIMARY_RD,SECONDARY_RD,DISTANCE,DIRECTION,INTERSECTION,WEATHER_1,WEATHER_2,STATE_HWY_IND,CALTRANS_COUNTY,CALTRANS_DISTRICT,STATE_ROUTE,ROUTE_SUFFIX,POSTMILE_PREFIX,POSTMILE,LOCATION_TYPE,RAMP_INTERSECTION,SIDE_OF_HWY,TOW_AWAY,COLLISION_SEVERITY,NUMBER_KILLED,NUMBER_INJURED,PARTY_COUNT,PRIMARY_COLL_FACTOR,PCF_CODE_OF_VIOL,PCF_VIOL_CATEGORY,PCF_VIOLATION,PCF_VIOL_SUBSECTION,HIT_AND_RUN,TYPE_OF_COLLISION,MVIW,PED_ACTION,ROAD_SURFACE,ROAD_COND_1,ROAD_COND_2,LIGHTING,CONTROL_DEVICE,CHP_ROAD_TYPE,PEDESTRIAN_ACCIDENT,BICYCLE_ACCIDENT,MOTORCYCLE_ACCIDENT,TRUCK_ACCIDENT,NOT_PRIVATE_PROPERTY,ALCOHOL_INVOLVED,STWD_VEHTYPE_AT_FAULT,CHP_VEHTYPE_AT_FAULT,COUNT_SEVERE_INJ,COUNT_VISIBLE_INJ,COUNT_COMPLAINT_PAIN,COUNT_PED_KILLED,COUNT_PED_INJURED,COUNT_BICYCLIST_KILLED,COUNT_BICYCLIST_INJURED,COUNT_MC_KILLED,COUNT_MC_INJURED,PRIMARY_RAMP,SECONDARY_RAMP,LATITUDE,LONGITUDE,COUNTY,CITY,POINT_X,POINT_Y
90106606,2016,2016-02-01,9241,2016-01-26,1905,016555,,2,2,5,0402,0,1,3,,2,100,"SR-99 N/B","20TH STREET OVERPASS",1565.00,N,N,B,-,Y,,,99,,,,,,N,Y,4,0,1,3,A,-,03,22350,,N,C,C,A,A,H,-,C,D,0,,,,,Y,,A,08,0,0,1,0,0,0,0,0,0,"- ","- ",39.731079999999999,-121.81297000000001,BUTTE,CHICO,-121.81293465,39.731107489999999
90106645,2016,2016-02-01,9241,2016-01-28,1500,018181,,4,2,5,0402,0,1,3,,2,100,"OFF-RAMP; SR99 N/B TO EAST AV.","EAST AVENUE",60.00,S,N,B,-,Y,,,,,,,,,,N,4,0,1,2,A,-,03,22350,,N,C,C,A,A,H,-,A,D,0,,,,,Y,,A,01,0,0,1,0,0,0,0,0,0,"- ","- ",39.760179999999998,-121.85472,BUTTE,CHICO,,
90106651,2016,2016-02-01,9240,2016-01-21,1715,018833,,4,2,9,0400,0,3,5,,2,030,"GRAND AVENUE","10TH ST",200.00,E,N,B,-,N,,,,,,,,,,N,4,0,1,2,A,-,08,22107,,M,G,B,E,A,H,-,B,D,0,Y,,,,Y,,-,99,0,0,1,0,1,0,0,0,0,"- ","- ",39.514090000000003,-121.58658,BUTTE,UNINCORPORATED,-121.58654462,39.514118779999997
90106929,2016,2016-02-01,9240,2016-01-22,1500,018876,,5,2,9,0400,0,3,5,,2,030,"BARDEES BAR RD.","BIG BEND RD",9504.00,S,N,C,-,N,,,,,,,,,,N,4,0,1,1,A,-,01,23152,,N,F,A,A,B,H,-,A,D,0,,,,,Y,Y,A,07,0,0,1,0,0,0,0,0,0,"- ","- ",39.733829999999998,-121.47996999999999,BUTTE,UNINCORPORATED,-121.48938,39.722160000000002
90108023,2016,2016-02-03,9241,2016-01-31,1355,015529,,7,1,9,0400,0,3,5,,2,007,"COUTOLENC RD","MERCHANTS BAR RD",702.00,N,N,B,-,N,,,,,,,,,,Y,3,0,1,1,A,-,01,23152,A,N,F,A,A,B,H,-,A,D,0,,,,,Y,Y,A,01,0,1,0,0,0,0,0,0,0,"- ","- ",39.837949999999999,-121.57299999999999,BUTTE,UNINCORPORATED,-121.57284994,39.838085069999998
90108032,2016,2016-02-03,9240,2016-01-27,1500,018796,,3,2,9,0400,0,1,3,,1,011,"SR-70 E/B","GEORGIA PACIFIC WAY",78.00,S,N,A,-,Y,,,70,,,,,,E,N,4,0,1,3,A,-,03,22350,,N,C,C,A,A,H,-,A,A,0,,,,,Y,,A,08,0,0,1,0,0,0,0,0,0,"- ","- ",39.476990000000001,-121.57546000000001,BUTTE,UNINCORPORATED,-121.57553516999999,39.476991349999999
90108667,2016,2016-02-03,9241,2016-02-01,0810,015529,,1,1,9,0400,0,2,4,,2,070,SKYWAY,"COUTOLENC RD",528.00,N,N,A,-,N,,,,,,,,,,Y,4,0,1,2,A,-,03,22350,,N,A,C,A,C,H,-,A,D,0,,,,,Y,,D,22,0,0,1,0,0,0,0,0,0,"- ","- ",39.813580000000002,-121.57926999999999,BUTTE,UNINCORPORATED,-121.57850725,39.892538049999999
90111063,2016,2016-02-08,9241,2016-01-29,0155,017319,,5,3,9,0400,0,2,4,,2,083,"RIVER RD.",SR-32,2640.00,S,N,C,-,N,,,,,,,,,,Y,3,0,1,1,A,-,08,22107,,N,E,I,A,B,H,-,D,D,0,,,,,Y,,D,22,0,1,0,0,0,0,0,0,0,"- ","- ",39.749659999999999,-121.96871,BUTTE,UNINCORPORATED,-121.96708129,39.746969280000002
90111649,2016,2016-02-09,9241,2016-02-04,1115,017170,,4,1,9,0400,0,2,4,,2,095,"DURHAM-PENTZ RD","WILLIAMS RD.",10560.00,W,N,A,-,N,,,,,,,,,,Y,4,0,1,1,A,-,08,22107,,N,E,I,A,A,H,-,A,D,0,,,,,Y,,A,01,0,0,1,0,0,0,0,0,0,"- ","- ",39.638590000000001,-121.68237999999999,BUTTE,UNINCORPORATED,-121.69656639999999,39.639268880000003
90111926,2016,2016-02-09,9240,2016-02-07,1700,018578,,7,2,9,0400,0,3,5,,2,020,"LARKIN RD","HASELBUSH LN",300.00,S,N,A,-,N,,,,,,,,,,Y,3,0,1,1,A,-,08,22107,,N,F,A,A,A,H,-,A,D,0,,,Y,,Y,,C,02,0,1,0,0,0,0,0,0,1,"- ","- ",39.446559999999998,-121.65573999999999,BUTTE,UNINCORPORATED,-121.65573555,39.446456210000001
90112184,2016,2016-02-17,9240,2016-01-27,1747,018796,,3,2,9,0400,0,1,3,,1,011,SR-70,"LOWER HONCUT RD",4360.00,S,N,A,-,Y,,,70,,,,,,,Y,1,1,1,3,A,-,05,21650,,N,A,C,A,A,H,-,D,D,0,,,,,Y,,A,01,1,0,0,0,0,0,0,0,0,"- ","- ",39.307740000000003,-121.59545,BUTTE,UNINCORPORATED,-121.59539915000001,39.307742429999998
90113856,2016,2016-02-11,9241,2016-02-05,1220,017170,,5,1,9,0400,0,3,5,,2,007,"COLTER WAY","BRIDGEPORT CIR",23.00,W,N,A,-,N,,,,,,,,,,N,3,0,1,3,A,-,08,22107,,N,E,I,A,A,H,-,A,D,0,,,,,Y,,A,01,0,1,0,0,0,0,0,0,0,"- ","- ",39.836820000000003,-121.60529,BUTTE,UNINCORPORATED,-121.60483600000001,39.840882980000003
90113883,2015,2016-02-11,9241,2015-12-04,1915,016630,9241,5,2,9,0400,0,1,3,,1,060,"STATE ROUTE 32","HUMBOLDT PARK DRIVE",693.00,E,N,A,-,Y,,,32,,,,,,,Y,1,1,0,1,A,-,01,23152,A,N,E,I,A,A,H,-,D,D,0,,,,,Y,Y,A,07,0,0,0,0,0,0,0,0,0,"- ","- ",39.857970000000002,-121.69386,BUTTE,UNINCORPORATED,-121.69388437000001,39.857968290000002
90115874,2016,2016-02-16,9240,2016-02-03,1320,018396,,3,1,9,0400,0,3,5,,2,010,"MINERS RANCH RD","CAROLINE DR",590.00,N,N,A,-,N,,,,,,,,,,Y,2,0,1,1,A,-,08,22107,,N,E,I,A,A,H,-,A,A,0,,,,,Y,,A,01,1,0,0,0,0,0,0,0,0,"- ","- ",39.471809999999998,-121.45905,BUTTE,UNINCORPORATED,-121.45905369,39.471838269999999
90116159,2016,2016-02-16,9241,2016-02-06,2310,017319,,6,3,9,0400,0,1,3,,1,060,SR-32,"GARLAND RD",1584.00,E,N,A,-,Y,,,32,,,,,,,Y,3,0,1,1,A,-,01,23152,A,N,F,I,A,A,H,-,D,D,0,,,,,Y,Y,A,07,0,1,0,0,0,0,0,0,0,"- ","- ",39.9251,-121.64864,BUTTE,UNINCORPORATED,-121.64887852,39.925177359999999
90116206,2016,2016-02-16,9241,2016-02-10,0801,017114,,3,1,9,0400,0,1,3,,2,081,"SR-99 S/B","NEAL RD.",528.00,N,N,A,-,Y,,,99,,,,,,S,Y,3,0,2,2,A,-,03,22350,,N,C,C,A,A,H,-,A,A,0,,,,,Y,,A,01,0,1,1,0,0,0,0,0,0,"- ","- ",39.667140000000003,-121.74571,BUTTE,UNINCORPORATED,-121.74576067,39.667072279999999
90116335,2016,2016-02-16,9241,2016-02-10,1201,016360,,3,1,5,0402,0,1,3,,2,100,"SR-99 S/B FROM COHASSET RD.","COHASSET RD",80.00,W,N,A,-,Y,,,,,,,,,,N,4,0,1,2,A,-,03,22350,,N,C,C,A,A,H,-,A,D,0,,,,,Y,,A,07,0,0,1,0,0,0,0,0,0,"- ","- ",,,BUTTE,CHICO,-121.84537315,39.754185939999999
90116367,2016,2016-02-16,9240,2016-01-26,0119,019085,,2,3,9,0400,0,3,5,,2,020,"DEWSNUP AVE","LITTLE AVE",407.00,S,N,A,-,N,,,,,,,,,,N,3,0,1,2,A,-,08,22107,,N,H,G,A,A,H,-,D,D,0,,Y,,,Y,,J,48,0,1,0,0,0,0,1,0,0,"- ","- ",39.212690000000002,-121.42534000000001,BUTTE,UNINCORPORATED,-121.70893355,39.35452291
90116375,2016,2016-02-16,9241,2016-02-11,1610,019043,,4,2,9,0400,0,1,3,,2,091,SR-99,"SHIPPEE RD",216.00,N,N,A,-,Y,,,99,,,,,,,Y,4,0,1,2,A,-,03,22350,,N,C,C,A,A,H,-,A,D,0,,,,,Y,,A,01,0,0,1,0,0,0,0,0,0,"- ","- ",39.588810000000002,-121.68907,BUTTE,UNINCORPORATED,-121.68899616,39.588816649999998
90116601,2016,2016-02-17,9240,2016-02-06,1235,018046,,6,1,9,0400,0,3,5,,2,010,"OPHIR ROAD","POWER HOUSE HILL RD",0.00,,Y,A,-,N,,,,,,,,,,Y,1,1,0,2,A,-,09,21802,A,N,D,C,A,A,H,-,A,A,0,,,,,Y,,A,01,0,0,0,0,0,0,0,0,0,"- ","- ",39.464030000000001,-121.57692,BUTTE,UNINCORPORATED,-121.57688999,39.464039929999998
90116710,2016,2016-02-17,9241,2016-02-10,1205,017170,,3,1,9,0400,0,2,4,,1,087,"SEVEN MILE LN","GRAINLAND RD",1970.00,S,N,A,-,N,,,,,,,,,,Y,2,0,2,2,A,-,08,22107,,N,B,C,A,A,H,-,A,D,0,,,Y,,Y,,C,02,2,0,0,0,0,0,0,0,2,"- ","- ",39.613810000000001,-121.90964,BUTTE,UNINCORPORATED,-121.90950439,39.603880599999997
90116906,2016,2016-02-17,9241,2016-02-06,0434,019060,,6,3,5,0402,0,1,3,,2,100,"ON-RAMP; SR-99 N/B FROM SKYWAY","SKYWAY O/C",400.00,N,N,A,-,Y,,,99,,,,R,,N,Y,2,0,1,1,A,-,01,23152,A,N,E,I,A,A,H,-,C,D,0,,,,,Y,Y,A,01,1,0,0,0,0,0,0,0,0,"- ","- ",39.716450000000002,-121.80108,BUTTE,CHICO,-121.80108,39.716450000000002
90116980,2016,2016-02-17,9241,2016-02-12,0420,017114,,5,3,9,0400,0,2,4,,2,085,"AQUAS FRIAS  RD.","DUNCAN RD.",528.00,N,N,A,-,N,,,,,,,,,,Y,3,0,1,1,A,-,08,22107,,N,F,A,A,A,H,-,D,D,0,,,,,Y,,D,22,0,1,0,0,0,0,0,0,0,"- ","- ",39.624630000000003,-121.86149,BUTTE,UNINCORPORATED,-121.8613869,39.625226320000003
90117066,2016,2016-02-17,9240,2016-02-06,1824,018796,,6,2,9,0400,0,1,3,,1,021,SR-99,"RIVIERA RD",3095.00,N,N,A,-,Y,,,99,,,,,,,N,2,0,1,2,A,-,05,21650,,N,G,B,E,A,H,-,D,D,0,Y,,,,Y,,A,01,1,0,0,0,1,0,0,0,0,"- ","- ",39.309550000000002,-121.67417,BUTTE,UNINCORPORATED,-121.67425396,39.309520569999997
90118257,2016,2016-02-18,9240,2016-02-07,1726,018796,,7,2,9,0400,0,3,5,,2,020,"AZEVEDO AVE","CHATFIELD AVE",0.00,,Y,A,-,N,,,,,,,,,,N,2,0,1,2,A,-,09,21802,A,N,D,C,A,A,H,-,B,A,0,,,Y,,Y,,C,02,1,0,0,0,0,0,0,0,1,"- ","- ",39.405180000000001,-121.69267000000001,BUTTE,UNINCORPORATED,-121.69267986,39.405229990000002
90119117,2016,2016-02-18,9240,2016-02-10,2030,019085,,3,2,9,0400,0,3,5,,2,010,"CENTRAL HOUSE RD","PALERMO-HONCUT HWY",3696.00,W,N,A,-,N,,,,,,,,,,Y,3,0,2,1,A,-,01,23152,A,N,E,I,A,A,H,-,D,D,0,,,,,Y,Y,A,07,0,2,0,0,0,0,0,0,0,"- ","- ",39.35004,-121.55265,BUTTE,UNINCORPORATED,-121.55131937,39.343510530000003
90119150,2016,2016-02-18,9240,2016-02-11,1320,018396,,4,1,9,0400,0,1,3,,1,011,SR-70,"OPHIR ROAD",51.00,S,N,A,-,Y,,,70,,,,,,,N,4,0,1,2,A,-,21,22106,,N,C,C,A,A,H,-,A,A,0,,,,,Y,,A,01,0,0,1,0,0,0,0,0,0,"- ","- ",39.463799999999999,-121.57901,BUTTE,UNINCORPORATED,-121.57906140999999,39.46384801
90119160,2016,2016-02-18,9240,2016-02-14,1545,018389,,7,2,9,0400,0,3,5,,2,010,"BANGOR PARK RD","BANGOR TRL",85.00,E,N,A,-,N,,,,,,,,,,N,3,0,1,1,A,-,03,22350,,N,F,A,A,A,H,-,A,D,0,,,Y,,Y,,C,02,0,1,0,0,0,0,0,0,1,"- ","- ",39.388829999999999,-121.41618,BUTTE,UNINCORPORATED,-121.41594829,39.388768210000002
90120781,2016,2016-02-22,9241,2016-02-19,1610,016360,,5,2,9,0400,0,3,5,,2,006,"EAST AVE","KENNEDY AVE",75.00,E,N,B,-,N,,,,,,,,,,Y,4,0,1,2,A,-,03,22350,,N,C,C,A,B,H,-,A,D,0,,,,,Y,,A,07,0,0,1,0,0,0,0,0,0,"- ","- ",39.743430000000004,-121.88263999999999,BUTTE,UNINCORPORATED,-121.8822091,39.743523590000002
90120984,2016,2016-02-22,9241,2016-02-19,1625,018181,,5,2,9,0400,0,2,4,,2,095,"DURHAM-PENTZ RD","FALAGER ROAD",279.00,W,N,B,C,N,,,,,,,,,,Y,3,0,4,2,A,-,08,22107,,N,B,C,A,B,H,-,A,D,0,,,,,Y,,A,07,0,1,3,0,0,0,0,0,0,"- ","- ",39.639679999999998,-121.70721,BUTTE,UNINCORPORATED,-121.70734229,39.639816140000001
90124384,2016,2016-02-26,9240,2016-02-10,0340,019784,,3,3,9,0400,0,3,5,,2,010,"ORO BANGOR HWY","V-6 RD",469.00,N,N,A,-,N,,,,,,,,,,N,2,0,1,2,A,-,11,21956,,F,G,B,E,A,H,-,D,D,0,Y,,,,Y,,N,60,1,0,0,0,1,0,0,0,0,"- ","- ",39.489109999999997,-121.53700000000001,BUTTE,UNINCORPORATED,-121.53660893,39.488877619999997
90126521,2016,2016-07-25,9241,2016-01-26,2040,015794,,2,2,5,0402,0,1,3,,2,100,"SR-99 N/B","E 20TH ST.",1552.00,N,N,B,-,Y,,,99,,,,,,N,Y,1,1,5,3,A,-,01,23152,A,N,C,C,A,A,H,-,D,D,0,,,,,Y,Y,A,01,0,0,5,0,0,0,0,0,0,"- ","- ",39.730179999999997,-121.81228,BUTTE,CHICO,-121.81223842,39.730212340000001
9012743,2019,2020-07-16,0404,2019-11-19,1545,651,E,2,5,3,0404,0,0,0,,0,00E,"RT 162","MYERS ST",0.00,,Y,A,-,Y,BUT,3,162,-,-,17.296,I,5,W,N,4,0,1,2,A,-,03,22350,,N,C,C,A,A,H,-,A,A,0,,,,,Y,,A,01,0,0,1,0,0,0,0,0,0,"- ","- ",39.50885009765625,-121.55136108398438,BUTTE,OROVILLE,-121.54969024658203,39.504737854003906
9012754,2019,2020-06-11,0404,2019-11-06,0000,573,,3,5,3,0404,0,0,0,,0,,"NELSON AV","RT 70",0.00,,Y,A,-,Y,BUT,3,70,-,-,15.893,R,1,W,N,4,0,1,2,A,-,12,22450,A,N,H,G,A,A,H,-,A,A,0,,Y,,,Y,,A,01,0,0,1,0,0,0,1,0,0,"- ","- ",39.525550842285156,-121.58014678955078,BUTTE,OROVILLE,-121.57494354248047,39.526107788085938
9012775,2019,2020-06-15,0402,2019-12-03,1713,P03183,101,2,5,5,0402,0,0,0,,0,002,"WALNUT ST","W 3RD ST",0.00,,Y,D,G,Y,BUT,3,32,-,R,8.496,I,5,W,N,2,0,1,2,A,-,11,21453,D,F,G,B,B,B,H,-,C,A,0,Y,,,,Y,,N,60,1,0,0,0,1,0,0,0,0,"- ","- ",39.723491668701172,-121.84889984130859,BUTTE,CHICO,-121.84886932373047,39.723396301269531
90128376,2016,2017-03-13,9241,2016-02-26,2320,017319,,5,3,9,0400,0,3,5,,2,007,"COUTOLENC RD","WINCHESTER LN",150.00,N,N,B,-,N,,,,,,,,,,Y,4,0,1,1,A,-,01,23152,A,N,E,I,A,B,H,-,D,D,0,,,,,Y,Y,D,22,0,0,1,0,0,0,0,0,0,"- ","- ",39.828389999999999,-121.57697,BUTTE,UNINCORPORATED,-121.57766343999999,39.828349379999999
90129493,2016,2016-03-04,9240,2016-02-25,1935,018833,,4,2,9,0400,0,1,3,,1,011,SR-70,"OPHIR RD",2700.00,S,N,A,-,Y,,,70,,,,,,,Y,4,0,2,2,A,-,01,23152,A,N,B,C,A,A,H,-,D,D,0,,,,,Y,Y,A,01,0,0,2,0,0,0,0,0,0,"- ","- ",39.457839999999997,-121.58468000000001,BUTTE,UNINCORPORATED,-121.58471226,39.45787018
90129626,2016,2016-03-04,9240,2016-02-26,0700,013276,,5,1,9,0400,0,3,5,,2,010,"COX LANE","LONE TREE RD",1800.00,E,N,A,-,N,,,,,,,,,,Y,3,0,1,1,A,-,01,23152,F,N,E,I,A,A,H,-,A,D,0,,,,,Y,Y,D,22,0,1,0,0,0,0,0,0,0,"- ","- ",39.38673,-121.56666,BUTTE,UNINCORPORATED,-121.57015312,39.386648129999998
90129704,2016,2016-03-04,9240,2016-02-26,1620,018389,,5,2,3,0404,0,3,5,,2,010,"SR-70 N/B",SR-162,2112.00,S,N,A,-,Y,,,,,,,,,,Y,3,0,1,2,A,-,01,23152,A,M,F,A,A,A,H,-,A,D,0,,,,,Y,Y,A,01,0,1,0,0,0,0,0,0,0,"- ","- ",39.489840000000001,-121.12157999999999,BUTTE,OROVILLE,-121.57535197999999,39.492191460000001
90129767,2016,2016-03-04,9240,2016-02-19,1515,018980,,5,2,9,0400,0,3,5,,2,010,"OPHIR RD","LINCOLN BLVD",2640.00,E,N,C,-,N,,,,,,,,,,Y,3,0,3,2,A,-,03,22350,,N,C,C,A,B,H,-,A,D,0,,,,,Y,,A,01,0,3,0,0,0,0,0,0,0,"- ","- ",39.465769999999999,-121.53964999999999,BUTTE,UNINCORPORATED,-121.53999881999999,39.465836529999997
90129840,2016,2016-03-04,9240,2016-02-29,1840,019085,,1,2,9,0400,0,1,3,,1,011,SR-70,"LOWER HONCUT RD",2112.00,S,N,A,-,Y,,,70,,,,,,,Y,4,0,1,2,A,-,03,22350,,N,C,C,A,A,H,-,D,D,0,,,,,Y,,A,01,0,0,1,0,0,0,0,0,0,"- ","- ",39.315660000000001,-121.59568,BUTTE,UNINCORPORATED,-121.59575898999999,39.315654299999998
90130873,2016,2016-03-07,9240,2016-03-03,1944,018980,,4,2,9,0400,0,3,5,,2,010,"OPHIR RD.","LINCOLN BLVD",46.00,W,N,B,-,N,,,,,,,,,,Y,3,0,2,2,A,-,01,23152,A,N,D,C,A,A,H,-,C,A,0,,,,,Y,Y,D,22,0,1,1,0,0,0,0,0,0,"- ","- ",39.465789999999998,-121.54962999999999,BUTTE,UNINCORPORATED,-121.54951291,39.465796740000002
90131037,2016,2016-03-07,9241,2016-03-04,1130,017170,,5,1,9,0400,0,1,3,,1,060,SR-32,"HEAVENLY GLEN",12.00,E,N,B,E,Y,,,32,,,,,,,Y,4,0,1,3,A,-,03,22350,,N,C,C,A,B,H,-,A,D,0,,,,,Y,,A,01,0,0,1,0,0,0,0,0,0,"- ","- ",39.869799999999998,-121.68589,BUTTE,UNINCORPORATED,-121.68592199,39.869832819999999
90131631,2016,2016-03-08,9241,2016-02-25,0455,019060,,4,3,9,0400,0,1,3,,1,060,"SR-32 W/B","WOODLAND PARK DR",682.00,E,N,A,-,Y,,,,,,,,,,Y,2,0,1,1,A,-,08,22107,,N,E,I,A,A,H,-,C,D,0,,,,,Y,,J,48,1,0,0,0,0,0,0,0,0,"- ","- ",39.855919999999998,-121.68838,BUTTE,UNINCORPORATED,-121.69192189,39.854857039999999
90132039,2016,2016-03-08,9241,2016-03-02,1650,016555,,3,2,9,0400,0,1,3,,2,081,"SR-99 N/B","ESTATES DRIVE",5808.00,S,N,A,-,Y,,,99,,,,,,N,N,4,0,2,2,A,-,03,22350,,N,C,C,A,A,H,-,A,D,0,,,,,Y,,J,48,0,0,2,0,0,0,0,0,0,"- ","- ",39.677500000000002,-121.75921,BUTTE,UNINCORPORATED,-121.7591712,39.677545549999998
90132364,2016,2016-03-09,9241,2016-03-06,0600,015529,,7,1,9,0400,0,2,4,,1,082,MIDWAY,"STATE ST.",1056.00,N,N,A,-,N,,,,,,,,,,Y,3,0,1,1,A,-,01,23152,A,M,E,I,A,A,H,-,B,D,0,,,,,Y,Y,A,01,0,1,0,0,0,0,0,0,0,"- ","- ",39.556989999999999,-121.76685999999999,BUTTE,UNINCORPORATED,-121.76690626,39.55734065
90132485,2016,2016-03-09,9240,2016-03-07,0325,019784,,1,3,9,0400,0,3,5,,2,020,"12TH ST","BIGGS AVE",1056.00,N,N,C,-,N,,,,,,,,,,Y,4,0,1,1,A,-,08,22107,,N,E,I,A,B,H,-,D,D,0,,,,,Y,,A,01,0,0,1,0,0,0,0,0,0,"- ","- ",39.505319999999998,-121.59169,BUTTE,UNINCORPORATED,-121.59157999999999,39.505269699999999
9013289,2019,2020-02-20,0402,2019-11-27,1109,3827,0402,3,5,5,0402,0,0,0,,0,005,"E 5TH AV","NEAL DOW RD",0.00,,Y,A,-,N,,,,,,,,,,Y,3,0,1,2,A,-,09,21801,A,N,A,C,A,A,H,-,A,A,0,,,,,Y,,-,,0,1,0,0,0,0,0,0,0,"- ","- ",39.749519348144531,-121.83364868164062,BUTTE,CHICO,-121.83364868164062,39.74951171875
90133473,2016,2016-03-10,9240,2016-02-25,0400,019055,,4,3,9,0400,0,3,5,,2,020,"DOS RIOS RD","ABSHIRE AVE",465.00,N,N,A,-,N,,,,,,,,,,Y,3,0,2,1,A,-,08,22107,,N,E,I,A,A,H,-,D,D,0,,,,,Y,,D,22,0,2,0,0,0,0,0,0,0,"- ","- ",39.422789999999999,-121.65691,BUTTE,UNINCORPORATED,-121.65688227,39.422986160000001
90133487,2016,2016-03-10,9241,2016-02-27,0029,018181,,6,3,9,0400,0,3,5,,2,006,"GODMAN AVENUE","MORGAN DRIVE",225.00,N,N,B,-,N,,,,,,,,,,N,2,0,1,2,A,-,01,23152,A,F,C,J,A,A,H,-,D,D,0,,,Y,,Y,Y,A,01,1,0,0,0,0,0,0,0,1,"- ","- ",39.768920000000001,-121.85845999999999,BUTTE,UNINCORPORATED,-121.8584049,39.768851640000001
90133956,2016,2016-03-10,9240,2016-03-05,1300,018046,,6,1,9,0400,0,3,5,,2,030,"CANYON DRIVE","ROYAL OAKS DRIVE",0.00,,Y,B,C,N,,,,,,,,,,Y,3,0,2,2,A,-,09,21801,A,N,D,C,A,B,H,-,A,D,0,,,,,Y,,A,01,0,2,0,0,0,0,0,0,0,"- ","- ",39.52628,-121.48121999999999,BUTTE,UNINCORPORATED,-121.48124998,39.526279950000003
90134191,2016,2016-03-10,9240,2016-03-08,1810,018841,,2,2,9,0400,0,3,5,,2,040,"BALD ROCK RD","BROMILLOW LN",250.00,E,N,A,-,N,,,,,,,,,,N,2,0,1,1,C,-,18,,,N,H,H,A,A,H,-,D,D,0,,,Y,,Y,,-,"- ",1,0,0,0,0,0,0,0,1,"- ","- ",39.633189999999999,-121.39928,BUTTE,UNINCORPORATED,-121.39892707,39.632741070000002
90135573,2016,2016-03-14,9241,2016-03-05,0340,019060,,6,3,9,0400,0,2,4,,2,086,"ORD FERRY RD","REINEMER RD",25.00,E,N,C,-,N,,,,,,,,,,Y,3,0,1,1,A,-,01,23152,A,N,E,I,A,B,H,-,D,D,0,,,,,Y,Y,D,22,0,1,0,0,0,0,0,0,0,"- ","- ",39.652099999999997,-121.86518,BUTTE,UNINCORPORATED,-121.86910435999999,39.650426240000002
90137171,2016,2016-03-15,9241,2016-03-05,2122,019060,,6,2,5,0402,0,1,3,,2,100,"SR-99 N/B",SR-32,300.00,N,N,C,-,Y,,,99,,,,,,N,N,4,0,1,2,A,-,08,22107,,M,B,C,A,B,H,-,C,D,0,,,,,Y,,-,99,0,0,1,0,0,0,0,0,0,"- ","- ",39.739980000000003,-121.82402999999999,BUTTE,CHICO,-121.82406496999999,39.739933000000001
90137219,2016,2016-03-15,9241,2016-03-08,1830,016555,,2,2,9,0400,0,1,3,,2,093,SR-191,"ONEAL ROAD",1123.00,N,N,B,-,Y,,,,,,,,,,Y,4,0,2,3,A,-,03,22350,,N,C,C,A,A,H,-,D,D,0,,,,,Y,,A,01,0,0,2,0,0,0,0,0,0,"- ","- ",39.611649999999997,-121.63388,BUTTE,UNINCORPORATED,,
90137361,2016,2016-03-15,9240,2016-03-05,2145,018578,,6,2,9,0400,0,1,3,,2,031,"SR-70 S/B","TABLE MTN OVERCROSSING",1000.00,S,N,C,G,Y,,,,,,,,,,Y,4,0,1,1,C,-,18,,,N,E,J,A,B,H,-,D,D,0,,,,,Y,,-,"- ",0,0,1,0,0,0,0,0,0,"- ","- ",39.563090000000003,-121.60678,BUTTE,UNINCORPORATED,-121.61976567000001,39.600066349999999
90138045,2016,2016-03-16,9240,2016-03-11,1140,013161,,5,1,9,0400,0,3,5,,2,030,"BIG BEND RD","DARK CANYON RD",1000.00,S,N,B,C,N,,,,,,,,,,Y,4,0,1,1,A,-,05,21650,,N,E,I,A,B,H,-,A,D,0,,,,,Y,,D,22,0,0,1,0,0,0,0,0,0,"- ","- ",39.724330000000002,-121.49509999999999,BUTTE,UNINCORPORATED,-121.49702000000001,39.721960000000003
90138510,2016,2016-03-17,9240,2016-03-12,1310,013276,,6,1,9,0400,0,3,5,,2,030,"CONCOW RD.","CAMELOT LN",20.00,S,N,B,C,N,,,,,,,,,,Y,4,0,2,1,A,-,03,22350,,N,E,I,A,B,H,-,A,D,0,,,,,Y,,A,01,0,0,2,0,0,0,0,0,0,"- ","- ",39.785499999999999,-121.50566999999999,BUTTE,UNINCORPORATED,-121.50555862,39.785525100000001
90140189,2016,2016-03-21,9240,2016-03-12,1725,018980,,6,2,9,0400,0,3,5,,2,010,"LINCOLN BLVD",FIRLOOP,271.00,S,N,B,-,N,,,,,,,,,,Y,3,0,1,1,A,-,05,21650,,N,E,I,A,B,H,-,A,D,0,,,,,Y,,A,01,0,1,0,0,0,0,0,0,0,"- ","- ",39.450969999999998,-121.55106000000001,BUTTE,UNINCORPORATED,-121.55151214999999,39.450299379999997