CASE_ID,ACCIDENT_YEAR,PROC_DATE,JURIS,COLLISION_DATE,COLLISION_TIME,OFFICER_ID,REPORTING_DISTRICT,DAY_OF_WEEK,CHP_SHIFT,POPULATION,CNTY_CITY_LOC,SPECIAL_COND,BEAT_TYPE,CHP_BEAT_TYPE,CITY_DIVISION_LAPD,CHP_BEAT_CLASS,BEAT_NUMBER,PRIMARY_RD,SECONDARY_RD,DISTANCE,DIRECTION,INTERSECTION,WEATHER_1,WEATHER_2,STATE_HWY_IND,CALTRANS_COUNTY,CALTRANS_DISTRICT,STATE_ROUTE,ROUTE_SUFFIX,POSTMILE_PREFIX,POSTMILE,LOCATION_TYPE,RAMP_INTERSECTION,SIDE_OF_HWY,TOW_AWAY,COLLISION_SEVERITY,NUMBER_KILLED,NUMBER_INJURED,PARTY_COUNT,PRIMARY_COLL_FACTOR,PCF_CODE_OF_VIOL,PCF_VIOL_CATEGORY,PCF_VIOLATION,PCF_VIOL_SUBSECTION,HIT_AND_RUN,TYPE_OF_COLLISION,MVIW,PED_ACTION,ROAD_SURFACE,ROAD_COND_1,ROAD_COND_2,LIGHTING,CONTROL_DEVICE,CHP_ROAD_TYPE,PEDESTRIAN_ACCIDENT,BICYCLE_ACCIDENT,MOTORCYCLE_ACCIDENT,TRUCK_ACCIDENT,NOT_PRIVATE_PROPERTY,ALCOHOL_INVOLVED,STWD_VEHTYPE_AT_FAULT,CHP_VEHTYPE_AT_FAULT,COUNT_SEVERE_INJ,COUNT_VISIBLE_INJ,COUNT_COMPLAINT_PAIN,COUNT_PED_KILLED,COUNT_PED_INJURED,COUNT_BICYCLIST_KILLED,COUNT_BICYCLIST_INJURED,COUNT_MC_KILLED,COUNT_MC_INJURED,PRIMARY_RAMP,SECONDARY_RAMP,LATITUDE,LONGITUDE,COUNTY,CITY,POINT_X,POINT_Y
90200058,2016,2016-06-13,9240,2016-06-06,1015,018046,,1,1,9,0400,0,3,5,,2,040,"LUMPKIN ROAD","FORBESTOWN ROAD",3168.00,E,N,A,-,N,,,,,,,,,,Y,3,0,1,1,A,-,08,22107,,N,F,A,A,A,H,-,A,D,0,,,,,Y,,D,22,0,1,0,0,0,0,0,0,0,"- ","- ",39.513179999999998,-121.34965,BUTTE,UNINCORPORATED,-121.35221387,39.513701429999998
90200399,2016,2016-06-13,9240,2016-06-03,1100,013276,,5,1,9,0400,0,1,3,,1,011,SR-70,"POWER HOUSE HILL RD",63.00,W,N,A,-,Y,,,70,,,,,,,N,3,0,2,2,A,-,03,22350,,N,C,C,A,A,H,-,A,D,0,,,Y,,Y,,C,02,0,1,1,0,0,0,0,0,2,"- ","- ",39.415210000000002,-121.6049,BUTTE,UNINCORPORATED,-121.60496621999999,39.415208710000002
90200853,2016,2016-06-14,9240,2016-05-27,1710,019710,,5,2,9,0400,0,3,5,,2,010,"OPHIR RD","KUSEL RD",480.00,E,N,A,-,N,,,,,,,,,,N,4,0,1,2,A,-,03,22350,,N,C,C,A,A,H,-,A,D,0,,,,,Y,,A,01,0,0,1,0,0,0,0,0,0,"- ","- ",39.465530000000001,-121.55719000000001,BUTTE,UNINCORPORATED,-121.55706257,39.465552789999997
90200904,2016,2016-06-14,9241,2016-06-01,1430,018578,,3,2,9,0400,0,2,4,,2,096,"HONEY RUN RD",SKYWAY,11616.00,E,N,A,-,N,,,,,,,,,,Y,3,0,3,1,A,-,01,23153,A,N,E,I,A,A,H,-,A,D,0,,,,,Y,Y,A,01,0,3,0,0,0,0,0,0,0,"- ","- ",39.713920000000002,-121.7376,BUTTE,UNINCORPORATED,-121.73611131,39.714015879999998
90201079,2016,2016-06-14,9241,2016-05-30,1000,016120,,1,1,9,0400,0,2,4,,2,094,"PENTZ RD","DURHAM PENTZ RD",0.00,,Y,A,-,N,,,,,,,,,,Y,3,0,1,2,A,-,03,22350,,N,C,C,A,A,H,-,A,D,0,,,,,Y,,D,22,0,1,0,0,0,0,0,0,0,"- ","- ",39.65578,-121.56506,BUTTE,UNINCORPORATED,-121.56507993,39.655829930000003
90202131,2016,2016-06-15,9240,2016-05-29,1805,019055,,7,2,9,0400,0,3,5,,2,020,"LARKIN ROAD","ORD RANCH ROAD",241.00,S,N,A,-,N,,,,,,,,,,N,2,0,1,1,A,-,05,21650,,N,F,A,A,A,H,-,A,D,0,,,Y,,Y,,C,02,1,0,0,0,0,0,0,0,1,"- ","- ",39.379019999999997,-121.6601,BUTTE,UNINCORPORATED,-121.65954410000001,39.379832329999999
90203097,2016,2016-06-16,9240,2016-06-05,1010,019055,,7,1,9,0400,0,3,5,,2,020,"LARKIN ROAD","E. EVANS RIEMER ROAD",0.00,,Y,A,-,N,,,,,,,,,,Y,4,0,1,2,A,-,03,22350,,N,C,C,A,A,H,-,A,A,0,,,,,Y,,A,01,0,0,1,0,0,0,0,0,0,"- ","- ",39.334220000000002,-121.66005,BUTTE,UNINCORPORATED,-121.65996989,39.334439949999997
90203217,2016,2016-06-16,9240,2016-06-11,0630,018046,,6,1,9,0400,0,1,3,,2,032,SR-70,"TRUEX ROAD",630.00,E,N,A,-,Y,,,70,,,,,,,Y,3,0,3,1,A,-,05,21650,,N,E,I,A,A,H,-,A,D,0,,,,,Y,,A,01,0,3,0,0,0,0,0,0,0,"- ","- ",39.67727,-121.53436000000001,BUTTE,UNINCORPORATED,-121.53431814,39.677312669999999
90203588,2016,2016-06-16,9241,2016-06-04,1100,018540,,6,1,9,0400,0,2,4,,2,071,SKYWAY,"HUMBUG SUMMIT RD",0.00,,Y,A,-,N,,,,,,,,,,Y,3,0,1,1,A,-,03,22350,,N,F,A,A,A,H,-,A,D,0,,,Y,,Y,,C,02,0,1,0,0,0,0,0,0,1,"- ","- ",40.032470000000004,-121.52800999999999,BUTTE,UNINCORPORATED,-121.52795076,40.029783279999997
90203591,2016,2016-06-16,9240,2016-06-10,1630,018876,,5,2,9,0400,0,1,3,,1,021,SR-99,SR-162,1177.00,S,N,A,-,Y,,,99,,,,,,,Y,4,0,1,2,A,-,03,22350,,N,C,C,A,A,H,-,A,D,0,,,,,Y,,D,22,0,0,1,0,0,0,0,0,0,"- ","- ",39.491079999999997,-121.68863,BUTTE,UNINCORPORATED,-121.68864010999999,39.491079939999999
90205022,2016,2016-06-20,9241,2016-06-06,1808,013855,,1,2,9,0400,0,2,4,,2,095,"DURHAM PENTZ ROAD","WILLIAMS ROAD",38.00,E,N,A,-,N,,,,,,,,,,Y,4,0,3,2,A,-,08,22107,,N,D,C,A,A,H,-,A,D,0,,,,,Y,,A,01,0,0,3,0,0,0,0,0,0,"- ","- ",39.640979999999999,-121.65873000000001,BUTTE,UNINCORPORATED,-121.65952634999999,39.640854529999999
90205051,2016,2016-06-20,9240,2016-06-06,1355,018046,,1,1,9,0400,0,3,5,,2,010,"LAS PLUMAS AVENUE","ORO BANGOR HIGHWAY",0.00,,Y,A,-,N,,,,,,,,,,Y,3,0,1,2,A,-,09,21802,A,N,D,C,A,A,H,-,A,A,0,,,,,Y,,A,07,0,1,0,0,0,0,0,0,0,"- ","- ",39.48048,-121.53196,BUTTE,UNINCORPORATED,-121.53197408,39.480485369999997
9020549,2019,2020-07-16,0404,2019-10-25,1414,694,W,5,5,3,0404,0,0,0,,0,00W,"OROVILLE DAM BL EAST","WASHINGTON AV",270.00,E,N,A,-,Y,BUT,3,162,-,-,17.500,H,-,E,N,4,0,1,2,A,-,07,21658,A,N,B,C,A,A,H,-,A,D,0,,,,,Y,,-,99,0,0,1,0,0,0,0,0,0,"- ","- ",39.506099700927734,-121.54604339599609,BUTTE,OROVILLE,-121.54634094238281,39.506122589111328
90205523,2016,2016-06-20,9240,2016-06-13,1100,018796,,1,1,9,0400,0,1,3,,2,041,"SR-162 (OLIVE HIGHWAY)","TYME WAY",265.00,E,N,A,-,Y,,,162,,,,,,,Y,3,0,1,1,A,-,05,21650,,N,E,I,A,A,H,-,A,D,0,,,,,Y,,A,01,0,1,0,0,0,0,0,0,0,"- ","- ",39.50385,-121.50199000000001,BUTTE,UNINCORPORATED,-121.50198235000001,39.503882050000001
90206046,2016,2016-06-21,9240,2016-06-12,1240,017532,,7,1,9,0400,0,3,5,,2,020,"E. GRIDLEY RD","LARKIN RD",0.00,,Y,A,-,N,,,,,,,,,,Y,4,0,1,2,A,-,09,21802,A,N,D,C,A,A,H,-,A,A,0,,,,,Y,,A,07,0,0,1,0,0,0,0,0,0,"- ","- ",39.363480000000003,-121.65987,BUTTE,UNINCORPORATED,-121.65990988999999,39.363469960000003
90206653,2016,2016-06-21,9240,2016-06-17,1500,018833,,5,2,9,0400,0,3,5,,2,040,"HURLETON RD","FORBESTOWN RD",89.00,E,N,C,-,N,,,,,,,,,,Y,4,0,1,1,A,-,03,22350,,N,E,I,A,B,H,-,A,D,0,,,,,Y,,A,01,0,0,1,0,0,0,0,0,0,"- ","- ",39.503810000000001,-121.43028,BUTTE,UNINCORPORATED,-121.43022836999999,39.503659669999998
90208231,2016,2016-06-23,9240,2016-06-18,0240,019784,,6,3,9,0400,0,3,5,,2,020,"E. GRIDLEY ROAD","KIRK RD",417.00,W,N,C,-,N,,,,,,,,,,Y,3,0,2,1,A,-,08,22107,,N,E,I,A,B,H,-,D,D,0,,,,,Y,,A,01,0,1,1,0,0,0,0,0,0,"- ","- ",39.363579999999999,-121.65218,BUTTE,UNINCORPORATED,-121.65200426,39.363570000000003
90208246,2016,2016-06-23,9240,2016-06-22,1420,013161,,3,2,9,0400,0,3,5,,2,030,"TABLE MTN BLVD","GARDEN DR",1549.00,N,N,A,-,N,,,,,,,,,,Y,3,0,1,1,A,-,03,22350,,N,E,I,A,A,H,-,A,D,0,,,,,Y,,A,01,0,1,0,0,0,0,0,0,0,"- ","- ",39.543140000000001,-121.58897,BUTTE,UNINCORPORATED,-121.58053112,39.537513240000003
90208318,2016,2016-06-23,9240,2016-06-22,2305,019784,,3,3,9,0400,0,3,5,,2,040,"BALD ROCK RD","KATELLA RD",1056.00,N,N,A,-,N,,,,,,,,,,Y,3,0,1,1,A,-,08,22107,,N,F,A,A,A,H,-,D,D,0,,,,,Y,,A,07,0,1,0,0,0,0,0,0,0,"- ","- ",39.638300000000001,-121.41687,BUTTE,UNINCORPORATED,-121.41715967,39.637767779999997
90210287,2016,2016-06-27,9241,2016-06-07,1921,013855,,2,2,9,0400,0,1,3,,2,100,"SR-99 S/B","EAST AVENUE",1056.00,S,N,A,-,Y,,,,,,,,,,Y,2,0,1,2,A,-,03,22350,,N,C,C,A,A,D,-,A,A,0,,,Y,,Y,,C,02,1,0,0,0,0,0,0,0,1,"- ","- ",39.758020000000002,-121.85226,BUTTE,UNINCORPORATED,-121.85274507,39.758291919999998
90210609,2016,2016-06-27,9241,2016-06-11,0650,018540,,6,1,9,0400,0,2,4,,2,096,"HONEY RUN RD","1951 HONEY RUN RD.",20.00,W,N,A,-,N,,,,,,,,,,Y,4,0,1,1,A,-,08,22107,,N,E,I,A,A,H,-,D,D,0,,,,,Y,,A,01,0,0,1,0,0,0,0,0,0,"- ","- ",39.732900000000001,-121.69262000000001,BUTTE,UNINCORPORATED,-121.69262000000001,39.732900000000001
90210612,2016,2016-06-27,9241,2016-06-11,1225,018540,,6,1,9,0400,0,2,4,,2,090,"SKYWAY W/B","SPANISH GARDEN DR",426.00,W,N,A,-,N,,,,,,,,,,N,4,0,1,1,A,-,08,22107,,N,E,I,A,A,H,-,A,D,0,,,,,Y,,A,01,0,0,1,0,0,0,0,0,0,"- ","- ",39.702669999999998,-121.76009999999999,BUTTE,UNINCORPORATED,-121.75989213,39.702684320000003
90211321,2016,2016-06-28,9241,2016-06-17,1750,018578,,5,2,9,0400,0,3,5,,2,007,"WYCLIFF WAY","VILLAGE LN",43.00,S,N,C,-,N,,,,,,,,,,Y,2,0,3,2,A,-,09,21801,A,N,A,C,A,B,H,-,A,D,0,,,,,Y,Y,D,22,1,0,2,0,0,0,0,0,0,"- ","- ",39.824779999999997,-121.60576,BUTTE,UNINCORPORATED,-121.60535932000001,39.824543810000002
90211736,2016,2016-06-29,9241,2016-06-24,0610,018181,,5,1,9,0400,0,2,4,,2,070,"ROSEWOOD DR",SKYWAY,0.00,,Y,A,-,N,,,,,,,,,,Y,4,0,1,1,A,-,01,23152,A,N,E,I,A,A,H,-,B,A,0,,,,,Y,Y,A,01,0,0,1,0,0,0,0,0,0,"- ","- ",39.842959999999998,-121.59806,BUTTE,UNINCORPORATED,-121.59806991000001,39.843139970000003
90211760,2016,2016-06-29,9241,2016-06-24,1755,016360,,5,2,9,0400,0,2,4,,2,071,SKYWAY,"HUMBUG SUMMIT RD",616.00,N,N,A,-,N,,,,,,,,,,Y,3,0,1,1,A,-,01,23152,A,N,F,A,A,A,H,-,A,D,0,,,Y,,Y,Y,C,02,0,1,0,0,0,0,0,0,1,"- ","- ",40.047710000000002,-121.53480999999999,BUTTE,UNINCORPORATED,-121.52769864,40.031461210000003
90212327,2016,2016-06-29,9241,2016-06-16,0620,017170,,4,1,9,0400,0,3,5,,2,006,"MERIDIAN RD","BELL RD.",0.00,,Y,A,-,N,,,,,,,,,,Y,2,0,2,2,A,-,21,22106,,N,D,C,A,A,H,-,A,A,0,,,,,Y,,A,01,1,0,1,0,0,0,0,0,0,"- ","- ",39.760669999999998,-121.91922,BUTTE,UNINCORPORATED,-121.91914998999999,39.760649899999997
90212794,2016,2016-06-30,9241,2016-06-29,1500,016360,,3,2,9,0400,0,3,5,,2,008,"W SACRAMENTO AVENUE","GRAPE WAY",423.00,E,N,A,-,N,,,,,,,,,,Y,3,0,1,1,A,-,08,22107,,N,E,I,A,A,H,-,A,D,0,,,,,Y,,A,01,0,1,0,0,0,0,0,0,0,"- ","- ",39.73086,-121.89964000000001,BUTTE,UNINCORPORATED,-121.89951266,39.730905610000001
90213263,2016,2016-06-30,9241,2016-06-21,0150,016831,,2,3,9,0400,0,2,4,,2,096,"HONEY RUN RD","CENTERVILLE RD",5280.00,S,N,A,-,N,,,,,,,,,,Y,2,0,2,1,A,-,01,23152,A,N,E,I,A,A,H,-,D,D,0,,,,,Y,Y,A,07,1,1,0,0,0,0,0,0,0,"- ","- ",39.715359999999997,-121.72422,BUTTE,UNINCORPORATED,-121.71754416,39.719317230000001
90213379,2016,2016-06-30,9240,2016-06-09,0144,019710,,4,3,9,0400,0,1,3,,2,041,"STATE ROUTE 162","RIDGEVIEW LN",473.00,E,N,A,-,Y,,,162,,,,,,,Y,3,0,1,1,B,-,22,,,N,E,I,A,A,H,-,D,D,0,,,,,Y,,J,48,0,1,0,0,0,0,0,0,0,"- ","- ",39.512659999999997,-121.48077000000001,BUTTE,UNINCORPORATED,-121.48076284,39.512759029999998
90214550,2016,2016-07-01,9241,2016-06-24,1806,018106,,5,2,9,0400,0,2,4,,2,086,"DURHAM DAYTON HWY.","BURDICK RD.",528.00,N,N,A,-,N,,,,,,,,,,N,3,0,1,1,A,-,01,23152,A,N,H,A,A,A,H,-,A,D,0,,,Y,,Y,Y,C,06,0,1,0,0,0,0,0,0,1,"- ","- ",39.649500000000003,-121.8091,BUTTE,UNINCORPORATED,-121.80825091,39.647161949999997
90214658,2016,2016-07-01,9241,2016-06-24,0830,018540,,5,1,9,0400,0,2,4,,2,071,SKYWAY,"MANZANITA ST.",3696.00,S,N,A,-,N,,,,,,,,,,Y,3,0,2,1,A,-,08,22107,,N,E,I,A,A,H,-,A,D,0,,,,,Y,,D,22,0,2,0,0,0,0,0,0,0,"- ","- ",39.897849999999998,-121.53592999999999,BUTTE,UNINCORPORATED,-121.53644831,39.896982639999997
90215853,2016,2016-08-01,9241,2016-06-19,1538,016609,,7,2,5,0402,0,1,3,,2,100,"SR-99 N/B","PALMETTO AVE",276.00,S,N,A,-,Y,,,99,,,,,,N,Y,1,1,0,1,A,-,03,22350,,N,F,I,A,A,H,-,A,D,0,,,Y,,Y,,C,02,0,0,0,0,0,0,0,1,0,"- ","- ",39.742710000000002,-121.82792999999999,BUTTE,CHICO,-121.82789885,39.742752549999999
90216944,2016,2016-07-06,9241,2016-07-04,1505,015794,,1,2,9,0400,0,3,5,,2,009,"WHEELOCK RD","DURHAM-PENTZ RD",4752.00,S,N,A,-,N,,,,,,,,,,Y,4,0,1,1,A,-,01,23152,E,N,E,I,A,A,H,-,A,D,0,,,,,Y,,A,07,0,0,1,0,0,0,0,0,0,"- ","- ",39.640279999999997,-121.59305999999999,BUTTE,UNINCORPORATED,-121.59303889,39.640061760000002
90218378,2016,2016-07-07,9240,2016-07-04,1515,018808,,1,2,9,0400,0,3,5,,2,020,"EVANS REIMER RD","TOWNSHIP RD",2640.00,W,N,A,-,N,,,,,,,,,,Y,4,0,1,1,A,-,08,22107,,N,E,I,A,A,H,-,A,D,0,,,,,Y,,A,01,0,0,1,0,0,0,0,0,0,"- ","- ",39.334110000000003,-121.69696999999999,BUTTE,UNINCORPORATED,-121.69703320000001,39.333968480000003
90218394,2016,2016-07-07,9240,2016-07-05,1540,018796,,2,2,9,0400,0,1,3,,2,041,SR-162,"MINERS RANCH RD",528.00,W,N,A,-,Y,,,162,,,,,,,Y,3,0,1,1,A,-,03,22350,,N,E,I,A,A,H,-,A,D,0,,,,,Y,,D,22,0,1,0,0,0,0,0,0,0,"- ","- ",39.503709999999998,-121.46181,BUTTE,UNINCORPORATED,-121.46175321,39.504026039999999
90218400,2016,2016-07-07,9240,2016-07-03,1225,019055,,7,1,9,0400,0,1,3,,2,041,"SR-162 (ORO-QUINCY HIGHWAY)","FRENCH CREEK RD",4224.00,E,N,A,-,Y,,,,,,,,,,Y,2,0,1,1,A,-,08,22107,,N,E,J,A,A,H,-,A,D,0,,,Y,,Y,,C,02,1,0,0,0,0,0,0,0,1,"- ","- ",39.688160000000003,-121.34662,BUTTE,UNINCORPORATED,,
90219763,2016,2016-07-11,9241,2016-06-21,0619,017760,,2,1,9,0400,0,2,4,,2,083,"RIVER RD","ORD FERRY RD",12672.00,E,N,A,-,N,,,,,,,,,,N,3,0,1,1,A,-,08,22107,,N,E,I,A,A,H,-,A,D,0,,,Y,,Y,,C,02,0,1,0,0,0,0,0,0,1,"- ","- ",39.659280000000003,-121.93702,BUTTE,UNINCORPORATED,-121.94598999999999,39.62715
90220323,2016,2016-07-11,9241,2016-07-08,1200,018181,,5,1,9,0400,0,2,4,,2,090,SKYWAY,"ROCKY BLUFF DR",20.00,E,N,A,-,N,,,,,,,,,,Y,3,0,1,1,A,-,08,22107,,N,F,A,A,A,H,-,A,D,0,,,,,Y,,A,07,0,1,0,0,0,0,0,0,0,"- ","- ",39.705199999999998,-121.73257,BUTTE,UNINCORPORATED,-121.73281837,39.705737390000003
9022063,2019,2020-06-15,0404,2019-11-07,1712,631,W,4,5,3,0404,0,0,0,,0,00W,"ORO DAM BL","5TH AV",0.00,,Y,A,-,Y,BUT,3,162,-,-,16.450,H,-,E,Y,3,0,1,2,A,-,09,21804,A,N,A,C,A,A,H,-,C,D,0,,,,,Y,,A,01,0,1,0,0,0,0,0,0,0,"- ","- ",39.498908996582031,-121.56552886962891,BUTTE,OROVILLE,-121.56430053710938,39.500068664550781
9022103,2020,2020-02-24,0402,2020-01-03,1834,P01277,106,5,5,5,0402,0,0,0,,0,005,"COHASSETT RD","LINDO LN",0.00,,-,A,-,N,,,,,,,,,,N,2,0,1,2,A,-,11,21955,,N,G,B,D,A,H,-,D,D,0,Y,,,,Y,Y,N,60,1,0,0,0,1,0,0,0,0,"- ","- ",39.740001678466797,-121.84719848632812,BUTTE,CHICO,-121.84349822998047,39.763870239257812
90221557,2016,2016-07-13,9240,2016-07-03,2155,018833,,7,2,9,0400,0,3,5,,2,020,"LARKIN ROAD","ORD RANCH RD",464.00,S,N,A,-,N,,,,,,,,,,Y,4,0,1,1,A,-,01,23152,A,N,E,I,A,A,H,-,D,D,0,,,,,Y,Y,A,01,0,0,1,0,0,0,0,0,0,"- ","- ",39.378520000000002,-121.65997,BUTTE,UNINCORPORATED,-121.65984678,39.379266809999997
90221627,2016,2016-07-13,9240,2016-07-09,1408,018796,,6,2,9,0400,0,3,5,,2,020,"EAST GRIDLEY ROAD","LARKIN ROAD",0.00,,Y,A,-,N,,,,,,,,,,Y,3,0,1,2,A,-,09,21801,A,N,A,C,A,A,H,-,A,B,0,,,,,Y,,A,01,0,1,0,0,0,0,0,0,0,"- ","- ",39.36345,-121.65994000000001,BUTTE,UNINCORPORATED,-121.65990988999999,39.363469960000003
90222895,2016,2016-07-14,9240,2016-07-10,1610,018808,,7,2,9,0400,0,3,5,,2,040,"FORBESTOWN RD","HURLETON RD",4224.00,E,N,A,-,N,,,,,,,,,,Y,4,0,2,1,A,-,05,21650,,N,E,I,A,A,H,-,A,D,0,,,,,Y,,A,01,0,0,2,0,0,0,0,0,0,"- ","- ",39.501269999999998,-121.41627,BUTTE,UNINCORPORATED,-121.41573274,39.501099519999997
9022340,2019,2020-02-07,0402,2019-12-06,1052,P04045,7,5,5,5,0402,0,0,0,,0,006,"EATON RD","CONSTITUTION DR",0.00,,Y,A,-,N,,,,,,,,,,N,3,0,1,2,A,-,05,21650,1,N,B,G,A,A,H,-,A,D,0,,Y,,,Y,,L,04,0,1,0,0,0,0,1,0,0,"- ","- ",39.77301025390625,-121.87571716308594,BUTTE,CHICO,-121.87574768066406,39.773021697998047
90224422,2016,2016-07-18,9240,2016-07-11,1430,018980,,1,2,9,0400,0,1,3,,1,021,SR-99,"TOWNSHIP RD",0.00,,Y,A,-,Y,,,99,,,,,,,Y,4,0,1,3,A,-,09,21801,A,N,D,C,A,A,H,-,A,D,0,,,,,Y,,A,07,0,0,1,0,0,0,0,0,0,"- ","- ",39.343699999999998,-121.68704,BUTTE,UNINCORPORATED,-121.68684282,39.343792370000003
90224888,2016,2016-07-18,9241,2016-07-07,2120,018578,,4,2,5,0402,0,1,3,,2,100,"SR-99 S/B",SR-32,60.00,N,N,A,-,Y,,,99,,,,,,S,Y,3,0,1,1,A,-,08,22107,,N,E,I,A,A,D,-,D,D,0,,,,,Y,,A,01,0,1,0,0,0,0,0,0,0,"- ","- ",39.736919999999998,-121.82042,BUTTE,CHICO,-121.82042194,39.736917380000001
90225041,2016,2016-07-18,9241,2016-07-14,0615,018181,,4,1,9,0400,0,2,4,,2,096,"HONEY RUN ROAD",SKYWAY,4224.00,E,N,A,-,N,,,,,,,,,,Y,3,0,1,2,A,-,09,21804,A,N,A,C,A,A,H,-,A,D,0,,,,,Y,,A,07,0,1,0,0,0,0,0,0,0,"- ","- ",39.708010000000002,-121.75909,BUTTE,UNINCORPORATED,-121.76065503,39.708420289999999
90226904,2016,2016-07-20,9241,2016-07-11,0820,016120,,1,1,9,0400,0,1,3,,2,080,SR-32,"RIVER RD",0.00,,Y,A,-,Y,,,32,,,,,,,Y,4,0,2,2,A,-,09,21802,A,N,D,C,A,A,H,-,A,A,0,,,,,Y,,A,01,0,0,2,0,0,0,0,0,0,"- ","- ",39.753259999999997,-121.96810000000001,BUTTE,UNINCORPORATED,-121.96809981,39.75330726
90227237,2016,2016-07-21,9240,2016-07-18,1520,018808,,1,2,9,0400,0,3,5,,2,020,"BIGGS GRIDLEY RD","FARRIS RD",4224.00,S,N,A,-,N,,,,,,,,,,Y,3,0,1,1,A,-,01,23152,A,N,E,I,A,A,H,-,A,D,0,,,,,Y,Y,D,22,0,1,0,0,0,0,0,0,0,"- ","- ",39.388869999999997,-121.71554999999999,BUTTE,UNINCORPORATED,-121.71458945000001,39.388504249999997
90227431,2016,2016-07-21,9240,2016-07-11,2215,019085,,1,3,3,0404,0,1,3,,2,031,"SR-70 E/B","GEORGIA PACIFIC WAY",657.00,N,N,A,-,Y,,,70,,,,,,E,Y,2,0,1,1,A,-,01,23152,A,N,F,A,A,A,H,-,C,D,0,,,,,Y,Y,A,01,1,0,0,0,0,0,0,0,0,"- ","- ",39.479289999999999,-121.57544,BUTTE,OROVILLE,-121.5755135,39.479290550000002
90229245,2016,2016-07-25,9240,2016-07-11,1120,018046,,1,1,9,0400,0,1,3,,1,011,SR-70,"CENTRAL HOUSE ROAD",2300.00,N,N,A,-,Y,,,70,,,,,,,Y,3,0,2,2,A,-,03,22350,,N,C,C,A,A,H,-,A,D,0,,,,Y,Y,,G,25,0,2,0,0,0,0,0,0,0,"- ","- ",39.355939999999997,-121.60437,BUTTE,UNINCORPORATED,-121.60436132,39.355944950000001
90230550,2016,2016-07-26,9240,2016-07-18,0020,019710,,1,3,9,0400,0,3,5,,2,040,"ORO QUINCY HWY","SEMINOLE DR",559.00,E,N,A,-,N,,,,,,,,,,Y,2,0,2,1,A,-,01,23152,A,N,E,I,A,A,H,-,D,D,0,,,,,Y,Y,A,07,1,1,0,0,0,0,0,0,0,"- ","- ",39.667079999999999,-121.39606000000001,BUTTE,UNINCORPORATED,-121.39677260000001,39.666440799999997
90232377,2016,2016-07-28,9241,2016-07-24,2150,015794,,7,2,9,0400,0,2,4,,2,083,"RIVER RD","ORD FERRY RD",8976.00,N,N,A,-,N,,,,,,,,,,Y,3,0,1,1,A,-,01,23152,A,N,E,I,A,A,H,-,D,D,0,,,,,Y,Y,A,01,0,1,0,0,0,0,0,0,0,"- ","- ",39.654319999999998,-121.94508,BUTTE,UNINCORPORATED,-121.94589999999999,39.651797350000002
90232577,2016,2016-07-28,9240,2016-07-25,2355,018841,,1,3,9,0400,0,1,3,,2,022,"RT 162","WICKMAN RD",3274.00,W,N,A,-,Y,,,162,,,,,,,Y,4,0,1,1,A,-,05,21650,,N,E,I,A,A,H,-,D,D,0,,,,,Y,,A,01,0,0,1,0,0,0,0,0,0,"- ","- ",39.4649,-121.79396,BUTTE,UNINCORPORATED,-121.79395958000001,39.464812960000003
90234651,2016,2016-08-01,9240,2016-07-21,1330,013276,,4,1,9,0400,0,1,3,,1,021,SR-99,"NELSON AVE",3640.00,S,N,A,-,Y,,,99,,,,,,,Y,4,0,1,1,A,-,08,22107,,N,E,I,A,A,H,-,A,D,0,,,,,Y,,A,01,0,0,1,0,0,0,0,0,0,"- ","- ",39.512889999999999,-121.68868000000001,BUTTE,UNINCORPORATED,-121.68879827000001,39.512890179999999
90234726,2016,2016-08-01,9240,2016-07-18,2035,018980,,1,2,9,0400,0,3,5,,2,010,"ORO BANGOR HWY","GUNTER LN",528.00,W,N,A,-,N,,,,,,,,,,Y,3,0,1,1,A,-,01,23152,A,N,E,I,A,A,H,-,B,D,0,,,,,Y,Y,D,22,0,1,0,0,0,0,0,0,0,"- ","- ",39.480170000000001,-121.51599,BUTTE,UNINCORPORATED,-121.51482670999999,39.480137569999997
90234786,2016,2016-08-01,9240,2016-07-09,1535,018980,,6,2,9,0400,0,1,3,,1,011,SR-70,"E. GRIDLEY RD.",0.00,,Y,A,-,Y,,,70,,,,,,,Y,4,0,1,5,C,-,18,,,N,D,C,A,A,G,-,A,A,0,,,,,Y,,-,"- ",0,0,1,0,0,0,0,0,0,"- ","- ",39.364629999999998,-121.60786,BUTTE,UNINCORPORATED,-121.60786256,39.364629049999998
90234815,2016,2016-08-01,9241,2016-06-28,1130,13210,,2,1,9,0400,0,1,3,,2,081,"SR-99 S/B","SOUTHGATE AVE",150.00,N,N,A,-,Y,,,99,,,,,,S,N,4,0,1,3,A,-,03,22350,,N,C,C,A,A,H,-,A,A,0,,,,,Y,,E,22,0,0,1,0,0,0,0,0,0,"- ","- ",39.701520000000002,-121.78634,BUTTE,UNINCORPORATED,-121.78637446,39.701481399999999
90234840,2016,2016-08-01,9241,2016-07-17,1745,016120,,7,2,9,0400,0,1,3,,2,093,"SR-191 (CLARK RD)","CIRLE J RD",5280.00,N,N,A,-,Y,,,191,,,,,,,Y,2,0,1,1,A,-,08,22107,,N,E,I,A,A,H,-,A,D,0,,,,,Y,,A,01,1,0,0,0,0,0,0,0,0,"- ","- ",39.69952,-121.61239,BUTTE,UNINCORPORATED,-121.61240527,39.699526949999999