CASE_ID,ACCIDENT_YEAR,PROC_DATE,JURIS,COLLISION_DATE,COLLISION_TIME,OFFICER_ID,REPORTING_DISTRICT,DAY_OF_WEEK,CHP_SHIFT,POPULATION,CNTY_CITY_LOC,SPECIAL_COND,BEAT_TYPE,CHP_BEAT_TYPE,CITY_DIVISION_LAPD,CHP_BEAT_CLASS,BEAT_NUMBER,PRIMARY_RD,SECONDARY_RD,DISTANCE,DIRECTION,INTERSECTION,WEATHER_1,WEATHER_2,STATE_HWY_IND,CALTRANS_COUNTY,CALTRANS_DISTRICT,STATE_ROUTE,ROUTE_SUFFIX,POSTMILE_PREFIX,POSTMILE,LOCATION_TYPE,RAMP_INTERSECTION,SIDE_OF_HWY,TOW_AWAY,COLLISION_SEVERITY,NUMBER_KILLED,NUMBER_INJURED,PARTY_COUNT,PRIMARY_COLL_FACTOR,PCF_CODE_OF_VIOL,PCF_VIOL_CATEGORY,PCF_VIOLATION,PCF_VIOL_SUBSECTION,HIT_AND_RUN,TYPE_OF_COLLISION,MVIW,PED_ACTION,ROAD_SURFACE,ROAD_COND_1,ROAD_COND_2,LIGHTING,CONTROL_DEVICE,CHP_ROAD_TYPE,PEDESTRIAN_ACCIDENT,BICYCLE_ACCIDENT,MOTORCYCLE_ACCIDENT,TRUCK_ACCIDENT,NOT_PRIVATE_PROPERTY,ALCOHOL_INVOLVED,STWD_VEHTYPE_AT_FAULT,CHP_VEHTYPE_AT_FAULT,COUNT_SEVERE_INJ,COUNT_VISIBLE_INJ,COUNT_COMPLAINT_PAIN,COUNT_PED_KILLED,COUNT_PED_INJURED,COUNT_BICYCLIST_KILLED,COUNT_BICYCLIST_INJURED,COUNT_MC_KILLED,COUNT_MC_INJURED,PRIMARY_RAMP,SECONDARY_RAMP,LATITUDE,LONGITUDE,COUNTY,CITY,POINT_X,POINT_Y
90282905,2016,2016-10-04,9241,2016-09-27,0850,013855,,2,1,9,0400,0,1,3,,2,100,"SR-99 N/B","E 1ST AVE",300.00,S,N,A,-,Y,,,,,,,,,,Y,4,0,1,2,A,-,03,22350,,N,C,C,A,A,H,-,A,D,0,,,,,Y,,A,01,0,0,1,0,0,0,0,0,0,"- ","- ",39.743949999999998,-121.82984,BUTTE,UNINCORPORATED,,
90283425,2016,2016-10-04,9241,2016-09-26,0957,013855,,1,1,9,0400,0,1,3,,2,100,"SR-99 S/B","EATON RD",1056.00,S,N,A,-,Y,,,99,,,,,,S,Y,4,0,1,2,A,-,08,22107,,N,E,C,A,A,H,-,A,D,0,,,,Y,Y,,A,01,0,0,1,0,0,0,0,0,0,"- ","- ",39.771230000000003,-121.86958,BUTTE,UNINCORPORATED,-121.86955587999999,39.771257560000002
90284190,2016,2016-10-05,9240,2016-09-21,1826,018796,,3,2,9,0400,0,1,3,,2,034,"SR-149 N/B",SR-99,3696.00,S,N,A,-,Y,,,149,,,,,,N,Y,2,0,2,1,A,-,01,23152,E,N,E,I,A,A,H,-,A,D,0,,,,,Y,,A,07,2,0,0,0,0,0,0,0,0,"- ","- ",39.622549999999997,-121.69369,BUTTE,UNINCORPORATED,-121.69364625,39.622600560000002
90284273,2016,2018-07-05,9241,2016-09-27,1745,016609,,2,2,5,0402,0,1,3,,2,100,"SR-99 N/B","E 20TH ST",1584.00,S,N,A,-,Y,,,99,,,,,,N,Y,4,0,1,5,A,-,03,22350,,F,C,C,A,A,H,-,A,D,0,,,,,Y,,A,01,0,0,1,0,0,0,0,0,0,"- ","- ",39.721940000000004,-121.80605,BUTTE,CHICO,-121.80597406,39.721998040000003
90284359,2016,2016-10-05,9240,2016-09-03,0450,019710,,6,3,9,0400,0,1,3,,2,032,"STATE ROUTE 149 SOUTHBOUND","STATE ROUTE 70",340.00,N,N,A,-,Y,,,149,,,,,,S,Y,3,0,1,1,A,-,05,21650,,N,F,A,A,A,H,-,D,D,0,,,,,Y,Y,D,22,0,1,0,0,0,0,0,0,0,"- ","- ",39.583440000000003,-121.62487,BUTTE,UNINCORPORATED,-121.62477106,39.583598680000001
90285337,2016,2016-10-06,9240,2016-09-30,1030,013161,,5,1,9,0400,0,1,3,,2,041,"OLIVE HWY.","ARBOL AVE.",0.00,,Y,A,-,Y,,,,,,,,,,Y,3,0,1,2,A,-,09,21802,A,N,D,C,A,A,H,-,A,A,0,,,,,Y,,A,07,0,1,0,0,0,0,0,0,0,"- ","- ",39.505479999999999,-121.51736,BUTTE,UNINCORPORATED,-121.51738,39.505460999999997
90285374,2016,2016-10-06,9240,2016-10-02,0400,019085,,7,3,9,0400,0,1,3,,1,011,"RT 70","LOWER HONCUT RD",48.00,N,N,A,-,Y,,,70,,,,,,,Y,3,0,1,1,A,-,01,23152,A,N,E,I,A,A,H,-,C,A,0,,,,,Y,Y,A,07,0,1,0,0,0,0,0,0,0,"- ","- ",39.321069999999999,-121.59631,BUTTE,UNINCORPORATED,-121.59616404000001,39.321085189999998
90285481,2016,2016-10-06,9240,2016-09-28,1638,019055,,3,2,9,0400,0,3,5,,2,020,"LARKIN ROAD","PALM AVE",736.00,S,N,E,-,N,,,,,,,,,,Y,3,0,1,2,A,-,03,22350,,N,C,C,A,A,H,-,A,D,0,,,,,Y,,D,22,0,1,0,0,0,0,0,0,0,"- ","- ",39.407040000000002,-121.64421,BUTTE,UNINCORPORATED,-121.64411386,39.406975889999998
90285895,2016,2016-10-06,9241,2016-09-30,1015,018181,,5,1,9,0400,0,2,4,,2,086,"ORD FERRRY RD.","RIVER RD.",4224.00,E,N,A,-,N,,,,,,,,,,N,3,0,1,2,D,-,00,,,F,B,C,A,A,H,-,A,D,0,,,,Y,Y,,-,"- ",0,1,0,0,0,0,0,0,0,"- ","- ",39.631039999999999,-121.93118,BUTTE,UNINCORPORATED,-121.93177367,39.630851360000001
9028686,2019,2020-01-29,0404,2019-11-15,2155,670,E,5,5,3,0404,0,0,0,,0,00E,"WYANDOTTE AV","BURLINGTON AV",0.00,,Y,A,-,N,,,,,,,,,,Y,4,0,1,2,A,-,03,22350,A,F,A,C,A,A,H,-,C,D,0,,,,,Y,,-,,0,0,1,0,0,0,0,0,0,"- ","- ",39.501121520996094,-121.54163360595703,BUTTE,OROVILLE,-121.54161071777344,39.500461578369141
90287649,2016,2016-10-10,9241,2016-10-07,1520,018578,,5,2,9,0400,0,2,4,,2,096,HONEYRUN,"MERLIN LN",1584.00,E,N,A,-,N,,,,,,,,,,N,3,0,1,2,A,-,17,21662,A,F,B,G,A,A,E,-,A,D,0,,Y,,,Y,,A,01,0,1,0,0,0,0,1,0,0,"- ","- ",39.746780000000001,-121.67118000000001,BUTTE,UNINCORPORATED,-121.67023467,39.747278459999997
90287805,2016,2016-10-10,9241,2016-09-30,0650,017114,,5,1,9,0400,0,3,5,,2,008,"ESQUON RD.","BLASER LN.",1056.00,N,N,A,-,Y,,,,,,,,,,Y,3,0,1,1,A,-,08,22107,,N,F,A,A,A,H,-,B,D,0,,,,,Y,,A,01,0,1,0,0,0,0,0,0,0,"- ","- ",39.653950000000002,-121.76438,BUTTE,UNINCORPORATED,-121.76460772999999,39.655069699999999
90287838,2016,2016-10-10,9240,2016-09-15,1730,018876,,4,2,9,0400,0,3,5,,2,020,"LARKIN RD","RABE RD",25.00,N,N,A,-,N,,,,,,,,,,N,4,0,3,2,A,-,03,22350,,N,C,C,A,A,H,-,A,D,0,,,,,Y,,A,01,0,0,3,0,0,0,0,0,0,"- ","- ",39.472850000000001,-121.6268,BUTTE,UNINCORPORATED,-121.62677896,39.473058639999998
90287958,2016,2016-10-10,9241,2016-09-30,2300,018578,,5,3,9,0400,0,2,4,,2,084,"CHICO RIVER ROAD","NORTHGRAVES AVE",0.00,,Y,A,-,N,,,,,,,,,,N,2,0,1,2,A,-,11,21954,A,N,G,B,E,A,H,-,D,D,0,Y,,,,Y,Y,N,60,1,0,0,0,1,0,0,0,0,"- ","- ",39.718040000000002,-121.85518,BUTTE,UNINCORPORATED,-121.85519997,39.718129900000001
90287999,2016,2016-10-10,9241,2016-10-05,1530,019043,,3,2,9,0400,0,3,5,,2,007,"HUMBUG SUMMIT RD",SKYWAY,20592.00,E,N,A,-,N,,,,,,,,,,N,3,0,2,1,A,-,03,22350,,N,E,I,A,A,H,-,A,D,0,,,,,Y,,A,07,0,2,0,0,0,0,0,0,0,"- ","- ",40.059600000000003,-121.48737,BUTTE,UNINCORPORATED,-121.46451116,40.069434630000003
90289453,2016,2016-10-11,9240,2016-10-10,1309,017532,,1,1,9,0400,0,3,5,,2,020,"BIGGS EAST HWY",SR-99,1056.00,E,N,A,-,N,,,,,,,,,,Y,4,0,1,1,A,-,08,22107,,N,F,A,A,A,H,-,A,D,0,,,,,Y,,A,01,0,0,1,0,0,0,0,0,0,"- ","- ",39.414960000000001,-121.68470000000001,BUTTE,UNINCORPORATED,-121.68441174,39.415028139999997
90289458,2016,2016-10-11,9240,2016-10-02,2005,018796,,7,2,9,0400,0,1,3,,1,021,SR-99,"TURNER AVE",367.00,S,N,A,-,Y,,,99,,,,,,,Y,4,0,1,1,A,-,05,21650,,N,E,I,A,A,H,-,C,D,0,,,,,Y,,A,01,0,0,1,0,0,0,0,0,0,"- ","- ",39.321469999999998,-121.6786,BUTTE,UNINCORPORATED,-121.67865146,39.321451089999996
90289868,2016,2016-10-12,9241,2016-10-05,0825,017114,,3,1,5,0402,0,1,3,,2,100,"SR-99 S/B",SKYWAY,2112.00,N,N,A,-,Y,,,99,,,,,,S,Y,4,0,1,2,A,-,01,23152,A,F,C,C,A,A,H,-,A,D,0,,,,,Y,Y,A,07,0,0,1,0,0,0,0,0,0,"- ","- ",39.720010000000002,-121.80486000000001,BUTTE,CHICO,-121.80484061999999,39.720024639999998
9029051,2019,2020-02-04,0404,2019-12-01,1004,651,TH,7,5,3,0404,0,0,0,,0,0TH,"GRAND AV","FOGG AV",0.00,,Y,C,-,N,,,,,,,,,,Y,4,0,1,2,A,-,09,21804,,N,D,C,A,B,H,-,A,D,0,,,,,Y,,A,01,0,0,1,0,0,0,0,0,0,"- ","- ",39.52001953125,-121.56963348388672,BUTTE,OROVILLE,-121.56398773193359,39.518569946289062
9029055,2019,2020-02-04,0404,2019-12-01,1221,651,W,7,5,3,0404,0,0,0,,0,00W,"CAL OAK RD","FEATHER RIVER BL",385.00,E,N,C,-,N,,,,,,,,,,N,3,0,1,1,B,-,22,,,N,G,B,A,B,H,-,A,D,0,,,,,Y,,A,08,0,1,0,0,0,0,0,0,0,"- ","- ",39.49176025390625,-121.57105255126953,BUTTE,OROVILLE,-121.57138824462891,39.492607116699219
90293427,2016,2016-10-17,9240,2016-10-14,1200,013276,,5,1,9,0400,0,1,3,,2,032,"SR-70 (W/B)",SR-149,700.00,E,N,B,C,Y,,,70,,,,,,,Y,4,0,1,1,A,-,03,22350,,N,E,I,A,B,H,-,A,D,0,,,,,Y,,A,01,0,0,1,0,0,0,0,0,0,"- ","- ",39.585700000000003,-121.61971,BUTTE,UNINCORPORATED,-121.61977361,39.585729860000001
90293781,2016,2016-10-17,9240,2016-10-14,0835,013161,,5,1,9,0400,0,3,5,,2,010,"LINCOLN BLVD.","ARNOLD AVE",300.00,S,N,B,C,N,,,,,,,,,,Y,3,0,2,2,A,-,03,22350,,N,A,C,A,B,H,-,A,D,0,,,,,Y,,D,22,0,1,1,0,0,0,0,0,0,"- ","- ",39.480910000000002,-121.54962999999999,BUTTE,UNINCORPORATED,-121.54944945,39.480628510000003
90294384,2016,2016-10-18,9241,2016-10-16,2335,016831,,7,3,9,0400,0,1,3,,2,081,"SR-99 N/B","SOUTHGATE LN",0.00,,Y,B,-,Y,,,99,,,,,,N,Y,4,0,1,2,A,-,01,23152,A,N,C,C,A,B,H,-,C,D,0,,,,,Y,Y,A,01,0,0,1,0,0,0,0,0,0,"- ","- ",39.7012,-121.78558,BUTTE,UNINCORPORATED,-121.7856069,39.701170599999998
90295821,2016,2016-10-19,9240,2016-10-12,0720,017532,,3,1,9,0400,0,3,5,,2,010,"PALERMO-HONCUT HWY","SOUTH VILLA AVE",0.00,,Y,A,-,N,,,,,,,,,,Y,4,0,1,2,A,-,09,21802,A,N,D,C,A,A,H,-,B,A,0,,,,,Y,,A,08,0,0,1,0,0,0,0,0,0,"- ","- ",39.431269999999998,-121.53749000000001,BUTTE,UNINCORPORATED,-121.53741994000001,39.431289980000003
90298960,2016,2016-10-24,9241,2016-10-12,2009,019060,,3,2,9,0400,0,1,3,,2,093,SR-191,"BUTTE CAMPUS DR",340.00,N,N,A,-,Y,,,,,,,,,,Y,2,0,1,2,A,-,09,21804,A,N,D,C,A,A,H,-,C,D,0,,,Y,,Y,,A,01,1,0,0,0,0,0,0,0,1,"- ","- ",39.65448,-121.63468,BUTTE,UNINCORPORATED,,
90299125,2016,2016-10-24,9241,2016-10-21,1615,012656,,5,2,5,0402,0,1,3,,2,100,"SR-99 S/B","SR-32 W/B",1056.00,N,N,A,-,Y,,,,,,,,,,Y,3,0,2,2,A,-,03,22350,,N,C,C,A,A,H,-,A,D,0,,,,,Y,,A,08,0,2,0,0,0,0,0,0,0,"- ","- ",39.73901,-121.8203,BUTTE,CHICO,,
90299261,2016,2016-10-24,9240,2016-10-07,1705,018833,,5,2,9,0400,0,3,5,,2,010,"FORBESTOWN RD","HURLETON RD",285.00,N,N,A,-,N,,,,,,,,,,Y,2,0,1,1,A,-,01,23152,E,N,E,I,A,A,H,-,A,D,0,,,,,Y,,A,01,1,0,0,0,0,0,0,0,0,"- ","- ",39.491770000000002,-121.37993,BUTTE,UNINCORPORATED,-121.43128313,39.503563079999999
90300249,2016,2016-10-25,9240,2016-10-15,1255,015532,,6,1,9,0400,0,3,5,,2,020,"COLUSA HWY","HATCH RD",455.00,E,N,B,-,Y,,,,,,,,,,Y,3,0,2,1,A,-,08,22107,,N,E,I,A,A,H,-,A,D,0,,,,,Y,,D,22,0,1,1,0,0,0,0,0,0,"- ","- ",39.214359999999999,-121.51094000000001,BUTTE,UNINCORPORATED,-121.85327055,39.362151179999998
90300434,2016,2016-10-25,9240,2016-10-06,1145,017364,,4,1,9,0400,0,3,5,,2,020,"WEST LIBERTY ROAD","DEWSNUP AVENUE",200.00,W,N,A,-,N,,,,,,,,,,N,3,0,1,2,A,-,05,21650,,N,H,G,A,A,H,-,A,D,0,,Y,,,Y,,L,04,0,1,0,0,0,0,1,0,0,"- ","- ",39.347720000000002,-121.71118,BUTTE,UNINCORPORATED,-121.70952727,39.348370780000003
90300976,2016,2016-10-25,9240,2016-10-21,1544,019435,,5,2,9,0400,0,3,5,,2,020,SR-162,SR-99,2640.00,W,N,A,-,Y,,,162,,,,,,,Y,3,0,1,2,A,-,08,22107,,N,D,C,A,A,H,-,A,D,0,,,,,Y,,E,22,0,1,0,0,0,0,0,0,0,"- ","- ",39.465209999999999,-121.69801,BUTTE,UNINCORPORATED,-121.69800926000001,39.465154249999998
9030221,2019,2020-06-29,0402,2019-12-16,1652,97,,1,5,5,0402,0,0,0,,0,001,"NORD AV","NORD AV 2269",0.00,,Y,A,-,Y,BUT,3,32,-,-,6.480,H,-,E,Y,3,0,2,2,A,-,09,21801,A,N,D,C,A,A,H,-,B,D,0,,,,,Y,,D,22,0,1,1,0,0,0,0,0,0,"- ","- ",39.740001678466797,-121.87969970703125,BUTTE,CHICO,-121.87935638427734,39.740386962890625
90303080,2016,2016-10-27,9241,2016-10-25,1730,015794,,2,2,9,0400,0,1,3,,2,093,SR-191,"AIRPORT RD",1056.00,S,N,B,C,Y,,,191,,,,,,,Y,4,0,1,1,A,-,08,22107,,N,E,I,A,B,H,-,A,D,0,,,,,Y,,A,01,0,0,1,0,0,0,0,0,0,"- ","- ",39.711300000000001,-121.61236,BUTTE,UNINCORPORATED,-121.6124193,39.711287550000002
90303236,2016,2016-10-27,9241,2016-10-20,1345,016609,,4,1,5,0402,0,1,3,,2,100,"SR-99 N/B","EATON RD",2000.00,S,N,A,-,Y,,,99,,,,,,N,Y,4,0,1,2,A,-,07,21658,A,N,F,A,A,A,H,-,A,D,0,,,,,Y,,A,07,0,0,1,0,0,0,0,0,0,"- ","- ",39.770620000000001,-121.86839000000001,BUTTE,CHICO,-121.86839225999999,39.770617209999997
90303296,2016,2016-10-27,9241,2016-10-25,1530,019043,,2,2,9,0400,0,3,5,,2,007,"COUTOLENC RD",SKYWAY,0.00,,Y,C,-,N,,,,,,,,,,Y,3,0,1,2,A,-,12,21453,A,N,D,C,A,B,H,-,A,A,0,,,,,Y,,A,01,0,1,0,0,0,0,0,0,0,"- ","- ",39.812910000000002,-121.57823,BUTTE,UNINCORPORATED,-121.57771995,39.891279930000003
90307097,2016,2016-10-31,9240,2016-10-13,1628,019653,,4,2,9,0400,0,3,5,,2,010,"FORESTVIEW DR","WYNOKA WAY",66.00,W,N,A,-,N,,,,,,,,,,N,2,0,1,2,A,-,11,21954,A,N,G,B,D,A,H,-,A,D,0,Y,,,,Y,,N,60,1,0,0,0,1,0,0,0,0,"- ","- ",39.475569999999998,-121.52706000000001,BUTTE,UNINCORPORATED,-121.52712,39.476280000000003
90307516,2016,2016-10-31,9240,2016-10-25,2345,019085,,2,3,9,0400,0,3,5,,2,030,"CHEROKEE RD","VINTON GULCH",1093.00,S,N,B,-,N,,,,,,,,,,Y,3,0,1,1,A,-,01,23153,A,N,E,I,A,B,H,-,D,D,0,,,,,Y,Y,A,01,0,1,0,0,0,0,0,0,0,"- ","- ",39.646320000000003,-121.54825,BUTTE,UNINCORPORATED,-121.54822590000001,39.646143960000003
90307756,2016,2016-10-31,9241,2016-10-20,0825,017114,,4,1,9,0400,0,2,4,,2,086,"DURHAM-DAYTON HIGHWAY",MIDWAY,0.00,,Y,A,-,N,,,,,,,,,,N,4,0,1,2,A,-,21,22106,,N,C,C,A,A,H,-,A,A,0,,,,,Y,,A,07,0,0,1,0,0,0,0,0,0,"- ","- ",39.646090000000001,-121.80003000000001,BUTTE,UNINCORPORATED,-121.80019989,39.646029939999998
90308263,2016,2016-11-01,9241,2016-10-28,1450,016360,,5,2,5,0402,0,1,3,,2,100,"SR-99 N/B (GOLDEN STATE HIGHWAY)","E. 5TH AVE.",200.00,N,N,B,C,Y,,,99,,,,,,N,Y,4,0,3,2,A,-,03,22350,,N,C,C,A,B,H,-,A,D,0,,,,,Y,,A,07,0,0,3,0,0,0,0,0,0,"- ","- ",39.748890000000003,-121.83619,BUTTE,CHICO,-121.83617142999999,39.748914980000002
90308280,2016,2016-11-01,9241,2016-10-28,1720,016360,,5,2,9,0400,0,1,3,,2,080,"SR-32 E/B","PRIVATE DRIVEWAY 5399 SR 32",15.00,E,N,B,C,Y,,,32,,,,,,E,Y,2,0,2,1,A,-,08,22107,,N,F,A,A,B,H,-,A,D,0,,,,,Y,,D,22,1,1,0,0,0,0,0,0,0,"- ","- ",39.752409999999998,-121.99132,BUTTE,UNINCORPORATED,-121.99131869999999,39.752462899999998
90308416,2016,2016-11-01,9240,2016-10-29,0505,015532,,6,3,9,0400,0,1,3,,1,021,SR-99,"WRIGHT AVE",372.00,S,N,B,-,Y,,,,,,,,,,Y,3,0,1,2,A,-,01,23152,A,N,B,C,A,B,H,-,C,D,0,,,,Y,Y,Y,A,01,0,1,0,0,0,0,0,0,0,"- ","- ",39.201250000000002,-121.41016,BUTTE,UNINCORPORATED,-121.68383234,39.336798860000002
90308649,2016,2016-11-01,9240,2016-10-30,0158,018841,,7,3,9,0400,0,3,5,,2,010,"FOOTHILL BLVD","ORO BANGOR HWY",22.00,N,N,A,-,N,,,,,,,,,,Y,2,0,3,1,A,-,01,23152,A,N,E,I,A,A,H,-,D,D,0,,,,,Y,Y,A,01,3,0,0,0,0,0,0,0,0,"- ","- ",39.482939999999999,-121.50431,BUTTE,UNINCORPORATED,-121.50711805,39.485236409999999
90308993,2016,2016-11-01,9240,2016-10-26,0300,018841,,3,3,9,0400,0,1,3,,2,041,"STATE ROUTE 162 (OLIVE HWY)","WALLY B LN",30.00,W,N,A,-,Y,,,,,,,,,,Y,3,0,1,1,A,-,01,23152,A,N,E,I,A,A,H,-,D,D,0,,,,,Y,Y,A,01,0,1,0,0,0,0,0,0,0,"- ","- ",39.509030000000003,-121.47579,BUTTE,UNINCORPORATED,,
90310678,2016,2016-11-03,9241,2016-10-28,1212,016609,,5,1,9,0400,0,3,5,,2,008,"HEGAN LN",MIDWAY,25.00,W,N,B,C,N,,,,,,,,,,Y,4,0,1,2,A,-,08,22107,,N,D,C,A,B,H,-,A,A,0,,,,,Y,,D,22,0,0,1,0,0,0,0,0,0,"- ","- ",39.708640000000003,-121.80972,BUTTE,UNINCORPORATED,-121.80930177,39.708799499999998
90310709,2016,2016-11-03,9241,2016-11-01,0315,015529,,2,3,9,0400,0,2,4,,2,071,SKYWAY,"TRANQUILITY LN",295.00,S,N,B,C,N,,,,,,,,,,Y,4,0,1,1,A,-,08,22107,,N,E,I,A,B,H,-,D,D,0,,,,,Y,Y,A,07,0,0,1,0,0,0,0,0,0,"- ","- ",39.859560000000002,-121.60813,BUTTE,UNINCORPORATED,-121.60815778,39.859163719999998
90312103,2016,2016-11-07,9240,2016-10-20,1620,018833,,4,2,9,0400,0,3,5,,2,020,"LARKIN RD","RABE RD",1056.00,N,N,A,-,N,,,,,,,,,,Y,4,0,3,1,A,-,08,22107,,N,E,I,A,A,H,-,A,D,0,,,,,Y,,A,07,0,0,3,0,0,0,0,0,0,"- ","- ",39.476480000000002,-121.62703,BUTTE,UNINCORPORATED,-121.62673593,39.475889539999997
90312173,2016,2016-11-07,9240,2016-11-05,0845,013161,,6,1,9,0400,0,3,5,,2,010,"PALERMO-HONCUT HWY","LOUIS AVE",200.00,S,N,B,-,N,,,,,,,,,,Y,3,0,1,1,A,-,08,22107,,N,E,I,A,A,H,-,A,D,0,,,,,Y,,A,07,0,1,0,0,0,0,0,0,0,"- ","- ",39.425190000000001,-121.53739,BUTTE,UNINCORPORATED,-121.53732442,39.425010960000002
90312187,2016,2016-11-07,9240,2016-10-25,1220,015532,,2,1,9,0400,0,3,5,,2,010,"LINCOLN BLVD","ARNOLD AVE",317.00,S,N,C,-,N,,,,,,,,,,Y,4,0,1,1,A,-,03,22350,,N,E,J,A,B,H,-,A,D,0,,,,,Y,,D,22,0,0,1,0,0,0,0,0,0,"- ","- ",39.285029999999999,-121.32583,BUTTE,UNINCORPORATED,-121.54940636000001,39.480595970000003
90312244,2016,2016-11-07,9240,2016-11-06,0525,013161,,7,3,9,0400,0,3,5,,2,040,"FORBESTOWN RD","FORBESTOWN CIR",9.00,W,N,B,-,N,,,,,,,,,,Y,3,0,2,1,A,-,05,21650,,N,E,I,A,A,H,-,D,D,0,,,,,Y,,A,01,0,2,0,0,0,0,0,0,0,"- ","- ",39.501350000000002,-121.40727,BUTTE,UNINCORPORATED,-121.40743190000001,39.50141
90312400,2016,2016-11-07,9240,2016-10-27,1440,019653,,4,2,9,0400,0,3,5,,2,010,"LOWER WYANDOTTE RD","V-6 RD",0.00,,Y,B,C,N,,,,,,,,,,Y,2,0,2,2,A,-,09,21801,A,N,A,C,A,B,H,-,A,D,0,,,,,Y,,A,01,1,0,1,0,0,0,0,0,0,"- ","- ",39.4878,-121.53058,BUTTE,UNINCORPORATED,-121.53058996999999,39.487809910000003
90312570,2016,2016-11-07,9240,2016-10-14,1634,018389,,5,2,9,0400,0,3,5,,2,010,"ORO DAM BLVDE","RUSTY DUSTY RD",528.00,E,N,B,-,N,,,,,,,,,,Y,3,0,1,1,A,-,08,22107,,M,E,I,A,B,H,-,A,D,0,,,,,Y,,A,01,0,1,0,0,0,0,0,0,0,"- ","- ",39.525379999999998,-121.50733,BUTTE,UNINCORPORATED,-121.50728703,39.5256185
90312621,2016,2016-11-07,9241,2016-11-01,1736,016630,,2,2,5,0402,0,1,3,,2,100,"SR-99 N/B",SR-32,1584.00,S,N,A,-,Y,,,99,,,,,,N,N,4,0,1,3,A,-,03,22350,,N,C,C,A,A,H,-,A,D,0,,,,,Y,,D,22,0,0,1,0,0,0,0,0,0,"- ","- ",39.734389999999998,-121.81661,BUTTE,CHICO,-121.81660247000001,39.73440025
90312890,2016,2016-11-07,9241,2016-11-04,1315,016555,,5,1,9,0400,0,2,4,,2,086,"ORD FERRY RD","PERKINS RD",0.00,,Y,A,-,N,,,,,,,,,,Y,4,0,2,2,A,-,03,22350,,N,C,C,A,A,H,-,A,D,0,,,,,Y,,A,01,0,0,2,0,0,0,0,0,0,"- ","- ",39.647669999999998,-121.87406,BUTTE,UNINCORPORATED,-121.87421987,39.647539909999999
90313002,2016,2016-11-07,9240,2016-10-20,1030,018396,,4,1,9,0400,0,1,3,,2,031,"SR-70 E/B FROM ORO DAM BLVDW","ORO DAM BLVDW",31.00,N,N,A,-,Y,,,,,,,,,,N,3,0,1,2,A,-,10,21950,A,F,G,B,C,A,H,-,A,A,0,Y,,,,Y,,D,22,0,1,0,0,1,0,0,0,0,"- ","- ",39.498179999999998,-121.57442,BUTTE,UNINCORPORATED,,
90313096,2016,2016-11-07,9240,2016-10-14,2300,019710,,5,3,9,0400,0,1,3,,2,034,"STATE ROUTE 149 S/B","OPENSHAW RD",11088.00,S,N,B,-,Y,,,,,,,,,,Y,3,0,1,1,A,-,05,21650,,N,F,A,A,A,H,-,C,D,0,,,,,Y,,D,22,0,1,0,0,0,0,0,0,0,"- ","- ",39.58108,-121.62576,BUTTE,UNINCORPORATED,-121.62843435000001,39.585703940000002
90313412,2016,2016-11-07,9240,2016-10-26,0649,017532,,3,1,9,0400,0,3,5,,2,020,"E. GRIDLEY RD.","KIRK RD",85.00,W,N,A,-,N,,,,,,,,,,N,3,0,1,2,A,-,08,22107,,N,B,C,A,A,H,-,D,D,0,,,,,Y,,A,08,0,1,0,0,0,0,0,0,0,"- ","- ",39.363570000000003,-121.65085000000001,BUTTE,UNINCORPORATED,-121.65083457,39.363603140000002
90314478,2016,2016-11-08,9241,2016-10-31,1655,016246,,1,2,5,0402,0,1,3,,2,100,"SR-99 N/B",SKYWAY,500.00,N,N,C,-,Y,,,,,,,,,,N,4,0,2,2,A,-,03,22350,,N,C,C,A,B,H,-,A,D,0,,,,,Y,,A,01,0,0,2,0,0,0,0,0,0,"- ","- ",39.445999999999998,-121.48999999999999,BUTTE,CHICO,,
90314489,2016,2016-11-08,9241,2016-10-31,1655,015794,,1,2,9,0400,0,1,3,,2,081,"SR-99 N/B","NEAL RD",150.00,S,N,B,C,Y,,,99,,,,,,N,N,4,0,2,3,A,-,07,21658,A,N,B,C,A,B,H,-,A,D,0,,,,,Y,,A,07,0,0,2,0,0,0,0,0,0,"- ","- ",39.665120000000002,-121.74287,BUTTE,UNINCORPORATED,-121.74286231000001,39.665130210000001
90314541,2016,2016-11-08,9241,2016-11-01,1400,015529,,2,2,9,0400,0,3,5,,2,007,"COUTOLENC RD",RIDGEWAY,13200.00,S,N,B,-,N,,,,,,,,,,Y,3,0,1,1,A,-,03,22350,,N,E,I,A,B,H,-,A,D,0,,,,,Y,,D,22,0,1,0,0,0,0,0,0,0,"- ","- ",39.832169999999998,-121.57944999999999,BUTTE,UNINCORPORATED,-121.57841999999999,39.812779999999997
90314844,2016,2016-11-09,9240,2016-10-25,1800,019055,,2,2,9,0400,0,3,5,,2,010,"FORBESTOWN ROAD",SR-162,1320.00,S,N,B,-,N,,,,,,,,,,Y,4,0,1,1,A,-,03,22350,,N,E,I,A,B,H,-,D,D,0,,,,,Y,,D,22,0,0,1,0,0,0,0,0,0,"- ","- ",39.513509999999997,-121.43770000000001,BUTTE,UNINCORPORATED,-121.43954282999999,39.514526500000002