CASE_ID,ACCIDENT_YEAR,PROC_DATE,JURIS,COLLISION_DATE,COLLISION_TIME,OFFICER_ID,REPORTING_DISTRICT,DAY_OF_WEEK,CHP_SHIFT,POPULATION,CNTY_CITY_LOC,SPECIAL_COND,BEAT_TYPE,CHP_BEAT_TYPE,CITY_DIVISION_LAPD,CHP_BEAT_CLASS,BEAT_NUMBER,PRIMARY_RD,SECONDARY_RD,DISTANCE,DIRECTION,INTERSECTION,WEATHER_1,WEATHER_2,STATE_HWY_IND,CALTRANS_COUNTY,CALTRANS_DISTRICT,STATE_ROUTE,ROUTE_SUFFIX,POSTMILE_PREFIX,POSTMILE,LOCATION_TYPE,RAMP_INTERSECTION,SIDE_OF_HWY,TOW_AWAY,COLLISION_SEVERITY,NUMBER_KILLED,NUMBER_INJURED,PARTY_COUNT,PRIMARY_COLL_FACTOR,PCF_CODE_OF_VIOL,PCF_VIOL_CATEGORY,PCF_VIOLATION,PCF_VIOL_SUBSECTION,HIT_AND_RUN,TYPE_OF_COLLISION,MVIW,PED_ACTION,ROAD_SURFACE,ROAD_COND_1,ROAD_COND_2,LIGHTING,CONTROL_DEVICE,CHP_ROAD_TYPE,PEDESTRIAN_ACCIDENT,BICYCLE_ACCIDENT,MOTORCYCLE_ACCIDENT,TRUCK_ACCIDENT,NOT_PRIVATE_PROPERTY,ALCOHOL_INVOLVED,STWD_VEHTYPE_AT_FAULT,CHP_VEHTYPE_AT_FAULT,COUNT_SEVERE_INJ,COUNT_VISIBLE_INJ,COUNT_COMPLAINT_PAIN,COUNT_PED_KILLED,COUNT_PED_INJURED,COUNT_BICYCLIST_KILLED,COUNT_BICYCLIST_INJURED,COUNT_MC_KILLED,COUNT_MC_INJURED,PRIMARY_RAMP,SECONDARY_RAMP,LATITUDE,LONGITUDE,COUNTY,CITY,POINT_X,POINT_Y
90373081,2017,2017-01-19,9240,2017-01-09,1100,015532,,1,1,9,0400,0,1,3,,1,021,SR-99,"HAMILTON RD",1406.00,S,N,B,-,Y,,,99,,,,,,,Y,4,0,1,1,A,-,08,22107,,N,E,J,A,B,H,-,A,D,0,,,,,Y,,A,01,0,0,1,0,0,0,0,0,0,"- ","- ",39.446860000000001,-121.68832,BUTTE,UNINCORPORATED,-121.68830579,39.446860129999997
90373380,2017,2017-01-19,9240,2017-01-03,1535,019055,,2,2,9,0400,0,1,3,,2,041,"SR-162 (OLIVE HWY)","KAMPONG COURT",150.00,E,N,B,-,Y,,,162,,,,,,,Y,4,0,1,3,A,-,05,21460,A,N,B,C,A,B,H,-,A,D,0,,,,Y,Y,,D,22,0,0,1,0,0,0,0,0,0,"- ","- ",39.504370000000002,-121.52253,BUTTE,UNINCORPORATED,-121.52253014,39.504370459999997
90374744,2017,2017-01-23,9241,2017-01-14,1745,019006,,6,2,9,0400,0,1,3,,1,060,SR-32,"HAMILTON NORD CANA HWY",1303.00,E,N,A,-,Y,,,32,,,,,,,Y,4,0,1,2,A,-,01,23152,A,N,C,C,A,A,H,-,D,D,0,,,,,Y,Y,A,01,0,0,1,0,0,0,0,0,0,"- ","- ",39.753839999999997,-121.94685,BUTTE,UNINCORPORATED,-121.94685079,39.753352890000002
90375171,2017,2017-01-23,9240,2017-01-19,0730,013161,,4,1,9,0400,0,1,3,,1,021,SR-99,"TOWNSHIP RD",0.00,,Y,B,C,Y,,,99,,,,,,,Y,3,0,3,2,A,-,09,21802,A,N,A,C,A,B,H,-,A,D,0,,,,,Y,,A,01,0,1,2,0,0,0,0,0,0,"- ","- ",39.343780000000002,-121.68689999999999,BUTTE,UNINCORPORATED,-121.68684836,39.34380419
90375239,2017,2017-02-15,9241,2017-01-11,2140,019043,,3,2,9,0400,0,2,4,,2,090,"SKYWAY W/B","LOOKOUT RD",55.00,W,N,B,-,N,,,,,,,,,,Y,4,0,1,2,A,-,08,22107,,N,B,C,A,A,H,-,D,D,0,,,,,Y,,A,01,0,0,1,0,0,0,0,0,0,"- ","- ",39.731070000000003,-121.68411,BUTTE,UNINCORPORATED,-121.68417334999999,39.731139450000001
90375607,2017,2017-01-23,9240,2017-01-04,1901,019055,,3,2,9,0400,0,1,3,,1,021,SR-99,"W. EVANS REIMER ROAD",0.00,,Y,B,-,Y,,,99,,,,,,,Y,4,0,1,2,A,-,09,21801,A,N,D,C,A,B,H,-,C,D,0,,,,,Y,,A,07,0,0,1,0,0,0,0,0,0,"- ","- ",39.334209999999999,-121.68315,BUTTE,UNINCORPORATED,-121.68308574,39.334219210000001
90376362,2017,2017-01-24,9240,2017-01-18,1440,018967,,3,2,9,0400,0,1,3,,2,022,SR-162,SR-99,0.00,,Y,B,C,Y,,,162,,,,,,,Y,4,0,2,2,A,-,09,21801,A,N,A,C,A,B,H,-,A,A,0,,,,Y,Y,,A,01,0,0,2,0,0,0,0,0,0,"- ","- ",39.494210000000002,-121.68853,BUTTE,UNINCORPORATED,-121.68852903,39.494251869999999
90376586,2017,2017-02-15,9241,2017-01-15,2200,016120,,7,3,5,0402,0,1,3,,2,100,"SR-99 NB TO COHASSET RD","COHASSET RD",528.00,S,N,A,-,Y,,,99,,,,R,,N,Y,4,0,1,1,A,-,01,23152,A,N,E,I,A,A,H,-,C,D,0,,,,,Y,Y,A,01,0,0,1,0,0,0,0,0,0,"- ","- ",39.75414,-121.84348,BUTTE,CHICO,-121.84348,39.75414
90376606,2017,2017-01-24,9241,2017-01-18,1440,019006,,3,2,9,0400,0,1,3,,2,100,"SR-99 S/B","EAST AVE",250.00,S,N,C,-,Y,,,,,,,,,,Y,3,0,1,1,A,-,03,22350,,N,F,I,A,B,H,-,A,D,0,,,,,Y,,A,01,0,1,0,0,0,0,0,0,0,"- ","- ",39.759520000000002,-121.85534,BUTTE,UNINCORPORATED,-121.85502869,39.759629629999999
9037684,2019,2020-02-07,0404,2019-12-03,1514,691,E,2,5,3,0404,0,0,0,,0,00E,"ONTARIO AV","MYERS ST",0.00,,Y,A,-,N,,,,,,,,,,Y,3,0,1,1,A,-,03,22350,,N,H,A,A,A,H,-,A,D,0,,,Y,,Y,,C,02,0,1,0,0,0,0,0,0,1,"- ","- ",39.501911163330078,-121.54857635498047,BUTTE,OROVILLE,-121.54856872558594,39.501941680908203
90377032,2017,2017-01-25,9240,2017-01-16,2300,018841,,1,3,9,0400,0,3,5,,2,030,"ORO DAM BLVDE","GLEN DR",1953.00,E,N,A,-,N,,,,,,,,,,Y,3,0,1,1,A,-,01,23152,A,N,E,I,A,A,H,-,D,D,0,,,,,Y,Y,A,07,0,1,0,0,0,0,0,0,0,"- ","- ",39.527520000000003,-121.50761,BUTTE,UNINCORPORATED,-121.50760353,39.52747634
90377571,2016,2017-01-25,9240,2016-12-17,2040,018876,,6,2,9,0400,0,3,5,,2,010,"OPHIR RD","LINCOLN BLVD",0.00,,Y,A,-,N,,,,,,,,,,Y,2,0,2,2,D,-,00,,,N,A,C,A,A,H,-,C,A,0,,,,,Y,,-,"- ",1,0,1,0,0,0,0,0,0,"- ","- ",39.465800000000002,-121.54938,BUTTE,UNINCORPORATED,-121.54934987,39.46579998
9037762,2020,2020-03-16,0402,2020-01-03,1538,97,,5,5,5,0402,0,0,0,,0,005,"COHASSET RD","EAST AV",2.00,S,N,A,-,N,,,,,,,,,,N,3,0,1,2,A,-,10,21950,A,F,D,B,B,A,H,-,A,A,0,Y,,,,Y,,-,,0,1,0,0,1,0,0,0,0,"- ","- ",,,BUTTE,CHICO,-121.84346771240234,39.760883331298828
90377631,2017,2017-02-15,9241,2017-01-20,0715,019931,,5,1,5,0402,0,1,3,,2,100,"SR-99 N/B TO EAST AVE","EAST AVE",200.00,S,N,C,-,Y,,,99,,,,R,,N,N,4,0,1,3,A,-,03,22350,,N,C,C,A,B,H,-,A,D,0,,,,,Y,,D,22,0,0,1,0,0,0,0,0,0,"- ","- ",39.759839999999997,-121.85429999999999,BUTTE,CHICO,-121.85429999999999,39.759839999999997
90377652,2017,2017-02-15,9241,2017-01-19,1740,018578,,4,2,5,0402,0,1,3,,2,100,"SR-99 N/B",SR-32,1500.00,N,N,B,-,Y,,,99,,,,,,N,Y,3,0,2,2,A,-,03,22350,,N,C,C,A,B,H,-,D,D,0,,,,,Y,,A,01,0,1,1,0,0,0,0,0,0,"- ","- ",39.740110000000001,-121.82425000000001,BUTTE,CHICO,-121.82426884,39.740084680000002
9037766,2020,2020-03-16,0402,2020-01-05,1512,97,,7,5,5,0402,0,0,0,,0,006,ESPLANADE,"E FRANCES WILLARD AV",12.00,S,N,A,-,N,,,,,,,,,,N,3,0,1,2,A,-,08,22107,,N,E,A,A,A,H,-,A,D,0,,,Y,,Y,Y,-,,0,1,0,0,0,0,0,0,1,"- ","- ",,,BUTTE,CHICO,-121.84333801269531,39.734691619873047
90378897,2017,2017-02-15,9241,2017-01-16,1620,016246,,1,2,9,0400,0,1,3,,2,080,SR-32,"NORTH LINDO AVENUE",0.00,,Y,A,-,Y,,,32,,,,,,,N,2,0,1,2,A,-,13,22515,A,N,G,B,A,A,H,-,A,D,0,,,,,Y,,A,07,1,0,0,0,0,0,0,0,0,"- ","- ",39.741970000000002,-121.88333,BUTTE,UNINCORPORATED,-121.88327993,39.74209201
90380426,2017,2017-01-27,9241,2017-01-25,0825,017170,,3,1,5,0402,0,1,3,,2,100,"SR-99 N/B","E. 1ST AVE.",0.30,S,N,B,-,Y,,,99,,,,,,N,Y,4,0,1,3,A,-,03,22350,,N,C,C,A,A,H,-,A,D,0,,,,,Y,,A,01,0,0,1,0,0,0,0,0,0,"- ","- ",39.74268,-121.8279,BUTTE,CHICO,-121.82786502,39.742727790000004
90381732,2017,2017-01-30,9241,2017-01-24,0625,015529,,2,1,9,0400,0,2,4,,2,070,SKYWAY,"DOGTOWN RD",528.00,S,N,A,-,N,,,,,,,,,,Y,3,0,2,2,A,-,03,22350,,N,A,C,A,C,H,-,D,D,0,,,,,Y,,A,08,0,1,1,0,0,0,0,0,0,"- ","- ",39.815379999999998,-121.5823,BUTTE,UNINCORPORATED,-121.59611864999999,39.829343160000001
90381876,2017,2017-01-30,9240,2017-01-21,1630,019055,,6,2,9,0400,0,3,5,,2,010,"ORO-BANGOR HWY","SWEDES FLAT ROAD",2112.00,N,N,C,-,N,,,,,,,,,,Y,4,0,1,1,A,-,08,22107,,N,E,I,A,B,H,-,A,D,0,,,,,Y,,A,01,0,0,1,0,0,0,0,0,0,"- ","- ",39.44764,-121.43771,BUTTE,UNINCORPORATED,-121.43754423,39.447374369999999
90381934,2017,2017-01-30,9240,2017-01-11,2005,018980,,3,2,9,0400,0,3,5,,2,010,"OPHIR RD.","LINCOLN BLVD",80.00,E,N,B,-,N,,,,,,,,,,N,4,0,1,2,A,-,03,22350,,F,C,C,A,A,H,-,D,A,0,,,,,Y,,-,99,0,0,1,0,0,0,0,0,0,"- ","- ",39.465809999999998,-121.54895,BUTTE,UNINCORPORATED,-121.5490667,39.465793910000002
90383238,2017,2017-02-01,9240,2017-01-26,0900,013161,,4,1,9,0400,0,3,5,,2,030,"TABLE MTN BLVD","TABLE MTN OVERCROSSING",2000.00,S,N,A,-,N,,,,,,,,,,Y,4,0,1,1,A,-,05,21650,,N,E,I,A,A,H,-,A,D,0,,,,,Y,,A,01,0,0,1,0,0,0,0,0,0,"- ","- ",39.563290000000002,-121.60413,BUTTE,UNINCORPORATED,-121.61874917,39.587044800000001
90383778,2017,2017-02-01,9241,2017-01-01,1410,016246,,7,2,9,0400,0,3,5,,2,007,"COUTOLENC RD","LUCRETIA RD",1584.00,N,N,F,-,N,,,,,,,,,,Y,1,1,0,2,A,-,03,22350,,N,A,C,A,C,H,-,A,D,0,,,,,Y,,A,01,0,0,0,0,0,0,0,0,0,"- ","- ",39.849200000000003,-121.5676,BUTTE,UNINCORPORATED,-121.5662396,39.852135050000001
90383913,2017,2017-02-01,9241,2017-01-29,1102,015529,,7,1,9,0400,0,3,5,,2,007,SKYWAY,"COUTOLENC RD",0.00,,Y,A,-,N,,,,,,,,,,Y,4,0,1,2,A,-,12,21453,A,N,D,C,A,A,H,-,A,A,0,,,,,Y,,A,01,0,0,1,0,0,0,0,0,0,"- ","- ",39.812609999999999,-121.5787,BUTTE,UNINCORPORATED,-121.57771995,39.891279930000003
90384478,2017,2017-02-02,9241,2017-01-24,2208,017760,,2,3,9,0400,0,3,5,,2,007,SKYWAY,"HUPP COUTOLENC RD",3696.00,E,N,B,-,N,,,,,,,,,,Y,2,0,5,2,A,-,03,22350,,N,A,C,A,C,H,-,D,D,0,,,,,Y,,A,01,1,0,4,0,0,0,0,0,0,"- ","- ",39.885100000000001,-121.59645999999999,BUTTE,UNINCORPORATED,-121.59681746,39.885098339999999
90384605,2017,2017-02-02,9241,2017-01-31,1525,015794,,2,2,9,0400,0,1,3,,1,060,SR-32,"HUMBOLDT RD",5280.00,E,N,B,-,Y,,,32,,,,,,,Y,4,0,2,2,A,-,03,22350,,N,B,A,A,A,H,-,A,D,0,,,,,Y,,D,22,0,0,2,0,0,0,0,0,0,"- ","- ",39.77693,-121.7319,BUTTE,UNINCORPORATED,-121.73193747000001,39.776941719999996
90385093,2017,2017-02-02,9241,2017-01-25,1745,018578,,3,2,9,0400,0,1,3,,1,061,SR-99,"WILSON LANDING RD",96.00,N,N,A,-,Y,,,99,,,,,,,Y,3,0,1,2,A,-,16,24002,A,N,B,C,A,A,H,-,D,D,0,,,,,Y,,A,07,0,1,0,0,0,0,0,0,0,"- ","- ",39.797400000000003,-121.9032,BUTTE,UNINCORPORATED,-121.90313190000001,39.797443110000003
90386650,2017,2017-02-06,9240,2017-01-26,1930,018876,,4,2,9,0400,0,3,5,,2,010,"OPHIR RD","LOWER WYANDOTTE RD",2317.00,W,N,A,-,N,,,,,,,,,,Y,4,0,1,1,A,-,08,22107,,N,E,I,A,A,H,-,D,D,0,,,,,Y,,A,01,0,0,1,0,0,0,0,0,0,"- ","- ",39.46593,-121.53439,BUTTE,UNINCORPORATED,-121.53420711,39.466003890000003
90386967,2017,2017-02-06,9240,2017-02-05,0005,018841,,7,3,9,0400,0,1,3,,2,034,"SR 149 S/B","OPENSHAW RD",3696.00,N,N,A,-,Y,,,149,,,,,,S,Y,4,0,1,1,A,-,08,22107,,N,E,I,A,A,H,-,D,A,0,,,,,Y,,A,01,0,0,1,0,0,0,0,0,0,"- ","- ",39.607219999999998,-121.67212000000001,BUTTE,UNINCORPORATED,-121.67204707,39.607304069999998
90388380,2017,2017-02-08,9240,2017-02-06,2055,018841,,1,2,9,0400,0,1,3,,2,032,"SR 70 S/B","CLARK RD.",6336.00,S,N,C,-,Y,,,,,,,,,,Y,3,0,1,1,A,-,01,23152,A,N,F,A,A,B,H,-,D,D,0,,,,,Y,Y,A,01,0,1,0,0,0,0,0,0,0,"- ","- ",39.585329999999999,-121.61984,BUTTE,UNINCORPORATED,-121.61984242,39.585568979999998
90388641,2017,2017-02-08,9241,2017-02-05,0634,015529,,7,1,9,0400,0,1,3,,2,091,"SR-99 N/B","DURHAM-PENTZ RD",4488.00,S,N,B,-,Y,,,99,,,,,,N,Y,4,0,1,1,A,-,01,23152,A,N,F,A,A,A,H,-,B,D,0,,,,,Y,Y,D,22,0,0,1,0,0,0,0,0,0,"- ","- ",39.632710000000003,-121.7052,BUTTE,UNINCORPORATED,-121.70515777999999,39.632759020000002
90388903,2017,2017-02-08,9240,2017-02-04,1020,017532,,6,1,9,0400,0,3,5,,2,010,"LINCOLN BLVD","ARNOLD AVE",400.00,S,N,B,-,N,,,,,,,,,,N,4,0,2,1,A,-,03,22350,,N,E,I,A,B,H,-,A,D,0,,,,,Y,,D,22,0,0,2,0,0,0,0,0,0,"- ","- ",39.480110000000003,-121.54891000000001,BUTTE,UNINCORPORATED,-121.54919011,39.480441499999998
90389011,2017,2017-02-23,9240,2017-01-28,0335,019653,,6,3,9,0400,0,1,3,,1,011,"SR-70 W/B","OPHIR RD",2112.00,N,N,A,-,Y,,,70,,,,,,W,Y,2,0,2,1,A,-,01,23152,A,N,F,A,A,A,H,-,D,D,0,,,,,Y,Y,A,01,2,0,0,0,0,0,0,0,0,"- ","- ",39.468139999999998,-121.57626999999999,BUTTE,UNINCORPORATED,-121.57620141,39.468120740000003
90389516,2017,2017-02-09,9240,2017-02-01,2340,018841,,3,3,9,0400,0,3,5,,2,010,"PALERMO RD.","LONE TREE RD",101.00,W,N,A,-,N,,,,,,,,,,N,4,0,1,2,A,-,03,22350,,F,G,B,E,A,H,-,D,D,0,Y,,,,Y,,A,01,0,0,1,0,1,0,0,0,0,"- ","- ",39.434199999999997,-121.57680999999999,BUTTE,UNINCORPORATED,-121.57714747,39.434191169999998
90389770,2017,2017-02-09,9240,2017-01-31,2110,018808,,2,2,9,0400,0,1,3,,1,021,SR-99,"TURNER AVE",1584.00,S,N,B,-,Y,,,99,,,,,,,Y,3,0,1,2,A,-,06,21750,,N,C,C,A,A,H,-,D,D,0,,,,,Y,,A,07,0,1,0,0,0,0,0,0,0,"- ","- ",39.318330000000003,-121.67749000000001,BUTTE,UNINCORPORATED,-121.67749765000001,39.318327170000003
90389900,2017,2017-02-09,9241,2017-02-07,1830,015794,,2,2,9,0400,0,2,4,,2,070,SKYWAY,"DOGTOWN RD",241.00,S,N,B,-,N,,,,,,,,,,Y,4,0,1,1,A,-,08,22107,,N,E,I,A,A,H,-,D,D,0,,,,,Y,,D,22,0,0,1,0,0,0,0,0,0,"- ","- ",39.830359999999999,-121.59596000000001,BUTTE,UNINCORPORATED,-121.59596000000001,39.830119119999999
90390550,2017,2017-03-13,9285,2017-01-22,1635,018986,,7,2,9,0400,0,2,4,,2,082,"FORBESTOWN RD",MALLORY,1065.00,E,N,D,-,N,,,,,,,,,,Y,1,1,2,2,A,-,05,21460,A,N,A,C,A,C,H,-,B,D,0,,,,,Y,,D,22,0,0,2,0,0,0,0,0,0,"- ","- ",39.524169999999998,-121.28143,BUTTE,UNINCORPORATED,-121.28567454,39.52799401
90392481,2017,2017-02-14,9240,2017-02-09,0740,013161,,4,1,9,0400,0,1,3,,2,032,SR-70,"SMITH HILL LN.",2000.00,W,N,B,C,Y,,,70,,,,,,,Y,3,0,1,1,A,-,03,22350,,N,F,A,A,B,H,-,A,D,0,,,,,Y,,A,01,0,1,0,0,0,0,0,0,0,"- ","- ",39.643770000000004,-121.56864,BUTTE,UNINCORPORATED,-121.56872394,39.64387404
90393679,2017,2017-02-15,9241,2017-02-11,1030,016555,,6,1,9,0400,0,1,3,,2,100,"SR-99 S/B","COHASSET RD",200.00,S,N,A,-,Y,,,,,,,,,,Y,4,0,1,2,A,-,03,22350,,N,C,C,A,A,H,-,A,A,0,,,,,Y,,A,01,0,0,1,0,0,0,0,0,0,"- ","- ",39.753779999999999,-121.84462000000001,BUTTE,UNINCORPORATED,-121.84456134,39.753740430000001
90395087,2017,2017-02-16,9241,2017-02-16,0735,016555,,4,1,9,0400,0,2,4,,2,070,SKYWAY,"PENTZ RD",1056.00,N,N,C,E,N,,,,,,,,,,Y,4,0,1,2,A,-,08,22107,,N,D,C,A,B,H,-,A,D,0,,,,,Y,,A,07,0,0,1,0,0,0,0,0,0,"- ","- ",39.802100000000003,-121.57874,BUTTE,UNINCORPORATED,-121.57914639000001,39.802900829999999
90396505,2017,2017-02-20,9241,2017-01-24,1230,013855,,2,1,5,0402,0,1,3,,2,100,"SR-99 N/B","E 20TH STREET",0.00,,N,A,-,Y,,,,,,,,,,Y,2,0,2,1,A,-,08,22107,,N,E,I,A,A,H,-,A,D,0,,,,,Y,,A,01,1,1,0,0,0,0,0,0,0,"- ","- ",,,BUTTE,CHICO,-121.80911999999999,39.726109899999997
90396520,2017,2017-02-20,9241,2017-02-18,1825,019043,,6,2,9,0400,0,1,3,,2,080,SR-32,"MUIR AVE",0.00,,Y,B,-,Y,,,32,,,,,,,Y,4,0,2,2,A,-,12,22450,A,N,D,C,A,A,H,-,D,A,0,,,,,Y,,D,22,0,0,2,0,0,0,0,0,0,"- ","- ",39.750660000000003,-121.9032,BUTTE,UNINCORPORATED,-121.90324124,39.750547640000001
90396907,2017,2017-02-21,9240,2017-02-06,2015,019055,,1,2,9,0400,0,3,5,,2,010,"ORO BANGOR HWY","SWEDES FLAT ROAD",500.00,N,N,C,-,N,,,,,,,,,,Y,4,0,1,1,A,-,08,22107,,N,E,I,A,B,H,-,D,D,0,,,,,Y,,D,22,0,0,1,0,0,0,0,0,0,"- ","- ",39.444029999999998,-121.43358000000001,BUTTE,UNINCORPORATED,-121.43376768,39.444466310000003
90397352,2017,2017-02-21,9240,2017-01-20,1705,018389,,5,2,9,0400,0,1,3,,2,041,SR-162,"RIDGEVIEW LN",230.00,E,N,B,C,Y,,,162,,,,,,,Y,2,0,3,1,A,-,03,22350,,F,E,I,A,B,H,-,A,D,0,,,,,Y,,A,07,2,1,0,0,0,0,0,0,0,"- ","- ",39.512749999999997,-121.48119,BUTTE,UNINCORPORATED,-121.48119028000001,39.512772259999998
90398724,2017,2017-02-23,9240,2017-02-11,1655,016044,,6,2,9,0400,0,1,3,,1,021,"RT 99","FORD AVE",520.00,N,N,A,-,N,,,99,,,,,,,N,4,0,1,2,A,-,08,22107,,N,G,B,E,A,H,-,B,D,0,Y,,,,Y,,A,01,0,0,1,0,1,0,0,0,0,"- ","- ",39.370179999999998,-121.68794,BUTTE,UNINCORPORATED,-121.68792401,39.37017977
90398865,2017,2017-02-23,9241,2017-02-11,0750,017170,,6,1,9,0400,0,3,5,,2,008,"HEGAN LN","NICHOLAS C SHOUTEN LN",10.00,E,N,A,-,N,,,,,,,,,,Y,4,0,1,2,A,-,06,21750,,N,C,C,A,A,H,-,A,D,0,,,,,Y,,A,01,0,0,1,0,0,0,0,0,0,"- ","- ",39.69735,-121.82755,BUTTE,UNINCORPORATED,-121.82736260999999,39.697347499999999
90398946,2017,2017-03-09,9240,2017-02-14,1810,019085,,2,2,9,0400,0,3,5,,2,010,"PALERMO RD",SR-70,1150.00,E,N,A,-,N,,,,,,,,,,Y,4,0,2,2,A,-,03,22350,,N,D,C,A,A,H,-,D,D,0,,,,,Y,,A,01,0,0,2,0,0,0,0,0,0,"- ","- ",39.433520000000001,-121.60104,BUTTE,UNINCORPORATED,-121.60104886000001,39.433526929999999
90399000,2017,2017-02-23,9241,2017-02-19,1350,016360,,7,1,9,0400,0,2,4,,2,070,SKYWAY,"WYCLIFF WAY",0.00,,Y,B,C,N,,,,,,,,,,Y,3,0,2,2,A,-,09,21802,A,N,D,C,A,B,H,-,A,A,0,,,,,Y,,A,01,0,1,1,0,0,0,0,0,0,"- ","- ",39.83426,-121.59755,BUTTE,UNINCORPORATED,-121.5970399,39.834029880000003
90399075,2017,2017-03-07,9240,2017-02-20,1220,017532,,1,1,9,0400,0,3,5,,2,020,"WEST BIGGS GRIDLEY RD.","RUDD LN",990.00,E,N,C,-,N,,,,,,,,,,Y,3,0,1,1,A,-,08,22107,,F,E,I,A,B,H,-,A,D,0,,,,,Y,,A,07,0,1,0,0,0,0,0,0,0,"- ","- ",39.388449999999999,-121.71337,BUTTE,UNINCORPORATED,-121.70668000000001,39.381309999999999
90399137,2017,2017-02-23,9241,2017-02-19,2355,016120,,7,3,9,0400,0,3,5,,2,008,"LONE PINE AVE","RODGERS AVE",322.00,S,N,C,G,N,,,,,,,,,,Y,2,0,1,1,A,-,08,22107,,N,E,I,A,B,H,-,D,D,0,,,,,Y,,A,01,1,0,0,0,0,0,0,0,0,"- ","- ",39.774050000000003,-121.87309,BUTTE,UNINCORPORATED,-121.86917034,39.691016769999997
90401453,2017,2017-02-28,9241,2017-02-16,2135,018578,,4,2,9,0400,0,3,5,,2,007,"DOGTOWN RD",SKYWAY,3696.00,N,N,A,-,N,,,,,,,,,,Y,4,0,1,1,A,-,01,23152,A,N,E,I,A,A,H,-,D,D,0,,,,,Y,Y,A,01,0,0,1,0,0,0,0,0,0,"- ","- ",39.822000000000003,-121.5903,BUTTE,UNINCORPORATED,-121.59034517000001,39.822353479999997
90404060,2017,2017-03-01,9240,2017-02-21,0815,017532,,2,1,9,0400,0,1,3,,1,021,SR-99,"B ST.",200.00,N,N,A,-,Y,,,99,,,,,,,N,4,0,1,3,A,-,03,22350,,N,C,C,A,A,H,-,A,A,0,,,,,Y,,I,11,0,0,1,0,0,0,0,0,0,"- ","- ",39.41545,-121.68819999999999,BUTTE,UNINCORPORATED,-121.68811003,39.41545034
90404623,2017,2017-03-02,9241,2017-02-21,1538,018540,,2,2,9,0400,0,1,A,,2,751,"2357 FAIR STREET","PARK AVE",753.00,N,N,A,-,N,,,,,,,,,,N,4,0,1,2,B,-,22,,,N,G,B,F,A,H,-,A,D,0,Y,Y,,,Y,,L,04,0,0,1,0,1,0,0,0,0,"- ","- ",39.716009999999997,-121.81252000000001,BUTTE,UNINCORPORATED,-121.81440107,39.715816859999997
90404686,2017,2017-03-02,9241,2017-02-06,2155,016120,,1,2,5,0402,0,1,3,,2,100,"SR-99 SOUTHBOUND","GARNER LN",2640.00,S,N,C,-,Y,,,99,,,,,,S,Y,4,0,1,2,A,-,03,22350,,N,E,I,A,B,H,-,C,D,0,,,,Y,Y,,D,22,0,0,1,0,0,0,0,0,0,"- ","- ",39.774050000000003,-121.87309,BUTTE,CHICO,-121.87306780999999,39.774077480000003
90404754,2017,2017-03-02,9241,2017-02-20,1153,015529,,1,1,9,0400,0,1,3,,2,091,"SR-99 N/B","ENTER AVE",75.00,S,N,B,C,Y,,,99,,,,,,N,Y,4,0,2,2,A,-,03,22350,,N,C,C,A,B,H,-,A,A,0,,,,,Y,,A,01,0,0,2,0,0,0,0,0,0,"- ","- ",39.705440000000003,-121.79087,BUTTE,UNINCORPORATED,-121.79067191999999,39.705661569999997
90404815,2017,2017-03-02,9241,2017-02-18,2240,017319,,6,3,9,0400,0,3,5,,2,007,"COUTOLENC RD","ALPHYS LN",1056.00,S,N,C,-,N,,,,,,,,,,Y,4,0,1,1,A,-,08,22107,,N,E,I,A,B,H,-,D,D,0,,,,,Y,,D,22,0,0,1,0,0,0,0,0,0,"- ","- ",39.832189999999997,-121.57934,BUTTE,UNINCORPORATED,-121.57935965999999,39.831969379999997
90404829,2017,2017-03-02,9241,2017-02-18,1055,017114,,6,1,5,0402,0,1,3,,2,100,"SR-99 SB","EAST AVE.",200.00,S,N,B,C,Y,,,99,,,,,,S,Y,3,0,2,1,A,-,03,22350,,N,F,A,A,B,H,-,A,D,0,,,,,Y,,D,22,0,1,1,0,0,0,0,0,0,"- ","- ",39.759309999999999,-121.85498,BUTTE,CHICO,-121.85485762,39.759506160000001
90404901,2017,2017-03-02,9241,2017-02-16,1820,018578,,4,2,5,0402,0,1,3,,2,100,"SR-99 S/B","COHASSET RD",773.00,S,N,A,-,Y,,,99,,,,,,S,Y,4,0,2,1,A,-,08,22107,,N,E,I,A,A,H,-,D,D,0,,,,,Y,,A,01,0,0,2,0,0,0,0,0,0,"- ","- ",39.753149999999998,-121.84354999999999,BUTTE,CHICO,-121.84354279999999,39.753162979999999
90404922,2017,2017-03-02,9241,2017-02-22,1120,016555,,3,1,9,0400,0,1,3,,2,081,"SR-99 N/B","ESTATES DR",630.00,S,N,A,-,Y,,,99,,,,,,N,Y,4,0,1,1,A,-,03,22350,,N,E,I,A,A,H,-,A,D,0,,,,,Y,,A,07,0,0,1,0,0,0,0,0,0,"- ","- ",39.688940000000002,-121.7719,BUTTE,UNINCORPORATED,-121.77193378,39.688902570000003