CASE_ID,ACCIDENT_YEAR,PROC_DATE,JURIS,COLLISION_DATE,COLLISION_TIME,OFFICER_ID,REPORTING_DISTRICT,DAY_OF_WEEK,CHP_SHIFT,POPULATION,CNTY_CITY_LOC,SPECIAL_COND,BEAT_TYPE,CHP_BEAT_TYPE,CITY_DIVISION_LAPD,CHP_BEAT_CLASS,BEAT_NUMBER,PRIMARY_RD,SECONDARY_RD,DISTANCE,DIRECTION,INTERSECTION,WEATHER_1,WEATHER_2,STATE_HWY_IND,CALTRANS_COUNTY,CALTRANS_DISTRICT,STATE_ROUTE,ROUTE_SUFFIX,POSTMILE_PREFIX,POSTMILE,LOCATION_TYPE,RAMP_INTERSECTION,SIDE_OF_HWY,TOW_AWAY,COLLISION_SEVERITY,NUMBER_KILLED,NUMBER_INJURED,PARTY_COUNT,PRIMARY_COLL_FACTOR,PCF_CODE_OF_VIOL,PCF_VIOL_CATEGORY,PCF_VIOLATION,PCF_VIOL_SUBSECTION,HIT_AND_RUN,TYPE_OF_COLLISION,MVIW,PED_ACTION,ROAD_SURFACE,ROAD_COND_1,ROAD_COND_2,LIGHTING,CONTROL_DEVICE,CHP_ROAD_TYPE,PEDESTRIAN_ACCIDENT,BICYCLE_ACCIDENT,MOTORCYCLE_ACCIDENT,TRUCK_ACCIDENT,NOT_PRIVATE_PROPERTY,ALCOHOL_INVOLVED,STWD_VEHTYPE_AT_FAULT,CHP_VEHTYPE_AT_FAULT,COUNT_SEVERE_INJ,COUNT_VISIBLE_INJ,COUNT_COMPLAINT_PAIN,COUNT_PED_KILLED,COUNT_PED_INJURED,COUNT_BICYCLIST_KILLED,COUNT_BICYCLIST_INJURED,COUNT_MC_KILLED,COUNT_MC_INJURED,PRIMARY_RAMP,SECONDARY_RAMP,LATITUDE,LONGITUDE,COUNTY,CITY,POINT_X,POINT_Y
9079436,2020,2020-06-18,0404,2020-02-24,1414,699,E,1,5,3,0404,0,0,0,,0,00E,"LINCOLN BL","WYANDOTTE AV",0.00,,Y,A,-,N,,,,,,,,,,N,3,0,1,2,A,-,03,22350,,F,C,C,A,A,H,-,A,A,0,,,,,Y,Y,-,,0,1,0,0,0,0,0,0,0,"- ","- ",39.500331878662109,-121.55085754394531,BUTTE,OROVILLE,-121.55091857910156,39.500308990478516
9079440,2020,2020-08-05,0404,2020-02-06,1636,686,SS,4,5,3,0404,0,0,0,,0,,"ROSEBEN AV","B ST",0.00,,-,A,-,N,,,,,,,,,,N,3,0,1,2,A,-,06,21750,,N,B,C,A,A,H,-,A,A,0,,,Y,,Y,,C,02,0,1,0,0,0,0,0,0,1,"- ","- ",39.4989013671875,-121.54541778564453,BUTTE,OROVILLE,-121.54534149169922,39.498809814453125
9079441,2020,2021-01-12,0404,2020-02-13,0000,622,SS,4,5,3,0404,0,0,0,,0,0SS,"LOWER WYANDOTTE RD","WYANDOTTE AV",0.00,,Y,A,-,N,,,,,,,,,,Y,4,0,2,2,A,-,12,21453,A,N,D,C,A,A,H,-,A,A,0,,,,,Y,,A,01,0,0,2,0,0,0,0,0,0,"- ","- ",39.500339508056641,-121.53900146484375,BUTTE,OROVILLE,-121.53920745849609,39.500560760498047
9079445,2020,2021-01-12,0404,2020-02-13,0001,622,W,4,5,3,0404,0,0,0,,0,00W,"MONTGOMERY ST","2ND AV",52.00,W,N,A,-,N,,,,,,,,,,Y,2,0,1,5,A,-,08,22107,,N,D,E,F,A,H,-,A,D,0,Y,,,,Y,,-,,1,0,0,0,1,0,0,0,0,"- ","- ",39.511470794677734,-121.56401062011719,BUTTE,OROVILLE,-121.56378936767578,39.511295318603516
90795088,2018,2018-08-21,9240,2018-08-19,1725,018967,,7,2,9,0400,0,1,3,,2,032,SR-70,"PULGA RD",5808.00,W,N,A,-,Y,,,70,,,,,,,Y,3,0,1,1,A,-,01,23152,A,N,E,I,A,A,H,-,A,D,0,,,,,Y,Y,A,01,0,1,0,0,0,0,0,0,0,"- ","- ",39.779800415039062,-121.45189666748047,BUTTE,UNINCORPORATED,-121.45195007324219,39.779804229736328
9079562,2020,2020-06-22,0402,2020-03-12,1413,1240,,4,5,5,0402,0,0,0,,0,002,"EAST 1ST AV","LABURNUM AV",0.00,,Y,A,-,N,,,,,,,,,,Y,3,0,1,2,A,-,09,21801,A,N,D,C,A,A,H,-,A,D,0,,,,,Y,,-,,0,1,0,0,0,0,0,0,0,"- ","- ",,,BUTTE,CHICO,-121.84243774414062,39.739231109619141
90796189,2018,2018-08-22,9240,2018-08-19,0710,015532,,7,1,9,0400,0,3,5,,2,010,"ORO BANGOR HWY","JAN DAR RD",6600.00,S,N,A,-,N,,,,,,,,,,Y,4,0,1,1,A,-,05,21650,,N,F,A,A,A,H,-,A,D,0,,,,,Y,,A,01,0,0,1,0,0,0,0,0,0,"- ","- ",39.259658813476562,-121.25377655029297,BUTTE,UNINCORPORATED,-121.42253112792969,39.412887573242188
90796202,2018,2018-08-22,9240,2018-08-20,1020,017760,,1,1,9,0400,0,3,5,,2,030,"CONCOW RD","NELSON BAR RD",2376.00,N,N,A,-,N,,,,,,,,,,Y,3,0,1,1,A,-,08,22107,,N,E,I,A,A,H,-,A,D,0,,,,,Y,,A,01,0,1,0,0,0,0,0,0,0,"- ","- ",39.736801147460938,-121.52645874023438,BUTTE,UNINCORPORATED,-121.52620697021484,39.735931396484375
90798985,2018,2018-08-27,9241,2018-08-20,1540,018578,,1,2,9,0400,0,3,5,,2,008,"GOODSPEED ST","FABER ST",0.00,,Y,A,-,N,,,,,,,,,,N,3,0,1,2,A,-,12,22450,A,F,D,G,A,A,H,-,A,A,0,,Y,,,Y,,A,07,0,1,0,0,0,0,1,0,0,"- ","- ",39.642620086669922,-121.80020904541016,BUTTE,UNINCORPORATED,-121.80033111572266,39.642658233642578
90799077,2018,2018-09-07,9241,2018-08-20,0730,016148,,1,1,9,0400,0,1,3,,2,080,SR-99,"DURHAM PENTZ ROAD",3696.00,N,N,A,-,Y,,,99,,,,,,,N,3,0,1,2,A,-,03,22350,,N,C,C,A,A,H,-,A,D,0,,,Y,,Y,,C,02,0,1,0,0,0,0,0,0,1,"- ","- ",39.65032958984375,-121.72557830810547,BUTTE,UNINCORPORATED,-121.7255859375,39.650325775146484
90799377,2018,2018-08-27,9241,2018-08-22,1400,016360,,3,2,9,0400,0,1,3,,1,061,"SR-99 NB",ESPLANADE,0.00,,Y,A,-,Y,,,99,,,,,,N,N,4,0,1,2,A,-,09,21802,A,N,C,C,A,A,H,-,A,D,0,,,,Y,Y,,A,01,0,0,1,0,0,0,0,0,0,"- ","- ",39.793308258056641,-121.89856719970703,BUTTE,UNINCORPORATED,-121.89859008789062,39.793258666992188
90799949,2018,2018-08-28,9241,2018-08-23,0550,014929,,4,3,9,0400,0,1,3,,2,081,"SR-99 N/B","NEAL RD",55.00,S,N,A,-,Y,,,99,,,,,,N,Y,4,0,1,2,A,-,03,22350,,N,C,C,A,A,H,-,D,A,0,,,,,Y,,A,01,0,0,1,0,0,0,0,0,0,"- ","- ",39.665420532226562,-121.74320983886719,BUTTE,UNINCORPORATED,-121.74322509765625,39.665401458740234
9080015,2020,2020-05-26,0402,2020-03-05,0134,53,,4,5,5,0402,0,0,0,,0,001,"IVY ST","W 2ND ST",0.00,,Y,A,-,N,,,,,,,,,,Y,3,0,1,2,A,-,01,23152,A,N,D,C,A,A,H,-,C,A,0,,,,,Y,Y,-,,0,1,0,0,0,0,0,0,0,"- ","- ",39.433578491210938,-121.5045166015625,BUTTE,CHICO,-121.845947265625,39.726558685302734
90801222,2018,2018-08-29,9240,2018-08-28,1820,018841,,2,2,9,0400,0,3,5,,2,010,"ROBINSON MILL RD","GREENBUSH RD",4593.00,S,N,A,-,N,,,,,,,,,,Y,2,0,1,2,A,-,05,21650,,N,A,C,A,A,H,-,A,D,0,,,Y,,Y,,C,06,1,0,0,0,0,0,0,0,1,"- ","- ",39.474040985107422,-121.32608032226562,BUTTE,UNINCORPORATED,-121.32804870605469,39.472213745117188
90801829,2018,2018-08-30,9241,2018-08-29,0730,016246,,3,1,9,0400,0,1,3,,1,060,"SR-32 E/HUMBOLDT ROAD","HUMBOLDT RD",3168.00,E,N,A,-,Y,,,,,,,,,,Y,4,0,1,1,A,-,03,22350,,N,E,I,A,A,H,-,A,D,0,,,,,Y,,A,01,0,0,1,0,0,0,0,0,0,"- ","- ",40.254001617431641,-121.36470031738281,BUTTE,UNINCORPORATED,,
90801929,2018,2018-10-16,9241,2018-07-28,1020,016831,,6,1,9,0400,0,2,4,,2,063,"COHASSET RD","SIGLER LN",1584.00,N,N,A,-,N,,,,,,,,,,N,1,1,0,2,A,-,06,21760,,N,B,G,A,A,E,-,A,D,0,,Y,,,Y,,D,22,0,0,0,0,0,1,0,0,0,"- ","- ",39.881278991699219,-121.76278686523438,BUTTE,UNINCORPORATED,-121.76370239257812,39.880290985107422
90803419,2018,2018-08-31,9241,2018-08-29,1715,018578,,3,2,9,0400,0,1,3,,2,100,"SR-99 N/B","GARNER LN",2500.00,S,N,A,-,Y,,,99,,,,,,N,Y,3,0,1,2,A,-,03,22350,,N,C,C,A,A,H,-,A,D,0,,,,,Y,,A,01,0,1,0,0,0,0,0,0,0,"- ","- ",39.784950256347656,-121.88629913330078,BUTTE,UNINCORPORATED,-121.88623046875,39.7850341796875
90804765,2018,2018-09-04,9241,2018-08-25,1420,019006,,6,2,5,0402,0,1,3,,2,100,"SR-99 N/B","EAST 20TH STREET",25.00,S,N,A,-,Y,,,,,,,,,,N,4,0,1,2,A,-,03,22350,,M,C,C,A,A,H,-,A,D,0,,,,,Y,,A,01,0,0,1,0,0,0,0,0,0,"- ","- ",39.726661682128906,-121.80747222900391,BUTTE,CHICO,-121.80907440185547,39.726051330566406
90804818,2018,2018-09-04,9241,2018-08-23,1225,013855,,4,1,9,0400,0,2,4,,2,090,SKYWAY,"SKYWAY CROSSROAD ROAD",528.00,W,N,A,-,N,,,,,,,,,,Y,4,0,2,1,A,-,08,22107,,N,E,I,A,A,H,-,A,D,0,,,,,Y,,A,01,0,0,2,0,0,0,0,0,0,"- ","- ",39.743091583251953,-121.65856170654297,BUTTE,UNINCORPORATED,-121.65699005126953,39.743534088134766
90806255,2018,2018-09-05,9241,2018-08-25,1410,018879,,6,2,9,0400,0,1,3,,2,091,"SR-99 N/B",SR-149,0.00,,N,A,-,Y,,,99,,,,,,N,Y,3,0,1,1,A,-,08,22107,,N,E,I,A,A,H,-,A,D,0,,,,,Y,,A,01,0,1,0,0,0,0,0,0,0,"- ","- ",39.618110656738281,-121.6920166015625,BUTTE,UNINCORPORATED,-121.69220733642578,39.618072509765625
90807380,2018,2018-09-06,9240,2018-08-28,1450,019653,,2,2,9,0400,0,1,3,,2,041,SR-162,"OAKVALE AVE",0.00,,Y,A,-,Y,,,162,,,,,,,Y,4,0,1,2,A,-,09,21802,A,N,D,C,A,A,H,-,A,A,0,,,,,Y,,A,07,0,0,1,0,0,0,0,0,0,"- ","- ",39.505668640136719,-121.4971923828125,BUTTE,UNINCORPORATED,-121.49720764160156,39.505691528320312
90808004,2018,2018-09-07,9240,2018-08-31,1940,019842,,5,2,9,0400,0,3,5,,2,030,"JORDAN HILL ROAD","COUTOLENC RD",10560.00,E,N,A,-,N,,,,,,,,,,N,3,0,1,1,A,-,03,22350,,N,F,A,A,A,H,-,A,D,0,,,Y,,Y,Y,C,06,0,1,0,0,0,0,0,0,1,"- ","- ",39.826560974121094,-121.56725311279297,BUTTE,UNINCORPORATED,-121.56646728515625,39.826789855957031
90808016,2018,2018-09-07,9240,2018-08-31,1535,020587,,5,2,9,0400,0,1,3,,1,021,"STATE HIGHWAY 99","ORD RANCH RD",528.00,S,N,A,-,Y,,,99,,,,,,,Y,4,0,1,2,A,-,03,22350,,N,C,C,A,A,H,-,A,D,0,,,,,Y,,D,22,0,0,1,0,0,0,0,0,0,"- ","- ",39.375720977783203,-121.68795013427734,BUTTE,UNINCORPORATED,-121.68795013427734,39.375720977783203
90808185,2018,2018-09-07,9240,2018-08-31,1630,019972,,5,2,9,0400,0,1,3,,1,021,SR-99,"ORD RANCH RD.",30.00,S,N,A,-,Y,,,99,,,,,,,N,4,0,1,2,A,-,03,22350,,N,C,C,A,A,H,-,A,A,0,,,,,Y,,A,01,0,0,1,0,0,0,0,0,0,"- ","- ",39.377960205078125,-121.68763732910156,BUTTE,UNINCORPORATED,-121.68791198730469,39.377960205078125
90808200,2018,2018-09-07,9240,2018-08-28,2307,020587,,2,3,9,0400,0,3,5,,2,010,"OPHIR RD","FEATHER RIVER BLVD",0.00,,Y,A,-,N,,,,,,,,,,Y,3,0,2,2,A,-,01,23152,A,F,D,C,A,A,H,-,D,A,0,,,,,Y,Y,A,01,0,2,0,0,0,0,0,0,0,"- ","- ",39.464038848876953,-121.57691955566406,BUTTE,UNINCORPORATED,-121.57688903808594,39.464038848876953
90808768,2018,2018-09-10,9240,2018-09-07,0915,018389,,5,1,3,0404,0,1,3,,2,031,"SR-70 S/B","NORTHWEST OROVILLE UC",242.00,N,N,A,-,Y,,,,,,,,,,Y,3,0,2,2,A,-,08,22107,,N,C,C,A,A,H,-,A,D,0,,,,,Y,,A,01,0,1,1,0,0,0,0,0,0,"- ","- ",39.505630493164062,-121.57393646240234,BUTTE,OROVILLE,,
90808900,2018,2018-09-10,9240,2018-09-02,0217,020376,,7,3,9,0400,0,3,5,,2,010,"HILDALE AVE S/B","HILDALE AVE E/B",67.00,S,N,A,-,N,,,,,,,,,,Y,3,0,1,1,A,-,03,22350,,N,E,I,A,A,H,-,D,D,0,,,,,Y,,A,07,0,1,0,0,0,0,0,0,0,"- ","- ",39.503639221191406,-121.51860046386719,BUTTE,UNINCORPORATED,-121.51859283447266,39.503692626953125
90808923,2018,2018-09-10,9241,2018-09-05,1330,014929,,3,1,9,0400,0,3,5,,2,009,"DURHAM-PENTZ RD",SR-99,10032.00,E,N,A,-,N,,,,,,,,,,Y,3,0,1,1,A,-,08,22107,,N,E,I,A,A,H,-,A,D,0,,,,,Y,,A,01,0,1,0,0,0,0,0,0,0,"- ","- ",39.6397705078125,-121.67820739746094,BUTTE,UNINCORPORATED,-121.68166351318359,39.638710021972656
90808985,2018,2018-09-10,9241,2018-09-05,1520,017114,,3,2,9,0400,0,1,3,,2,080,"SR-32 E/B","GLENWOOD AVE",113.00,E,N,A,-,Y,,,32,,,,,,E,Y,3,0,2,2,A,-,09,21801,A,N,A,C,A,A,H,-,A,D,0,,,,,Y,,A,01,0,2,0,0,0,0,0,0,0,"- ","- ",39.740459442138672,-121.87978363037109,BUTTE,UNINCORPORATED,-121.87974548339844,39.740547180175781
90809048,2018,2018-09-10,9241,2018-09-08,1600,019006,,6,2,9,0400,0,3,5,,2,009,SR-191,"O'NEAL RD",528.00,S,N,A,-,Y,,,191,,,,,,,Y,2,0,1,1,A,-,08,22107,,N,F,I,A,A,H,-,A,D,0,,,,,Y,,D,22,1,0,0,0,0,0,0,0,0,"- ","- ",39.605670928955078,-121.62203979492188,BUTTE,UNINCORPORATED,-121.62208557128906,39.605648040771484
90810554,2018,2018-09-11,9241,2018-09-06,0507,018796,,4,3,9,0400,0,1,3,,1,060,SR-32,"HUMBOLDT RD",2640.00,W,N,A,-,Y,,,32,,,,,,,N,4,0,1,2,A,-,11,21956,,N,G,B,E,A,H,-,D,D,0,Y,,,,Y,,N,60,0,0,1,0,1,0,0,0,0,"- ","- ",39.755489349365234,-121.73857116699219,BUTTE,UNINCORPORATED,-121.73855590820312,39.755474090576172
90810570,2018,2018-09-11,9241,2018-09-05,0655,016148,,3,1,9,0400,0,1,3,,2,080,"SR-99 (N/B)","SOUTHGATE AVE",17.00,S,N,A,-,Y,,,99,,,,,,,N,4,0,1,3,A,-,03,22350,,N,C,C,A,A,H,-,A,A,0,,,,,Y,,A,01,0,0,1,0,0,0,0,0,0,"- ","- ",39.701171875,-121.78566741943359,BUTTE,UNINCORPORATED,-121.78564453125,39.701202392578125
90812640,2018,2018-09-13,9240,2018-09-03,1755,019653,,1,2,9,0400,0,3,5,,2,030,"CONCOW RD","JEFFREY PINE LN",50.00,N,N,A,-,N,,,,,,,,,,Y,2,0,2,1,A,-,01,23152,A,N,E,I,A,A,H,-,A,D,0,,,,,Y,Y,A,07,2,0,0,0,0,0,0,0,0,"- ","- ",39.768268585205078,-121.51258087158203,BUTTE,UNINCORPORATED,-121.51265716552734,39.767559051513672
90813250,2018,2018-09-14,9240,2018-08-24,1710,019710,,5,2,9,0400,0,3,5,,2,020,"EAST GRIDLEY ROAD","LARKIN RD",2000.00,W,N,A,-,N,,,,,,,,,,N,3,0,1,2,A,-,05,21650,,F,B,C,A,A,H,-,A,D,0,,,,,Y,,D,22,0,1,0,0,0,0,0,0,0,"- ","- ",39.363430023193359,-121.66670989990234,BUTTE,UNINCORPORATED,-121.66698455810547,39.3634033203125
90814561,2018,2018-09-17,9241,2018-09-10,1046,016148,,1,1,9,0400,0,1,3,,2,080,"SR-99 N/B","E FIRST AVENUE",528.00,S,N,A,-,Y,,,,,,,,,,Y,4,0,1,1,A,-,08,22107,,N,E,I,A,A,H,-,A,C,0,,,,,Y,,A,01,0,0,1,0,0,0,0,0,0,"- ","- ",39.743610382080078,-121.8292236328125,BUTTE,UNINCORPORATED,-121.83012390136719,39.744400024414062
90814976,2018,2018-09-17,9241,2018-09-11,1525,016360,,2,2,9,0400,0,1,3,,1,061,"SR-99 N/B","PARSLEY LN",115.00,S,N,A,-,Y,,,99,,,,,,N,Y,3,0,1,1,A,-,08,22107,,N,E,I,A,A,H,-,A,D,0,,,,,Y,,A,01,0,1,0,0,0,0,0,0,0,"- ","- ",39.81536865234375,-121.91921234130859,BUTTE,UNINCORPORATED,-121.9193115234375,39.815292358398438
90814990,2018,2018-09-17,9240,2018-09-15,1430,018841,,6,2,9,0400,0,3,5,,2,010,"SWEDES FLAT RD","STONEY OAK LOOP",5333.00,W,N,A,-,N,,,,,,,,,,Y,4,0,1,2,A,-,05,21650,,N,A,C,A,A,H,-,A,D,0,,,,,Y,,A,01,0,0,1,0,0,0,0,0,0,"- ","- ",39.446868896484375,-121.39714050292969,BUTTE,UNINCORPORATED,-121.39686584472656,39.446815490722656
90814994,2018,2018-09-17,9241,2018-09-11,1505,015794,,2,2,9,0400,0,1,3,,2,081,"SR-99 S/B","NEAL RD",733.00,N,N,A,-,Y,,,99,,,,,,S,Y,4,0,3,3,A,-,03,22350,,N,C,C,A,A,H,-,A,A,0,,,,,Y,,J,41,0,0,3,0,0,0,0,0,0,"- ","- ",39.667011260986328,-121.74550628662109,BUTTE,UNINCORPORATED,-121.74556732177734,39.66693115234375
90815437,2017,2018-09-18,9240,2017-08-14,2500,018396,,1,4,9,0400,0,3,5,,2,010,"LOWER WYANDOTTE RD","GOLDEN HILLS DRIVE",276.00,S,N,A,-,N,,,,,,,,,,N,1,1,0,2,A,-,08,22107,,F,G,B,E,A,H,-,A,A,0,Y,,,,Y,,-,99,0,0,0,1,0,0,0,0,0,"- ","- ",39.47316,-121.53058,BUTTE,UNINCORPORATED,-121.53062224,39.473172900000002
90815903,2018,2018-09-18,9241,2018-09-13,1620,016360,,4,2,9,0400,0,1,3,,1,060,"SR-32 E/B","HUMBOLDT RD",3168.00,E,N,A,-,Y,,,,,,,,,,Y,4,0,1,1,A,-,08,22107,,N,E,I,A,A,H,-,A,D,0,,,,,Y,,A,01,0,0,1,0,0,0,0,0,0,"- ","- ",40.046958923339844,-121.16150665283203,BUTTE,UNINCORPORATED,-121.74002838134766,39.754798889160156
90816909,2018,2018-09-19,9240,2018-09-09,2500,019842,,7,4,9,0400,0,3,5,,2,030,"NELSON ROAD","20TH ST",200.00,E,N,A,-,N,,,,,,,,,,N,3,0,1,2,A,-,08,22107,,F,G,B,E,A,H,-,D,D,0,Y,,,,Y,Y,-,99,0,1,0,0,1,0,0,0,0,"- ","- ",39.524150848388672,-121.60881042480469,BUTTE,UNINCORPORATED,-121.60845184326172,39.524093627929688
90817427,2018,2018-09-20,9240,2018-09-09,0115,021137,,7,3,9,0400,0,3,5,,2,010,"LONE TREE RD","SERENE LN",130.00,N,N,A,-,N,,,,,,,,,,Y,3,0,1,1,A,-,01,23152,A,N,E,I,A,A,H,-,D,D,0,,,,,Y,Y,D,22,0,1,0,0,0,0,0,0,0,"- ","- ",39.460460662841797,-121.57726287841797,BUTTE,UNINCORPORATED,-121.57730865478516,39.460418701171875
90818033,2018,2018-09-20,9241,2018-09-16,0620,016148,,7,1,9,0400,0,1,3,,2,080,"DAYTON RD","HEGAN LANE",423.00,S,N,A,-,Y,,,,,,,,,,Y,4,0,1,2,A,-,03,22350,,N,C,C,A,A,H,-,B,D,0,,,,,Y,,A,07,0,0,1,0,0,0,0,0,0,"- ","- ",39.081531524658203,-121.85700225830078,BUTTE,UNINCORPORATED,-121.85724639892578,39.680809020996094
90818101,2018,2018-09-20,9240,2018-09-16,0720,017532,,7,1,9,0400,0,1,3,,2,031,"SR-70 E/B","TABLE MTN OVERCROSSING",1500.00,S,N,A,-,Y,,,70,,,,,,E,Y,4,0,3,2,A,-,03,22350,,N,C,C,A,A,H,-,B,D,0,,,,,Y,,A,01,0,0,3,0,0,0,0,0,0,"- ","- ",39.563591003417969,-121.6068115234375,BUTTE,UNINCORPORATED,-121.60687255859375,39.56353759765625
90820249,2018,2018-09-24,9240,2018-09-15,1625,018841,,6,2,9,0400,0,3,5,,2,010,"FOOTHILL BLVD.","ORO BANGOR HWY",1898.00,S,N,A,-,N,,,,,,,,,,Y,3,0,2,2,A,-,08,22107,,N,D,C,A,A,H,-,A,D,0,,,Y,,Y,Y,A,07,0,1,1,0,0,0,0,0,1,"- ","- ",39.462490081787109,-121.459716796875,BUTTE,UNINCORPORATED,-121.50218200683594,39.481620788574219
90820303,2018,2018-09-24,9240,2018-09-18,1805,019060,,2,2,9,0400,0,3,5,,2,030,"TEHAMA AVE","16TH ST",0.00,,Y,A,-,N,,,,,,,,,,Y,2,0,1,2,A,-,09,21802,A,N,D,C,A,A,H,-,A,A,0,,,Y,,Y,,A,01,1,0,0,0,0,0,0,0,1,"- ","- ",39.515419006347656,-121.60038757324219,BUTTE,UNINCORPORATED,-121.60034942626953,39.515399932861328
90820879,2018,2018-09-25,9241,2018-09-23,2000,015794,,7,2,9,0400,0,1,3,,1,060,SR-32,"YOSEMITE DR",3696.00,E,N,A,-,Y,,,32,,,,,,,Y,2,0,2,1,A,-,08,22107,,N,F,A,A,A,H,-,D,D,0,,,,,Y,,A,07,1,1,0,0,0,0,0,0,0,"- ","- ",39.747989654541016,-121.76815795898438,BUTTE,UNINCORPORATED,-121.76813507080078,39.747882843017578
90821231,2018,2018-09-25,9240,2018-09-19,0810,018389,,3,1,9,0400,0,3,5,,2,010,"ORO QUINCY HWY","LEONARD WAY",80.00,E,N,A,-,N,,,,,,,,,,Y,3,0,1,2,A,-,16,29003,A,N,D,C,A,A,H,-,A,D,0,,,,,Y,,E,22,0,1,0,0,0,0,0,0,0,"- ","- ",39.510341644287109,-121.51492309570312,BUTTE,UNINCORPORATED,-121.51483917236328,39.510177612304688
90821646,2018,2018-09-26,9241,2018-09-18,1140,016148,,2,1,9,0400,0,1,3,,2,080,MIDWAY,"JONES AVENUE",1056.00,S,N,A,-,N,,,,,,,,,,Y,3,0,1,1,A,-,08,22107,,N,E,I,A,A,H,-,A,D,0,,,,,Y,,A,01,0,1,0,0,0,0,0,0,0,"- ","- ",39.671379089355469,-121.80248260498047,BUTTE,UNINCORPORATED,-121.79822540283203,39.674808502197266
90821663,2018,2018-09-26,9241,2018-09-24,1034,016148,,1,1,9,0400,0,1,3,,2,080,"DURHAM-PENTZ ROAD","SR-99 N/B OFF RAMP",211.00,W,N,A,-,N,,,,,,,,,,Y,4,0,1,3,A,-,03,22350,,N,C,C,A,A,H,-,A,A,0,,,,,Y,,A,01,0,0,1,0,0,0,0,0,0,"- ","- ",39.642238616943359,-121.71443939208984,BUTTE,UNINCORPORATED,-121.71452331542969,39.642276763916016
90821867,2018,2018-10-11,9241,2018-09-10,0500,018796,,1,3,9,0400,0,1,3,,2,091,SR-99,"COTTONWOOD RD",160.00,N,N,A,-,Y,,,99,,,,,,,Y,1,1,1,2,A,-,06,21750,A,N,A,C,A,A,H,-,D,D,0,,,,,Y,,A,01,1,0,0,0,0,0,0,0,0,"- ","- ",39.552848815917969,-121.688720703125,BUTTE,UNINCORPORATED,-121.68873596191406,39.552848815917969
90821923,2018,2018-09-26,9241,2018-09-25,1340,014929,,2,1,9,0400,0,2,4,,2,090,SKYWAY,"LOOKOUT POINT ACCESS ROAD",925.00,W,N,A,-,N,,,,,,,,,,Y,2,0,1,1,A,-,01,23152,A,N,E,I,A,A,H,-,A,D,0,,,,,Y,Y,A,08,1,0,0,0,0,0,0,0,0,"- ","- ",39.729068756103516,-121.68589782714844,BUTTE,UNINCORPORATED,-121.685791015625,39.729209899902344
9082198,2020,2020-07-01,0402,2020-02-06,1821,34,,4,5,5,0402,0,0,0,,0,,ESPLANADE,"EAST AV",0.00,,N,A,-,N,,,,,,,,,,N,3,0,1,2,A,-,11,21950,B,N,G,B,D,A,H,-,D,D,0,Y,,,,Y,Y,N,60,0,1,0,0,1,0,0,0,0,"- ","- ",39.757308959960938,-121.86195373535156,BUTTE,CHICO,-121.86139678955078,39.756721496582031
90822327,2018,2018-09-27,9240,2018-09-09,0148,019842,,7,3,9,0400,0,3,5,,2,010,"LOWER WYANDOTTE RD","FOOTHILL BLVD",60.00,W,N,A,-,N,,,,,,,,,,Y,2,0,2,1,A,-,01,23152,A,N,E,I,A,A,H,-,D,D,0,,,,,Y,Y,A,01,1,0,1,0,0,0,0,0,0,"- ","- ",39.462779998779297,-121.48130798339844,BUTTE,UNINCORPORATED,-121.48126983642578,39.462825775146484
90822410,2018,2018-09-27,9240,2018-09-24,1012,017760,,1,1,9,0400,0,3,5,,2,010,"LAS PLUMAS AVE","LAS PLUMAS WAY",360.00,E,N,A,-,N,,,,,,,,,,Y,4,0,1,4,A,-,08,22107,,N,C,E,A,A,H,-,A,D,0,,,,,Y,,A,01,0,0,1,0,0,0,0,0,0,"- ","- ",39.480419158935547,-121.54347229003906,BUTTE,UNINCORPORATED,-121.54349517822266,39.480381011962891
9082345,2020,2020-05-19,0402,2020-02-27,0805,103/3615,SCC3C,4,5,5,0402,0,0,0,,0,005,"EAST LASSEN AV","CERES AV",0.00,,Y,A,-,N,,,,,,,,,,Y,4,0,1,2,A,-,09,21802,A,N,D,C,A,A,H,-,A,D,0,,,,,Y,,-,,0,0,1,0,0,0,0,0,0,"- ","- ",,,BUTTE,CHICO,-121.83818817138672,39.773040771484375
9082349,2020,2020-05-19,0402,2020-02-28,0047,29/0573,0402,5,5,5,0402,0,0,0,,0,001,ESPLANADE,"5TH AV",0.00,,Y,A,-,N,,,,,,,,,,Y,3,0,1,1,A,-,07,21658,A,M,H,I,A,A,H,-,C,A,0,,,,,Y,,A,01,0,1,0,0,0,0,0,0,0,"- ","- ",,,BUTTE,CHICO,-121.84880828857422,39.742000579833984