CASE_ID,ACCIDENT_YEAR,PROC_DATE,JURIS,COLLISION_DATE,COLLISION_TIME,OFFICER_ID,REPORTING_DISTRICT,DAY_OF_WEEK,CHP_SHIFT,POPULATION,CNTY_CITY_LOC,SPECIAL_COND,BEAT_TYPE,CHP_BEAT_TYPE,CITY_DIVISION_LAPD,CHP_BEAT_CLASS,BEAT_NUMBER,PRIMARY_RD,SECONDARY_RD,DISTANCE,DIRECTION,INTERSECTION,WEATHER_1,WEATHER_2,STATE_HWY_IND,CALTRANS_COUNTY,CALTRANS_DISTRICT,STATE_ROUTE,ROUTE_SUFFIX,POSTMILE_PREFIX,POSTMILE,LOCATION_TYPE,RAMP_INTERSECTION,SIDE_OF_HWY,TOW_AWAY,COLLISION_SEVERITY,NUMBER_KILLED,NUMBER_INJURED,PARTY_COUNT,PRIMARY_COLL_FACTOR,PCF_CODE_OF_VIOL,PCF_VIOL_CATEGORY,PCF_VIOLATION,PCF_VIOL_SUBSECTION,HIT_AND_RUN,TYPE_OF_COLLISION,MVIW,PED_ACTION,ROAD_SURFACE,ROAD_COND_1,ROAD_COND_2,LIGHTING,CONTROL_DEVICE,CHP_ROAD_TYPE,PEDESTRIAN_ACCIDENT,BICYCLE_ACCIDENT,MOTORCYCLE_ACCIDENT,TRUCK_ACCIDENT,NOT_PRIVATE_PROPERTY,ALCOHOL_INVOLVED,STWD_VEHTYPE_AT_FAULT,CHP_VEHTYPE_AT_FAULT,COUNT_SEVERE_INJ,COUNT_VISIBLE_INJ,COUNT_COMPLAINT_PAIN,COUNT_PED_KILLED,COUNT_PED_INJURED,COUNT_BICYCLIST_KILLED,COUNT_BICYCLIST_INJURED,COUNT_MC_KILLED,COUNT_MC_INJURED,PRIMARY_RAMP,SECONDARY_RAMP,LATITUDE,LONGITUDE,COUNTY,CITY,POINT_X,POINT_Y
91237236,2020,2020-05-13,9241,2020-05-11,1500,016360,,1,2,9,0400,0,1,3,,2,100,"SR-99 N/B","COHASSET RD",50.00,N,N,B,C,Y,,,,,,,,,,Y,2,0,2,2,A,-,03,22350,,N,A,C,A,B,H,-,A,D,0,,,,,Y,,D,22,1,1,0,0,0,0,0,0,0,"- ","- ",39.754398345947266,-121.84542846679688,BUTTE,UNINCORPORATED,-121.84520721435547,39.754386901855469
91237465,2020,2020-05-13,9240,2020-05-10,1545,018967,,7,2,9,0400,0,3,5,,2,010,"ORO BANGOR HWY","ROCKY HONCUT CREEK",1056.00,S,N,A,-,N,,,,,,,,,,Y,3,0,2,1,A,-,08,22107,,N,E,I,A,A,H,-,A,D,0,,,,,Y,,A,01,0,2,0,0,0,0,0,0,0,"- ","- ",39.417701721191406,-121.42659759521484,BUTTE,UNINCORPORATED,-121.426429,39.417563000000001
91238017,2019,2020-05-14,9241,2019-06-21,1810,017170,,5,2,9,0400,0,1,3,,2,081,"SR-99 N/B","NEAL RD",307.00,S,N,A,-,Y,,,99,,,,,,N,Y,1,2,4,4,A,-,03,22350,,N,C,C,A,A,H,-,A,A,0,,,,Y,Y,,F,27,4,0,0,0,0,0,0,0,0,"- ","- ",39.6656494140625,-121.74352264404297,BUTTE,UNINCORPORATED,-121.7435302734375,39.665634155273438
91238502,2020,2020-05-15,9240,2020-05-06,1125,019060,,3,1,9,0400,0,1,3,,2,031,"SR-70 N/B","GARDEN DR",1160.00,S,N,A,F,Y,,,,,,,,,,Y,4,0,1,2,A,-,03,22350,,N,C,C,A,A,H,-,A,D,0,,,,,Y,,D,22,0,0,1,0,0,0,0,0,0,"- ","- ",39.532001495361328,-121.58003234863281,BUTTE,UNINCORPORATED,-121.58022308349609,39.532249450683594
91238828,2020,2020-05-18,9241,2020-05-12,0210,019093,,2,3,9,0400,0,3,5,,2,007,"COUTOLENC RD","HUPP COUTOLENC RD",610.00,N,N,B,-,N,,,,,,,,,,Y,3,0,1,1,A,-,08,22107,,N,E,I,A,B,H,-,D,D,0,,,,,Y,,A,01,0,1,0,0,0,0,0,0,0,"- ","- ",39.876480102539062,-121.58004760742188,BUTTE,UNINCORPORATED,-121.57965850830078,39.876197814941406
91238889,2020,2020-05-18,9241,2020-05-14,1535,020638,,4,2,9,0400,0,1,3,,2,080,"STATE HIGHWAY 32","FREIGHT LANE",0.00,,Y,B,-,Y,,,32,,,,,,,Y,4,0,2,2,A,-,09,21801,A,N,D,C,A,A,H,-,A,D,0,,,,,Y,,A,01,0,0,2,0,0,0,0,0,0,"- ","- ",39.751300811767578,-121.90650177001953,BUTTE,UNINCORPORATED,-121.906494140625,39.751319885253906
9124028,2020,2020-11-09,0403,2020-05-20,1138,P210,,3,5,2,0403,0,0,0,,0,,"SYCAMORE ST","VERMONT ST",0.00,,Y,A,-,N,,,,,,,,,,N,4,0,1,2,A,-,03,22350,,M,C,A,A,A,H,-,A,D,0,,,,,Y,,A,07,0,0,1,0,0,0,0,0,0,"- ","- ",39.363121032714844,-121.69864654541016,BUTTE,GRIDLEY,-121.69863891601562,39.363128662109375
91240376,2020,2020-05-20,9241,2020-05-08,2040,018578,,5,2,9,0400,0,1,3,,1,060,SR-32,"10 MILE HOUSE TRL",20.00,W,N,A,-,Y,,,32,,,,,,,Y,1,1,0,2,A,-,06,21760,B,N,C,G,A,A,H,-,D,D,0,,Y,,,Y,,D,22,0,0,0,0,0,1,0,0,0,"- ","- ",39.805648803710938,-121.71372985839844,BUTTE,UNINCORPORATED,-121.71375274658203,39.805660247802734
91240390,2020,2020-06-09,9241,2020-05-19,1651,015794,,2,2,9,0400,0,3,5,,2,008,"OAK WAY","GLENWOOD AVE",2112.00,W,N,A,-,N,,,,,,,,,,Y,3,0,1,2,A,-,05,21650,,N,A,C,A,A,H,-,A,D,0,,,,,Y,,A,08,0,1,0,0,0,0,0,0,0,"- ","- ",39.735538482666016,-121.889892578125,BUTTE,UNINCORPORATED,-121.88932037353516,39.735542297363281
9124086,2020,2020-10-12,0402,2020-07-09,1429,35-00363,CPD,4,5,5,0402,0,0,0,,0,002,"WALNUT ST","W 6TH ST",0.00,,Y,A,-,N,,,32,,,,,,,Y,4,0,1,2,A,-,09,21801,A,N,D,C,A,A,H,-,A,D,0,,,,,Y,,A,01,0,0,1,0,0,0,0,0,0,"- ","- ",39.721340179443359,-121.84654998779297,BUTTE,CHICO,-121.84656524658203,39.721324920654297
91240980,2020,2020-05-21,9240,2020-04-25,1300,017532,,6,1,9,0400,0,3,5,,2,030,"CHEROKEE RD.","CRYSTAL PINES RD",1625.00,N,N,A,-,N,,,,,,,,,,Y,2,0,1,1,A,-,08,22107,,N,E,I,A,A,H,-,A,D,0,,,Y,,Y,,C,02,1,0,0,0,0,0,0,0,1,"- ","- ",39.646541595458984,-121.53204345703125,BUTTE,UNINCORPORATED,-121.53195953369141,39.646465301513672
91241515,2020,2020-05-22,9240,2020-05-15,1915,019256,,5,2,9,0400,0,3,5,,2,030,"12TH ST","GRAND AVE",0.00,,Y,A,-,N,,,,,,,,,,Y,3,0,1,2,A,-,09,21802,A,N,D,C,A,A,H,-,B,A,0,,,,,Y,,D,22,0,1,0,0,0,0,0,0,0,"- ","- ",39.511970520019531,-121.59159088134766,BUTTE,UNINCORPORATED,-121.59156799316406,39.512020111083984
91241657,2020,2020-05-25,9240,2020-05-17,1130,020318,,7,1,3,0404,0,3,5,,2,040,"FORBESTOWN RD","LUMPKIN RD.",580.00,N,N,B,C,N,,,,,,,,,,Y,3,0,1,1,A,-,03,22350,,N,E,I,A,B,H,-,A,D,0,,,,,Y,,A,01,0,1,0,0,0,0,0,0,0,"- ","- ",39.507381439208984,-121.35870361328125,BUTTE,OROVILLE,-121.35653686523438,39.507274627685547
91241658,2020,2020-07-06,9240,2020-05-17,2113,020170,,7,2,9,0400,0,3,5,,2,010,"PALERMO HONCUT HWY","COX LN",0.00,,Y,B,-,N,,,,,,,,,,N,4,0,1,2,A,-,09,21801,A,N,D,C,A,A,H,-,D,D,0,,,,,Y,,D,22,0,0,1,0,0,0,0,0,0,"- ","- ",39.385169982910156,-121.53981781005859,BUTTE,UNINCORPORATED,-121.53978729248047,39.385219573974609
91242448,2020,2020-05-26,9240,2020-05-21,1315,018841,,4,1,9,0400,0,3,5,,2,010,"MINERS RANCH RD.","CAROLINE DR",58.00,S,N,A,-,N,,,,,,,,,,Y,4,0,1,2,A,-,08,22107,,N,B,C,A,A,H,-,A,D,0,,,,,Y,,A,07,0,0,1,0,0,0,0,0,0,"- ","- ",39.470359802246094,-121.45918273925781,BUTTE,UNINCORPORATED,-121.45909118652344,39.470062255859375
91242573,2020,2020-05-26,9241,2020-05-14,1425,018578,,4,2,9,0400,0,3,5,,2,007,"CRESTON RD","WINGATE CIR",0.00,,Y,B,-,N,,,,,,,,,,Y,2,0,1,2,A,-,03,22350,,N,D,C,A,A,H,-,A,D,0,,,Y,,Y,,C,02,1,0,0,0,0,0,0,0,1,"- ","- ",39.8214111328125,-121.60115051269531,BUTTE,UNINCORPORATED,-121.60117340087891,39.821121215820312
91242639,2020,2020-05-26,9241,2020-05-22,2135,020686,,5,2,9,0400,0,2,4,,2,090,"E/B SKYWAY","MEDIA WAY",2240.00,W,N,A,-,N,,,,,,,,,,Y,2,0,1,1,A,-,01,23152,A,N,E,I,A,A,H,-,D,D,0,,,,,Y,Y,A,01,1,0,0,0,0,0,0,0,0,"- ","- ",39.727180480957031,-121.68704223632812,BUTTE,UNINCORPORATED,-121.686571,39.727725999999997
91242653,2020,2020-05-26,9241,2020-05-23,2205,021256,,6,3,9,0400,0,1,3,,2,091,"SR-99 S/B",SR-149,247.00,N,N,A,-,Y,,,,,,,,,,Y,2,0,4,1,A,-,08,22107,,N,E,I,A,A,H,-,D,D,0,,,,,Y,,A,01,1,1,2,0,0,0,0,0,0,"- ","- ",39.3714599609375,-121.41352081298828,BUTTE,UNINCORPORATED,-121.69769287109375,39.625900268554688
91243104,2020,2020-05-27,9241,2020-05-20,1440,018879,,3,2,5,0402,0,1,3,,2,100,"SR-99 ON RAMP FROM E 20TH ST","E 20TH STREET",60.00,N,N,A,-,Y,,,99,,,,R,,,Y,4,0,1,1,A,-,08,22107,,N,E,I,A,A,H,-,A,D,0,,,,,Y,,A,01,0,0,1,0,0,0,0,0,0,"- ","- ",39.727081298828125,-121.80780029296875,BUTTE,CHICO,-121.80780029296875,39.727081298828125
91243129,2020,2020-05-27,9241,2020-05-24,0540,017170,,7,3,9,0400,0,2,4,,1,082,MIDWAY,"ENTLER AVE",368.00,N,N,A,-,N,,,,,,,,,,Y,4,0,1,1,A,-,08,22107,,N,E,I,A,A,H,-,B,D,0,,,,,Y,,A,07,0,0,1,0,0,0,0,0,0,"- ","- ",39.700519561767578,-121.80319976806641,BUTTE,UNINCORPORATED,-121.80358123779297,39.700729370117188
91243136,2020,2020-05-27,9241,2020-05-24,1740,019006,,7,2,9,0400,0,1,3,,1,060,"SR-32 E/B","UPPER HUMBOLDT ROAD",5280.00,E,N,A,-,Y,,,32,,,,,,E,Y,3,0,2,1,A,-,08,22107,,N,F,A,A,A,H,-,A,D,0,,,Y,,Y,,C,02,0,2,0,0,0,0,0,0,2,"- ","- ",40.088451385498047,-121.58450317382812,BUTTE,UNINCORPORATED,-121.58450317382812,40.088455200195312
91243180,2020,2020-05-27,9241,2020-05-25,1545,015794,,1,2,9,0400,0,2,4,,1,082,MIDWAY,"ROBLE RD",735.00,N,N,A,-,N,,,,,,,,,,Y,4,0,2,3,A,-,05,21460,A,N,B,C,A,A,H,-,A,D,0,,,,,Y,,A,07,0,0,2,0,0,0,0,0,0,"- ","- ",39.662769317626953,-121.80619049072266,BUTTE,UNINCORPORATED,-121.80616760253906,39.664279937744141
91243542,2020,2020-05-28,9241,2020-05-18,2200,018879,,1,3,9,0400,0,2,4,,2,094,"PENTZ RD","SIERRA DEL SOL",1584.00,S,N,A,-,N,,,,,,,,,,Y,4,0,1,1,A,-,08,22107,,N,F,A,A,A,H,-,D,D,0,,,Y,,Y,,C,02,0,0,1,0,0,0,0,0,1,"- ","- ",39.706691741943359,-121.57495880126953,BUTTE,UNINCORPORATED,-121.5750732421875,39.706951141357422
91245129,2020,2020-05-29,9240,2020-05-23,2133,020587,,6,2,9,0400,0,3,5,,2,010,"LAS PLUMAS AVE","HOOVER ST",130.00,E,N,A,-,N,,,,,,,,,,Y,4,0,2,2,A,-,09,21801,A,N,B,C,A,A,H,-,D,D,0,,,,,Y,,D,22,0,0,2,0,0,0,0,0,0,"- ","- ",39.480491638183594,-121.53347015380859,BUTTE,UNINCORPORATED,-121.53337860107422,39.480472564697266
91245172,2020,2020-05-29,9241,2020-05-05,1609,020638,,2,2,9,0400,0,2,4,,1,087,"SEVEN MILE LN","GRAINLAND RD",37.00,S,N,A,-,N,,,,,,,,,,Y,1,1,1,1,A,-,01,23152,F,N,F,A,A,A,H,-,A,D,0,,,,,Y,,B,07,0,1,0,0,0,0,0,0,0,"- ","- ",39.608699798583984,-121.90940093994141,BUTTE,UNINCORPORATED,-121.90957641601562,39.609188079833984
91245477,2020,2020-06-01,9240,2020-05-26,1448,019784,,2,2,9,0400,0,3,5,,2,010,"FORBESTOWN RD","STARZIAK LN",200.00,N,N,A,-,N,,,,,,,,,,N,3,0,1,2,A,-,05,21460,A,N,B,C,A,A,H,-,A,D,0,,,,,Y,,-,"- ",0,1,0,0,0,0,0,0,0,"- ","- ",39.502910614013672,-121.35867309570312,BUTTE,UNINCORPORATED,-121.35916137695312,39.503437042236328
91245968,2020,2020-06-01,9240,2020-05-25,2010,019055,,1,2,9,0400,0,3,5,,2,010,"FORBESTOWN ROAD",SR-162,1584.00,S,N,A,-,N,,,,,,,,,,Y,3,0,1,1,A,-,01,23152,A,N,E,I,A,A,H,-,D,D,0,,,,,Y,Y,A,07,0,1,0,0,0,0,0,0,0,"- ","- ",39.514301300048828,-121.43900299072266,BUTTE,UNINCORPORATED,-121.43869018554688,39.514232635498047
91245973,2020,2020-06-01,9241,2020-05-24,1007,015529,,7,1,9,0400,0,3,5,,2,006,"HUMBOLDT RD.","BIGGERS LN",5280.00,E,N,A,-,N,,,,,,,,,,N,1,1,1,3,A,-,03,22350,,N,A,G,A,A,H,-,A,D,0,,Y,,,Y,,L,04,0,1,0,0,0,1,1,0,0,"- ","- ",40.091121673583984,-121.52718353271484,BUTTE,UNINCORPORATED,-121.52719879150391,40.091152191162109
91246294,2020,2020-06-02,9241,2020-05-31,2145,020686,,7,2,5,0402,0,1,3,,1,061,"SR-99 S/B",ESPLANADE,0.00,,Y,A,-,Y,,,,,,,,,,Y,3,0,2,2,A,-,12,22450,A,N,C,C,A,A,H,-,C,A,0,,,,,Y,,A,01,0,2,0,0,0,0,0,0,0,"- ","- ",39.793228149414062,-121.89839172363281,BUTTE,CHICO,-121.89864349365234,39.793281555175781
91246899,2020,2020-06-03,9241,2020-05-31,1330,018540,,7,1,9,0400,0,2,4,,2,083,"RIVER ROAD","CHICO RIVER RD",6336.00,N,N,A,-,N,,,,,,,,,,Y,3,0,2,1,C,-,18,,,N,E,J,A,A,C,-,A,D,0,,,Y,,Y,,-,"- ",0,2,0,0,0,0,0,0,2,"- ","- ",39.706939697265625,-121.94249725341797,BUTTE,UNINCORPORATED,-121.94176483154297,39.706214904785156
91247161,2020,2020-06-03,9240,2020-05-28,2242,021137,,4,3,9,0400,0,3,5,,2,040,"RIVERVIEW DR","GLENESS DR",590.00,S,N,A,-,N,,,,,,,,,,Y,3,0,1,1,A,-,01,23152,A,N,E,I,A,A,H,-,D,D,0,,,,,Y,Y,A,01,0,1,0,0,0,0,0,0,0,"- ","- ",39.510910034179688,-121.47274017333984,BUTTE,UNINCORPORATED,-121.47261047363281,39.510875701904297
91248367,2020,2020-06-08,9240,2020-06-04,1705,018841,,4,2,9,0400,0,3,5,,2,010,"E. GRIDLEY RD.","RT 70",25.00,W,N,A,-,N,,,,,,,,,,N,4,0,1,2,A,-,03,22350,,N,C,C,A,A,H,-,A,A,0,,,,,Y,,A,07,0,0,1,0,0,0,0,0,0,"- ","- ",39.364490509033203,-121.60836029052734,BUTTE,UNINCORPORATED,-121.60801696777344,39.364627838134766
91248403,2020,2020-06-08,9241,2020-06-03,1600,018540,,3,2,9,0400,0,3,5,,2,007,"POWELTON RD",SKYWAY,500.00,N,N,A,-,N,,,,,,,,,,N,2,0,2,2,A,-,03,22350,,N,D,D,A,A,H,-,A,D,0,,,Y,,Y,,C,02,1,0,1,0,0,0,0,0,2,"- ","- ",39.879718780517578,-121.6114501953125,BUTTE,UNINCORPORATED,-121.61139678955078,39.879989624023438
91248973,2020,2020-06-08,9241,2020-05-27,1825,019692,,3,2,9,0400,0,1,3,,2,081,"SR-99 N/B","NEAL RD",340.00,S,N,A,-,Y,,,99,,,,,,N,Y,3,0,2,2,A,-,08,22107,,N,D,C,A,A,H,-,A,D,0,,,,Y,Y,,A,01,0,1,1,0,0,0,0,0,0,"- ","- ",39.665248870849609,-121.74285888671875,BUTTE,UNINCORPORATED,-121.742919921875,39.665172576904297
91249226,2020,2020-06-08,9240,2020-05-31,1258,019060,,7,1,9,0400,0,3,5,,2,030,"GRAND AVE","7TH ST",10.00,E,N,A,-,N,,,,,,,,,,Y,3,0,5,2,A,-,03,22350,,N,C,C,A,A,H,-,A,D,0,,,,,Y,,D,22,0,1,4,0,0,0,0,0,0,"- ","- ",39.516689300537109,-121.58051300048828,BUTTE,UNINCORPORATED,-121.58055114746094,39.516643524169922
91249679,2020,2020-06-09,9241,2020-04-26,1023,017114,,7,1,9,0400,0,3,5,,2,006,"MERIDIAN RD.","KILKARE LN.",4752.00,N,N,A,-,N,,,,,,,,,,Y,1,1,0,2,A,-,03,22350,,N,C,C,A,A,H,-,A,D,0,,,,,Y,,A,07,0,0,0,0,0,0,0,0,0,"- ","- ",39.835441589355469,-121.91934204101562,BUTTE,UNINCORPORATED,-121.91933441162109,39.836437225341797
91250157,2020,2020-06-10,9240,2020-05-31,1550,019060,,7,2,9,0400,0,1,3,,2,032,"SR-70 W/B","TRUEX RD",4858.00,W,N,A,-,Y,,,70,,,,,,W,Y,3,0,1,1,A,-,08,22107,,N,E,I,A,A,H,-,A,D,0,,,Y,,Y,,C,02,0,1,0,0,0,0,0,0,1,"- ","- ",39.665950775146484,-121.53111267089844,BUTTE,UNINCORPORATED,-121.53123474121094,39.666088104248047
91250213,2020,2020-06-10,9240,2020-06-02,1038,019842,,2,1,9,0400,0,3,5,,2,010,"FORBESTOWN ROAD","FOREBSTOWN CIR",1584.00,N,N,A,-,N,,,,,,,,,,N,4,0,4,2,A,-,03,22350,,N,C,C,A,A,D,-,A,A,0,,,,,Y,,A,01,0,0,4,0,0,0,0,0,0,"- ","- ",39.50054931640625,-121.41381072998047,BUTTE,UNINCORPORATED,-121.40740203857422,39.501411437988281
91250318,2020,2020-06-10,9240,2020-06-03,1546,019842,,3,2,9,0400,0,1,3,,2,031,"SR-70 S/B OFF-RAMP TO SR-162",SR-162,0.00,,N,A,-,Y,,,,,,,,,,N,3,0,1,2,A,-,11,21950,B,N,G,B,E,A,H,-,A,A,0,Y,,,,Y,,N,60,0,1,0,0,1,0,0,0,0,"- ","- ",39.498218536376953,-121.57576751708984,BUTTE,UNINCORPORATED,-121.575813,39.498012000000003
91251033,2020,2020-06-11,9240,2020-06-09,1040,017566,,2,1,9,0400,0,1,3,,2,041,SR-162,"GOLD COUNTRY CASINO ENTRANCE",70.00,E,N,A,-,Y,,,,,,,,,,Y,4,0,2,1,A,-,08,22107,,N,E,I,A,A,H,-,A,A,0,,,,,Y,,A,07,0,0,2,0,0,0,0,0,0,"- ","- ",39.301399230957031,-121.30259704589844,BUTTE,UNINCORPORATED,,
91251224,2020,2020-06-12,9241,2020-06-10,1415,019692,,3,2,9,0400,0,1,3,,2,081,"SR-99 S/B","SOUTHGATE AVE",528.00,S,N,A,-,Y,,,99,,,,,,S,Y,4,0,1,2,A,-,03,22350,,N,C,C,A,A,H,-,A,D,0,,,,,Y,,A,01,0,0,1,0,0,0,0,0,0,"- ","- ",39.698989868164062,-121.78340148925781,BUTTE,UNINCORPORATED,-121.78347015380859,39.698909759521484
91251365,2020,2020-06-12,9240,2020-05-18,1240,017760,,1,1,9,0400,0,3,5,,2,010,"OPHIR RD","FEATHER RIVER BLVD",0.00,,Y,B,C,N,,,,,,,,,,Y,4,0,1,3,A,-,09,21802,A,N,D,C,A,B,H,-,A,A,0,,,,,Y,,D,22,0,0,1,0,0,0,0,0,0,"- ","- ",39.464000701904297,-121.57720947265625,BUTTE,UNINCORPORATED,-121.57688903808594,39.464038848876953
91251451,2020,2020-06-12,9240,2020-06-05,0343,021137,,5,3,9,0400,0,3,5,,2,010,"HILLDALE AVE","LITTLE CREEK RD",125.00,S,N,A,-,N,,,,,,,,,,Y,3,0,1,1,A,-,01,23152,F,N,E,I,A,A,H,-,D,D,0,,,,,Y,,A,01,0,1,0,0,0,0,0,0,0,"- ","- ",39.498931884765625,-121.50160217285156,BUTTE,UNINCORPORATED,-121.50169372558594,39.498828887939453
91251828,2020,2020-06-15,9241,2020-06-08,1945,019093,,1,2,9,0400,0,3,5,,2,008,"FIMPLE RD","DURHAM-DAYTON HWY",3800.00,N,N,A,-,N,,,,,,,,,,N,4,0,1,1,A,-,08,22107,,N,E,I,A,A,H,-,A,D,0,,,,,Y,,A,01,0,0,1,0,0,0,0,0,0,"- ","- ",39.663448333740234,-121.82494354248047,BUTTE,UNINCORPORATED,-121.82447814941406,39.663158416748047
91251845,2020,2020-06-15,9241,2020-06-10,2204,021256,,3,3,9,0400,0,2,4,,1,082,MIDWAY,"OROVILLE-CHICO HWY",0.00,,Y,A,-,N,,,,,,,,,,Y,4,0,1,2,A,-,09,21801,A,N,D,A,A,A,H,-,D,D,0,,,,,Y,,A,01,0,0,1,0,0,0,0,0,0,"- ","- ",39.405979156494141,-121.47486877441406,BUTTE,UNINCORPORATED,-121.79694366455078,39.683429718017578
91251862,2020,2020-06-15,9241,2020-06-10,1605,020686,,3,2,5,0402,0,1,3,,2,081,"SR-99 S/B","SOUTHGATE LN",1765.00,N,N,A,-,Y,,,99,,,,,,S,Y,3,0,1,2,A,-,03,22350,,N,C,C,A,A,H,-,A,D,0,,,,,Y,,A,08,0,1,0,0,0,0,0,0,0,"- ","- ",39.704750061035156,-121.78993988037109,BUTTE,CHICO,-121.78998565673828,39.704696655273438
91252667,2020,2020-06-16,9240,2020-06-04,0235,020587,,4,3,9,0400,0,3,5,,2,040,"CANYON DR","ROYAL OAKS DR",340.00,S,N,A,-,N,,,,,,,,,,Y,4,0,1,1,A,-,08,22107,,N,E,I,A,A,H,-,D,D,0,,,,,Y,,A,01,0,0,1,0,0,0,0,0,0,"- ","- ",39.524829864501953,-121.48139953613281,BUTTE,UNINCORPORATED,-121.48117828369141,39.525348663330078
91253098,2020,2020-06-17,9240,2020-06-07,1936,019710,,7,2,9,0400,0,1,3,,2,041,"SR-162 (ORO-QUINCY HWY)","RATCHEL MOUNTAIN DR",3400.00,S,N,A,-,Y,,,162,,,,,,,Y,2,0,1,1,A,-,03,22350,,N,E,I,A,A,H,-,A,D,0,,,Y,,Y,,C,02,1,0,0,0,0,0,0,0,1,"- ","- ",39.586948394775391,-121.43479156494141,BUTTE,UNINCORPORATED,-121.43470764160156,39.586956024169922
91253555,2020,2020-06-18,9240,2020-06-10,1609,019055,,3,2,9,0400,0,1,3,,1,021,SR-99,"HASTINGS AVENUE",45.00,S,N,A,-,Y,,,99,,,,,,,Y,4,0,1,2,A,-,03,22350,,N,C,C,A,A,H,-,A,D,0,,,,,Y,,A,01,0,0,1,0,0,0,0,0,0,"- ","- ",39.397701263427734,-121.68810272216797,BUTTE,UNINCORPORATED,-121.68803405761719,39.397701263427734
91253558,2020,2020-06-18,9240,2020-05-02,1727,019784,,6,2,9,0400,0,1,3,,2,041,SR-162,"FOREMAN CREEK RD",4224.00,W,N,B,-,Y,,,162,,,,,,,Y,1,1,0,1,A,-,05,21650,,N,E,I,A,A,H,-,A,A,0,,,Y,,Y,,C,02,0,0,0,0,0,0,0,1,0,"- ","- ",39.586688995361328,-121.43463897705078,BUTTE,UNINCORPORATED,-121.43461608886719,39.586704254150391
91253721,2020,2020-06-18,9241,2020-06-17,0540,017170,,3,3,9,0400,0,1,3,,2,093,SR-191,"O'NEAL RD",300.00,S,N,A,-,Y,,,191,,,,,,,Y,4,0,1,1,A,-,08,22107,,N,E,I,A,A,H,-,B,D,0,,,,,Y,,A,01,0,0,1,0,0,0,0,0,0,"- ","- ",39.607551574707031,-121.62283325195312,BUTTE,UNINCORPORATED,-121.62274169921875,39.607574462890625
91254016,2020,2020-06-18,9240,2020-06-13,2347,021137,,6,3,9,0400,0,3,5,,2,010,"PALERMO HONCUT","COX LANE",1584.00,N,N,B,-,N,,,,,,,,,,Y,3,0,1,1,A,-,01,23152,A,N,E,I,A,A,H,-,D,D,0,,,,,Y,Y,A,01,0,1,0,0,0,0,0,0,0,"- ","- ",39.390560150146484,-121.53993225097656,BUTTE,UNINCORPORATED,-121.53983306884766,39.389568328857422
91254029,2020,2020-06-18,9240,2020-06-04,1155,018396,,4,1,9,0400,0,3,5,,2,020,"LARKIN ROAD","ORD RANCH RD",972.00,E,N,A,-,N,,,,,,,,,,Y,2,0,2,1,A,-,17,21701,,N,E,I,A,A,H,-,A,D,0,,,,,Y,,A,07,2,0,0,0,0,0,0,0,0,"- ","- ",39.382419586181641,-121.65666961669922,BUTTE,UNINCORPORATED,-121.65672302246094,39.382339477539062
91254340,2020,2020-07-14,9241,2020-06-18,1520,019972,,4,2,5,0402,0,1,3,,2,100,"SR-99 N/B","EAST AVE. U/C",675.00,N,N,A,-,Y,,,99,,,,,,N,N,4,0,3,2,A,-,03,22350,,N,C,C,A,A,H,-,A,A,0,,,,,Y,,A,01,0,0,3,0,0,0,0,0,0,"- ","- ",39.761589050292969,-121.85720062255859,BUTTE,CHICO,-121.85722351074219,39.761562347412109
91255124,2020,2020-06-22,9241,2020-06-15,0825,018879,,1,1,9,0400,0,1,3,,2,100,"SR-99 NB","GARNER LN",0.00,,Y,B,-,Y,,,99,,,,,,N,Y,4,0,2,2,A,-,01,23152,A,M,D,C,A,A,H,-,A,A,0,,,,,Y,Y,A,07,0,0,2,0,0,0,0,0,0,"- ","- ",39.7900390625,-121.89141082763672,BUTTE,UNINCORPORATED,-121.89128112792969,39.790145874023438
91256825,2020,2020-07-31,9241,2020-05-25,2500,017114,,1,4,9,0400,0,3,5,,2,007,"SKYWAY S/B","HUMBUG SUMMIT RD",528.00,N,N,A,-,N,,,,,,,,,,Y,1,1,0,1,A,-,01,23152,A,N,E,I,A,A,H,-,A,D,0,,,Y,,Y,Y,C,02,0,0,0,0,0,0,0,1,0,"- ","- ",40.005531311035156,-121.53426361083984,BUTTE,UNINCORPORATED,,
91257359,2020,2020-06-25,9240,2020-06-19,2010,020318,,5,2,9,0400,0,1,3,,1,011,SR-70,"COX LN.",3960.00,N,N,A,-,Y,,,70,,,,,,,Y,4,0,1,3,A,-,05,21460,A,F,H,A,A,A,H,-,A,D,0,,,,,Y,,A,01,0,0,1,0,0,0,0,0,0,"- ","- ",39.391929626464844,-121.60591888427734,BUTTE,UNINCORPORATED,-121.60579681396484,39.391841888427734