CASE_ID,ACCIDENT_YEAR,PROC_DATE,JURIS,COLLISION_DATE,COLLISION_TIME,OFFICER_ID,REPORTING_DISTRICT,DAY_OF_WEEK,CHP_SHIFT,POPULATION,CNTY_CITY_LOC,SPECIAL_COND,BEAT_TYPE,CHP_BEAT_TYPE,CITY_DIVISION_LAPD,CHP_BEAT_CLASS,BEAT_NUMBER,PRIMARY_RD,SECONDARY_RD,DISTANCE,DIRECTION,INTERSECTION,WEATHER_1,WEATHER_2,STATE_HWY_IND,CALTRANS_COUNTY,CALTRANS_DISTRICT,STATE_ROUTE,ROUTE_SUFFIX,POSTMILE_PREFIX,POSTMILE,LOCATION_TYPE,RAMP_INTERSECTION,SIDE_OF_HWY,TOW_AWAY,COLLISION_SEVERITY,NUMBER_KILLED,NUMBER_INJURED,PARTY_COUNT,PRIMARY_COLL_FACTOR,PCF_CODE_OF_VIOL,PCF_VIOL_CATEGORY,PCF_VIOLATION,PCF_VIOL_SUBSECTION,HIT_AND_RUN,TYPE_OF_COLLISION,MVIW,PED_ACTION,ROAD_SURFACE,ROAD_COND_1,ROAD_COND_2,LIGHTING,CONTROL_DEVICE,CHP_ROAD_TYPE,PEDESTRIAN_ACCIDENT,BICYCLE_ACCIDENT,MOTORCYCLE_ACCIDENT,TRUCK_ACCIDENT,NOT_PRIVATE_PROPERTY,ALCOHOL_INVOLVED,STWD_VEHTYPE_AT_FAULT,CHP_VEHTYPE_AT_FAULT,COUNT_SEVERE_INJ,COUNT_VISIBLE_INJ,COUNT_COMPLAINT_PAIN,COUNT_PED_KILLED,COUNT_PED_INJURED,COUNT_BICYCLIST_KILLED,COUNT_BICYCLIST_INJURED,COUNT_MC_KILLED,COUNT_MC_INJURED,PRIMARY_RAMP,SECONDARY_RAMP,LATITUDE,LONGITUDE,COUNTY,CITY,POINT_X,POINT_Y
91280229,2020,2020-08-04,9241,2020-07-24,1828,019093,,5,2,9,0400,0,1,3,,2,093,SR-191,"DURHAM-PENTZ RD",0.00,,Y,A,-,Y,,,191,,,,,,,Y,3,0,2,2,A,-,09,21804,A,N,D,C,A,A,H,-,A,A,0,,,,,Y,,D,22,0,2,0,0,0,0,0,0,0,"- ","- ",39.6473388671875,-121.63437652587891,BUTTE,UNINCORPORATED,-121.63446044921875,39.647365570068359
91280238,2020,2020-08-04,9240,2020-07-23,1928,019710,,4,2,9,0400,0,1,3,,2,032,"STATE ROUTE 70","CHEROKEE RD",1375.00,E,N,A,-,Y,,,70,,,,,,,Y,2,0,1,1,A,-,03,22350,,N,F,A,A,A,H,-,A,D,0,,,Y,,Y,,C,02,1,0,0,0,0,0,0,0,1,"- ","- ",39.654510498046875,-121.54728698730469,BUTTE,UNINCORPORATED,-121.54727935791016,39.654434204101562
91280373,2020,2020-08-04,9241,2020-07-27,1710,019093,,1,2,9,0400,0,1,3,,2,081,"SR-99 N/B","ESTATES DR",30.00,S,N,A,-,Y,,,99,,,,,,N,Y,4,0,1,2,A,-,03,22350,,N,C,C,A,A,H,-,A,A,0,,,,,Y,,A,01,0,0,1,0,0,0,0,0,0,"- ","- ",39.690040588378906,-121.77316284179688,BUTTE,UNINCORPORATED,-121.77317810058594,39.690021514892578
91280946,2020,2020-08-05,9240,2020-08-03,1931,019653,,1,2,9,0400,0,1,3,,2,031,"SR-70 E/B","COTTONWOOD RD",500.00,N,N,A,-,Y,,,70,,,,,,E,Y,4,0,1,2,A,-,08,22107,,N,B,C,A,A,H,-,A,D,0,,,,Y,Y,,A,01,0,0,1,0,0,0,0,0,0,"- ","- ",39.558010101318359,-121.60231018066406,BUTTE,UNINCORPORATED,-121.60230255126953,39.558013916015625
91281040,2020,2020-08-05,9241,2020-08-02,1525,015794,,7,2,9,0400,0,1,3,,2,091,"SR-99 S/B","SR-149 N/B",114.00,S,N,A,-,Y,,,99,,,,,,S,Y,3,0,2,1,A,-,08,22107,,N,E,I,A,A,H,-,A,D,0,,,,,Y,,A,01,0,2,0,0,0,0,0,0,0,"- ","- ",39.619598388671875,-121.69284057617188,BUTTE,UNINCORPORATED,-121.69291687011719,39.619571685791016
91281244,2020,2020-08-17,9241,2020-08-04,1600,016360,,2,2,9,0400,0,3,5,,2,006,"EAST AVE","GUYNN AVE.",200.00,W,N,A,-,N,,,,,,,,,,N,4,0,2,2,A,-,03,22350,,N,C,C,A,A,H,-,A,D,0,,,,,Y,,D,22,0,0,2,0,0,0,0,0,0,"- ","- ",39.745780944824219,-121.87941741943359,BUTTE,UNINCORPORATED,-121.87906646728516,39.746028900146484
91283073,2020,2020-08-10,9241,2020-08-05,1240,014929,,3,1,9,0400,0,1,3,,2,091,"SR-99 N/B","DURHAM-PENTZ RD",2300.00,S,N,A,-,Y,,,99,,,,,,N,Y,3,0,1,1,A,-,08,22107,,N,F,I,A,A,H,-,A,D,0,,,,,Y,,A,01,0,1,0,0,0,0,0,0,0,"- ","- ",39.633739471435547,-121.70590972900391,BUTTE,UNINCORPORATED,-121.70607757568359,39.633552551269531
9128348,2020,2020-11-30,0402,2020-07-12,1613,96,,7,5,5,0402,0,0,0,,0,004,SKYWAY,"RT 99",0.00,,-,A,-,Y,BUT,3,99,-,R,30.358,R,4,N,Y,4,0,1,2,A,-,12,21453,A,N,D,C,A,A,H,-,A,A,0,,,,,Y,,D,22,0,0,1,0,0,0,0,0,0,"- ",NF,39.714801788330078,-121.79869842529297,BUTTE,CHICO,-121.79776000976562,39.711978912353516
91284256,2020,2020-08-11,9241,2020-08-06,0920,018540,,4,1,9,0400,0,3,5,,2,008,"MESA RD","OROVILLE-CHICO HWY",585.00,W,N,A,-,N,,,,,,,,,,Y,3,0,1,1,A,-,03,22350,,N,E,I,A,A,H,-,A,D,0,,,,,Y,,A,01,0,1,0,0,0,0,0,0,0,"- ","- ",39.659168243408203,-121.75028228759766,BUTTE,UNINCORPORATED,-121.75047302246094,39.659400939941406
91284279,2020,2020-08-13,9240,2020-08-08,1810,019256,,6,2,9,0400,0,3,5,,2,020,"MEAD AVE.","DRAKE AVE",1563.00,S,N,A,-,N,,,,,,,,,,Y,2,0,1,1,A,-,01,23152,A,N,E,I,A,A,H,-,A,D,0,,,,,Y,Y,D,22,1,0,0,0,0,0,0,0,0,"- ","- ",39.395408630371094,-121.6787109375,BUTTE,UNINCORPORATED,-121.678664,39.395465000000002
91284335,2020,2020-08-11,9240,2020-08-10,1430,018967,,1,2,9,0400,0,3,5,,2,020,"W BIGGS GRIDLEY RD","FARRIS RD",3696.00,N,N,A,-,N,,,,,,,,,,Y,3,0,1,1,A,-,08,22107,,N,E,I,A,A,H,-,A,D,0,,,,,Y,,A,01,0,1,0,0,0,0,0,0,0,"- ","- ",39.388999938964844,-121.71589660644531,BUTTE,UNINCORPORATED,-121.71626281738281,39.409568786621094
91285471,2020,2020-08-13,9241,2020-08-11,1230,018540,,2,1,9,0400,0,3,5,,2,008,"HEGAN LN","FIMPLE RD",15.00,E,N,A,-,N,,,,,,,,,,Y,4,0,1,2,A,-,03,22350,,N,C,C,A,A,H,-,A,D,0,,,,,Y,,A,01,0,0,1,0,0,0,0,0,0,"- ","- ",39.682159423828125,-121.85137176513672,BUTTE,UNINCORPORATED,-121.85137939453125,39.682167053222656
91286224,2020,2020-08-14,9241,2020-08-13,0845,016831,,4,1,9,0400,0,3,5,,2,008,"NELSON ROAD","BUTTE CREEK CANAL",548.00,W,N,A,-,N,,,,,,,,,,Y,4,0,1,1,A,-,08,22107,,N,E,I,A,A,H,-,A,D,0,,,,,Y,,A,01,0,0,1,0,0,0,0,0,0,"- ","- ",39.551670074462891,-121.84311676025391,BUTTE,UNINCORPORATED,-121.84209199999999,39.551634999999997
91286233,2020,2020-08-14,9240,2020-08-10,2020,019653,,1,2,9,0400,0,1,3,,2,041,SR-162,"FOREMAN CREEK RD",4224.00,W,N,A,-,Y,,,162,,,,,,,Y,3,0,1,1,C,-,18,,,N,E,A,A,D,G,-,B,D,0,,,Y,,Y,,-,"- ",0,1,0,0,0,0,0,0,1,"- ","- ",39.586601257324219,-121.43434143066406,BUTTE,UNINCORPORATED,-121.43442535400391,39.586490631103516
91287610,2020,2020-08-17,9241,2020-08-11,2052,015794,,2,2,9,0400,0,2,4,,2,070,SKYWAY,"SOUTH PARK DR",1056.00,S,N,A,-,N,,,,,,,,,,N,4,0,1,1,C,-,18,,,N,E,J,A,A,C,-,D,D,0,,,,,Y,,-,"- ",0,0,1,0,0,0,0,0,0,"- ","- ",39.812610626220703,-121.589599609375,BUTTE,UNINCORPORATED,-121.58960723876953,39.812564849853516
91287687,2020,2020-08-17,9241,2020-08-14,0725,018540,,5,1,5,0402,0,1,3,,2,100,"SR-99 N/B","E 5TH STREET",139.00,S,N,A,-,Y,,,99,,,,,,N,Y,2,0,2,1,A,-,08,22107,,N,F,A,A,A,C,-,A,D,0,,,,,Y,,D,22,1,1,0,0,0,0,0,0,0,"- ","- ",39.747821807861328,-121.83458709716797,BUTTE,CHICO,-121.83462524414062,39.747768402099609
91287714,2020,2020-08-17,9241,2020-08-15,1250,016831,,6,1,5,0402,0,1,3,,2,100,"SR-99 N/B","EAST AVENUE",800.00,N,N,A,-,Y,,,99,,,,,,N,Y,4,0,2,1,A,-,08,22107,,N,E,I,A,A,H,-,A,D,0,,,,,Y,,D,22,0,0,2,0,0,0,0,0,0,"- ","- ",39.762260437011719,-121.85788726806641,BUTTE,CHICO,-121.85797119140625,39.762157440185547
91287807,2020,2020-08-18,9240,2020-08-10,2335,020587,,1,3,9,0400,0,1,3,,2,041,"STATE ROUTE 162 (ORO QUINCY HWY)","MARINA VISTA DR",1584.00,W,N,A,-,Y,,,162,,,,,,,Y,3,0,2,1,A,-,01,23153,A,N,E,I,A,A,H,-,D,D,0,,,,,Y,Y,A,01,0,1,1,0,0,0,0,0,0,"- ","- ",39.527740478515625,-121.43232727050781,BUTTE,UNINCORPORATED,-121.43241882324219,39.527698516845703
91288136,2020,2020-08-18,9241,2020-08-16,1734,015794,,7,2,5,0402,0,1,3,,2,100,"SR-32 E/B TO SR-99 S/B",SR-32,295.00,S,N,B,-,Y,,,32,,,,R,,E,Y,3,0,1,1,A,-,01,23152,A,N,F,A,A,A,H,-,A,D,0,,,,,Y,Y,A,01,0,1,0,0,0,0,0,0,0,"- ","- ",39.735328674316406,-121.818603515625,BUTTE,CHICO,-121.818603515625,39.735328674316406
91289345,2020,2020-08-20,9240,2020-08-13,1530,020318,,4,2,9,0400,0,3,5,,2,030,"12TH ST","THERMALITO AVE",83.00,S,N,A,-,N,,,,,,,,,,Y,2,0,2,2,A,-,09,21801,A,N,A,C,A,A,H,-,A,D,0,,,Y,,Y,,D,22,1,1,0,0,0,0,0,0,2,"- ","- ",39.510768890380859,-121.59163665771484,BUTTE,UNINCORPORATED,-121.59158325195312,39.510833740234375
91289356,2020,2020-08-20,9240,2020-08-17,1720,018967,,1,2,9,0400,0,3,5,,2,010,"PALERMO RD","MELVINA AVE",0.00,,Y,B,-,N,,,,,,,,,,Y,4,0,2,2,A,-,09,21802,A,M,D,C,A,A,H,-,A,D,0,,,,,Y,,A,01,0,0,2,0,0,0,0,0,0,"- ","- ",39.435199737548828,-121.54730224609375,BUTTE,UNINCORPORATED,-121.54727935791016,39.435260772705078
91289372,2020,2020-08-20,9240,2020-08-18,2318,021137,,2,3,9,0400,0,3,5,,2,040,"KELLY RIDGE RD","CHAPARRAL DR",622.00,S,N,A,-,N,,,,,,,,,,Y,4,0,1,1,A,-,05,21650,,N,E,I,A,A,H,-,D,D,0,,,,,Y,,A,07,0,0,1,0,0,0,0,0,0,"- ","- ",39.528789520263672,-121.46762847900391,BUTTE,UNINCORPORATED,-121.46750640869141,39.528861999511719
91289382,2020,2020-08-20,9240,2020-08-17,1405,018967,,1,2,9,0400,0,3,5,,2,040,"ORO DAM BLVD E","CANYON DR",2640.00,W,N,B,-,N,,,,,,,,,,Y,4,0,1,2,A,-,03,22350,,N,H,A,A,A,H,-,A,D,0,,,Y,,Y,,C,02,0,0,1,0,0,0,0,0,1,"- ","- ",39.528598785400391,-121.48419952392578,BUTTE,UNINCORPORATED,-121.482817,39.530999999999999
91289689,2020,2020-08-20,9240,2020-08-08,1903,019710,,6,2,9,0400,0,3,5,,2,010,"LONE TREE ROAD","POWER HOUSE HILL ROAD",105.00,S,N,A,-,N,,,,,,,,,,N,3,0,1,1,A,-,08,22107,,N,E,I,A,A,H,-,A,D,0,,,,,Y,,A,07,0,1,0,0,0,0,0,0,0,"- ","- ",39.461368560791016,-121.57826995849609,BUTTE,UNINCORPORATED,-121.57817077636719,39.461433410644531
91290263,2020,2020-08-21,9241,2020-08-20,1225,016831,,4,1,9,0400,0,1,3,,1,060,"SR-32 E/B","HUMBOLDT RD",2640.00,W,N,A,-,Y,,,32,,,,,,E,Y,4,0,1,1,A,-,08,22107,,N,E,I,A,A,H,-,A,D,0,,,,,Y,,A,07,0,0,1,0,0,0,0,0,0,"- ","- ",39.755180358886719,-121.73880767822266,BUTTE,UNINCORPORATED,-121.73886871337891,39.75531005859375
91290442,2020,2020-08-21,9240,2020-08-18,0400,020587,,2,3,9,0400,0,1,3,,2,031,"STATE HIGHWAY 70 TO MONTGOMERY","MONTGOMERY PL",170.00,N,N,A,-,Y,,,,,,,,,,Y,2,0,2,1,A,-,08,22107,,N,F,A,A,A,H,-,D,D,0,,,,,Y,,A,01,1,1,0,0,0,0,0,0,0,"- ","- ",39.508369445800781,-121.57414245605469,BUTTE,UNINCORPORATED,-121.57326507568359,39.508552551269531
91290505,2020,2020-08-21,9241,2020-08-14,1625,020638,,5,2,9,0400,0,1,3,,2,093,"STATE HIGHWAY 191","CIRCLE 4 CT",4224.00,S,N,A,-,Y,,,191,,,,,,,Y,3,0,1,2,A,-,08,22107,,N,A,C,A,A,H,-,A,D,0,,,,Y,Y,,B,07,0,1,0,0,0,0,0,0,0,"- ","- ",39.630001068115234,-121.63828277587891,BUTTE,UNINCORPORATED,-121.63829803466797,39.629997253417969
91291427,2020,2020-08-24,9241,2020-08-18,1342,019692,,2,1,9,0400,0,1,3,,1,061,SR-99,"ANDERSON BROTHERS DR",196.00,N,N,A,-,Y,,,99,,,,,,,Y,3,0,1,1,A,-,01,23152,F,N,E,I,A,A,H,-,A,D,0,,,,,Y,,A,07,0,1,0,0,0,0,0,0,0,"- ","- ",39.798210144042969,-121.90380859375,BUTTE,UNINCORPORATED,-121.90367889404297,39.798297882080078
91291445,2020,2020-08-24,9241,2020-08-21,1715,020638,,5,2,9,0400,0,2,4,,2,084,"CHICO RIVER RD","ROSE AVE",238.00,W,N,F,-,N,,,,,,,,,,Y,4,0,1,2,A,-,05,21460,A,N,A,C,A,A,H,-,A,A,0,,,,,Y,,D,22,0,0,1,0,0,0,0,0,0,"- ","- ",39.717201232910156,-121.86239624023438,BUTTE,UNINCORPORATED,-121.86231231689453,39.717170715332031
91291493,2020,2020-08-24,9241,2020-08-17,1305,014929,,1,1,9,0400,0,3,5,,2,008,"HEGAN LANE",MIDWAY,25.00,W,N,B,-,N,,,,,,,,,,N,4,0,1,2,A,-,03,22350,,M,C,C,A,B,H,-,A,A,0,,,,,Y,,A,01,0,0,1,0,0,0,0,0,0,"- ","- ",39.708759307861328,-121.80943298339844,BUTTE,UNINCORPORATED,-121.80930328369141,39.70880126953125
91292226,2020,2020-09-01,9241,2020-08-23,2230,020624,,7,3,9,0400,0,1,3,,1,060,"SR-32 W/B","HUMBOLDT RD",10032.00,E,N,A,-,Y,,,32,,,,,,W,Y,3,0,1,1,A,-,01,23152,A,N,E,I,A,A,H,-,C,D,0,,,,,Y,,A,01,0,1,0,0,0,0,0,0,0,"- ","- ",39.787200927734375,-121.72429656982422,BUTTE,UNINCORPORATED,-121.72420501708984,39.787162780761719
91293104,2020,2020-08-26,9240,2020-08-15,0628,015532,,6,1,9,0400,0,3,5,,2,010,"LAS PLUMAS AVE","LOWER WYANDOTTE RD",0.00,,Y,A,-,N,,,,,,,,,,Y,3,0,3,2,A,-,12,21453,A,N,B,C,A,A,H,-,B,A,0,,,,,Y,,A,01,0,1,2,0,0,0,0,0,0,"- ","- ",39.284969329833984,-121.31498718261719,BUTTE,UNINCORPORATED,-121.53058624267578,39.480491638183594
91295853,2020,2020-08-31,9240,2020-08-19,2207,020587,,3,3,9,0400,0,3,5,,2,010,"LOWER WYANDOTTE RD","PANO LN",480.00,W,N,A,-,N,,,,,,,,,,Y,2,0,3,1,A,-,01,23152,A,N,E,I,A,A,H,-,C,D,0,,,,,Y,Y,A,07,2,1,0,0,0,0,0,0,0,"- ","- ",39.466869354248047,-121.52439880371094,BUTTE,UNINCORPORATED,-121.52454376220703,39.46685791015625
91296217,2020,2020-08-31,9241,2020-08-22,0056,017319,,6,3,5,0402,0,1,3,,2,100,"SR-99 S/B","20TH ST",761.00,N,N,F,-,Y,,,99,,,,,,S,Y,3,0,1,2,A,-,01,23152,A,N,C,C,A,A,H,-,C,D,0,,,,,Y,Y,A,01,0,1,0,0,0,0,0,0,0,"- ","- ",39.726879119873047,-121.81096649169922,BUTTE,CHICO,-121.81039428710938,39.727317810058594
91296301,2020,2020-09-11,9241,2020-08-30,1700,016360,,7,2,9,0400,0,3,5,,2,006,"EAST AVE","GUYNN AVE",0.00,,Y,F,-,N,,,,,,,,,,Y,4,0,1,2,A,-,09,21802,A,N,D,C,A,A,H,-,A,A,0,,,,,Y,,A,01,0,0,1,0,0,0,0,0,0,"- ","- ",39.746498107910156,-121.87848663330078,BUTTE,UNINCORPORATED,-121.87850189208984,39.746360778808594
91296334,2020,2020-08-31,9241,2020-08-28,0100,019972,,5,3,9,0400,0,3,5,,2,007,"POWELLTON RD","SHADOW RIDGE RD",4224.00,N,N,A,-,N,,,,,,,,,,N,3,0,1,1,A,-,08,22107,,N,F,A,A,A,H,-,D,D,0,,,,,Y,,D,22,0,1,0,0,0,0,0,0,0,"- ","- ",39.903209686279297,-121.60558319091797,BUTTE,UNINCORPORATED,-121.605142,39.906531000000001
91296361,2020,2020-08-31,9241,2020-08-28,1031,016831,,5,1,9,0400,0,2,4,,2,094,"PENTZ RD","4820 PENTZ ROAD",290.00,N,N,A,-,N,,,,,,,,,,Y,4,0,1,1,A,-,08,22107,,N,E,I,A,A,H,-,A,D,0,,,,,Y,,D,22,0,0,1,0,0,0,0,0,0,"- ","- ",39.723300933837891,-121.57775115966797,BUTTE,UNINCORPORATED,,
91297182,2020,2020-09-01,9240,2020-08-20,0850,019060,,4,1,9,0400,0,3,5,,2,010,"OPHIR RD","LOWER WYANDOTTE RD",0.00,,Y,A,-,N,,,,,,,,,,Y,4,0,1,2,A,-,12,21453,A,N,D,C,A,A,H,-,A,A,0,,,,,Y,,A,01,0,0,1,0,0,0,0,0,0,"- ","- ",39.466770172119141,-121.52613830566406,BUTTE,UNINCORPORATED,-121.52609252929688,39.466819763183594
91297228,2020,2020-09-01,9240,2020-08-23,1156,017760,,7,1,9,0400,0,3,5,,2,040,"ORO QUINCY HWY","BIG RIDGE ROAD",60.00,N,N,F,-,N,,,,,,,,,,Y,4,0,2,1,A,-,08,22107,,N,E,I,A,A,H,-,A,D,0,,,,,Y,,A,07,0,0,2,0,0,0,0,0,0,"- ","- ",39.629058837890625,-121.4322509765625,BUTTE,UNINCORPORATED,-121.36176300048828,39.685031890869141
91297450,2020,2020-09-02,9240,2020-08-13,1811,019710,,4,2,9,0400,0,1,3,,1,021,"STATE ROUTE 99","TOWNSHIP RD",0.00,,Y,A,-,Y,,,99,,,,,,,Y,4,0,3,2,A,-,09,21802,A,N,D,C,A,A,H,-,A,A,0,,,,,Y,,A,07,0,0,3,0,0,0,0,0,0,"- ","- ",39.343780517578125,-121.68691253662109,BUTTE,UNINCORPORATED,-121.68685150146484,39.343807220458984
91297806,2020,2020-09-02,9241,2020-09-01,1520,016360,,2,2,5,0402,0,1,3,,2,100,"SR-99 S/B","VALLOMBROSA AVE",200.00,N,N,A,-,Y,,,99,,,,,,S,N,3,0,1,2,A,-,07,21658,A,N,B,G,A,A,H,-,A,D,0,,Y,,,Y,,L,04,0,1,0,0,0,0,1,0,0,"- ","- ",39.736820220947266,-121.82086181640625,BUTTE,CHICO,-121.82065582275391,39.737091064453125
91297929,2020,2020-09-02,9240,2020-08-23,1040,019060,,7,1,9,0400,0,1,3,,2,031,"SR-70 N/B","MONTGOMERY ST",165.00,S,N,A,-,Y,,,,,,,,,,Y,4,0,1,1,A,-,03,22350,,N,F,A,A,A,H,-,A,D,0,,,Y,,Y,,C,02,0,0,1,0,0,0,0,0,1,"- ","- ",39.507678985595703,-121.57324981689453,BUTTE,UNINCORPORATED,-121.57328033447266,39.507701873779297
91298297,2020,2020-09-03,9241,2020-08-28,0935,015529,,5,1,9,0400,0,2,4,,2,071,SKYWAY,"SHAWNEE LN",200.00,S,N,A,-,N,,,,,,,,,,Y,3,0,2,2,A,-,09,21804,A,N,D,C,A,A,H,-,A,D,0,,,,,Y,,D,22,0,2,0,0,0,0,0,0,0,"- ","- ",39.860958099365234,-121.60752868652344,BUTTE,UNINCORPORATED,-121.60774230957031,39.86065673828125
91298713,2020,2020-09-03,9240,2020-08-25,0710,017532,,2,1,9,0400,0,3,5,,2,040,"LUMPKIN RD","ENTERPRISE BRIDGE",225.00,W,N,A,-,N,,,,,,,,,,Y,3,0,2,2,A,-,03,22350,,N,F,A,A,A,H,-,A,D,0,,,,Y,Y,,G,25,0,2,0,0,0,0,0,0,0,"- ","- ",39.533821105957031,-121.34162139892578,BUTTE,UNINCORPORATED,-121.3507080078125,39.545051574707031
91299012,2020,2020-09-04,9241,2020-08-29,0720,017114,,6,1,9,0400,0,2,4,,2,083,"RIVER RD.",SR-32,3168.00,S,N,A,-,N,,,,,,,,,,Y,4,0,1,1,A,-,08,22107,,N,E,I,A,A,H,-,A,D,0,,,,,Y,,A,01,0,0,1,0,0,0,0,0,0,"- ","- ",39.745590209960938,-121.96587371826172,BUTTE,UNINCORPORATED,-121.96600341796875,39.745784759521484
91299056,2020,2020-09-04,9240,2020-08-30,0055,019842,,7,3,9,0400,0,3,5,,2,030,"ORO DAM BLVD E","RUSTY DUSTY RD",154.00,W,N,A,-,N,,,,,,,,,,Y,2,0,1,1,A,-,01,23152,A,N,E,I,A,A,H,-,D,D,0,,,,,Y,Y,A,01,1,0,0,0,0,0,0,0,0,"- ","- ",39.524139404296875,-121.50711822509766,BUTTE,UNINCORPORATED,-121.50736999999999,39.523772999999998
91300330,2020,2020-10-29,9241,2020-09-02,1815,015794,,3,2,9,0400,0,1,3,,2,080,SR-32,"MERIDIAN RD",0.00,,Y,A,-,Y,,,32,,,,,,,Y,1,1,0,2,A,-,09,21802,A,N,D,C,A,A,H,-,A,A,0,,,,,Y,Y,A,08,0,0,0,0,0,0,0,0,0,"- ","- ",39.753349304199219,-121.9190673828125,BUTTE,UNINCORPORATED,-121.9190673828125,39.753341674804688
91300462,2020,2020-09-08,9241,2020-09-03,0655,017114,,4,1,9,0400,0,2,4,,2,086,"ORD FERRY RD.","RIVER RD.",3696.00,W,N,A,-,N,,,,,,,,,,Y,3,0,1,2,A,-,08,22107,,N,D,C,A,A,H,-,A,D,0,,,,Y,Y,,D,22,0,1,0,0,0,0,0,0,0,"- ","- ",39.630569458007812,-121.932861328125,BUTTE,UNINCORPORATED,-121.95843505859375,39.623924255371094
91300484,2020,2020-09-16,9241,2020-09-05,1925,019692,,6,2,9,0400,0,2,4,,2,096,"HONEY RUN RD",SKYWAY,10560.00,E,N,A,-,N,,,,,,,,,,Y,2,0,1,1,A,-,08,22107,,N,E,I,A,A,H,-,A,D,0,,,Y,,Y,,C,02,1,0,0,0,0,0,0,0,1,"- ","- ",39.71295166015625,-121.74257659912109,BUTTE,UNINCORPORATED,-121.73979949951172,39.713607788085938
91300493,2020,2020-09-08,9241,2020-09-03,0955,014929,,4,1,9,0400,0,1,3,,2,091,"SR-99 S/B","DURHAM-PENTZ ROAD",3182.00,S,N,A,-,Y,,,99,,,,,,S,Y,3,0,1,1,A,-,08,22107,,N,E,I,A,A,D,H,A,D,0,,,,,Y,,A,01,0,1,0,0,0,0,0,0,0,"- ","- ",39.635398864746094,-121.70877838134766,BUTTE,UNINCORPORATED,-121.70867919921875,39.635520935058594
91300610,2020,2020-09-08,9241,2020-09-04,1050,017114,,5,1,9,0400,0,1,3,,2,081,"SR-99 N/B","NEAL RD.",1056.00,S,N,A,-,Y,,,99,,,,,,N,Y,4,0,1,2,A,-,03,22350,,N,C,C,A,A,H,-,A,A,0,,,,,Y,,A,01,0,0,1,0,0,0,0,0,0,"- ","- ",39.664180755615234,-121.74149322509766,BUTTE,UNINCORPORATED,-121.74153137207031,39.664131164550781
91300741,2020,2020-09-08,9240,2020-08-30,1615,019055,,7,2,9,0400,0,3,5,,2,010,"LINCOLN BLVD","WALMER RD",3.00,S,N,A,-,N,,,,,,,,,,Y,3,0,1,1,A,-,01,23152,F,N,E,I,A,A,H,-,A,D,0,,,,,Y,,A,07,0,1,0,0,0,0,0,0,0,"- ","- ",39.479400634765625,-121.54769897460938,BUTTE,UNINCORPORATED,-121.54817962646484,39.479473114013672
91300774,2020,2020-09-08,9240,2020-08-31,1625,019653,,1,2,9,0400,0,3,5,,2,010,"ORO BANGOR HWY","JAN DAR RD",1056.00,S,N,A,-,N,,,,,,,,,,Y,4,0,1,1,A,-,03,22350,,N,E,J,A,A,H,-,A,D,0,,,,,Y,,A,01,0,0,1,0,0,0,0,0,0,"- ","- ",39.427349090576172,-121.42935180664062,BUTTE,UNINCORPORATED,-121.429243,39.426789999999997
9130132,2020,2020-10-17,0402,2020-07-08,1035,1240,,3,5,5,0402,0,0,0,,0,005,"EAST LASSEN AV","CERES AV",0.00,,Y,A,-,N,,,,,,,,,,Y,3,0,1,2,A,-,09,21802,A,N,D,C,A,A,H,-,A,A,0,,,Y,,Y,,A,01,0,1,0,0,0,0,0,0,1,"- ","- ",,,BUTTE,CHICO,-121.83818817138672,39.773040771484375
9130133,2020,2020-10-17,0402,2020-07-19,1808,P01767,43,7,5,5,0402,0,0,0,,0,003,"CAMELLIA WY","E 1ST ST",0.00,,Y,A,-,N,,,,,,,,,,Y,3,0,3,1,A,-,01,23153,A,N,E,I,A,A,H,-,A,D,0,,,,,Y,Y,A,01,0,3,0,0,0,0,0,0,0,"- ","- ",,,BUTTE,CHICO,-121.83807373046875,39.731868743896484
9130134,2020,2020-10-19,0402,2020-07-10,1516,P04107,74,5,5,5,0402,0,0,0,,0,003,"NORMAL AV","NORMAL AV 2025",0.00,,N,A,-,N,,,,,,,,,,Y,3,0,2,1,A,-,00,23153,F,N,E,I,A,A,H,-,A,D,0,,,,,Y,,D,22,0,2,0,0,0,0,0,0,0,"- ","- ",39.425800323486328,-121.49330139160156,BUTTE,CHICO,-121.825512,39.715997999999999
9130135,2020,2020-10-17,0402,2020-07-08,1951,83,0402,3,5,5,0402,0,0,0,,0,005,"COHASSET RD","BOEING AV",511.00,S,N,A,-,N,,,,,,,,,,Y,3,0,1,1,A,-,01,23152,A,N,F,I,A,A,H,-,A,D,0,,,,,Y,Y,A,01,0,1,0,0,0,0,0,0,0,"- ","- ",39.4739990234375,-121.50379943847656,BUTTE,CHICO,-121.84475708007812,39.796367645263672