CASE_ID,ACCIDENT_YEAR,PROC_DATE,JURIS,COLLISION_DATE,COLLISION_TIME,OFFICER_ID,REPORTING_DISTRICT,DAY_OF_WEEK,CHP_SHIFT,POPULATION,CNTY_CITY_LOC,SPECIAL_COND,BEAT_TYPE,CHP_BEAT_TYPE,CITY_DIVISION_LAPD,CHP_BEAT_CLASS,BEAT_NUMBER,PRIMARY_RD,SECONDARY_RD,DISTANCE,DIRECTION,INTERSECTION,WEATHER_1,WEATHER_2,STATE_HWY_IND,CALTRANS_COUNTY,CALTRANS_DISTRICT,STATE_ROUTE,ROUTE_SUFFIX,POSTMILE_PREFIX,POSTMILE,LOCATION_TYPE,RAMP_INTERSECTION,SIDE_OF_HWY,TOW_AWAY,COLLISION_SEVERITY,NUMBER_KILLED,NUMBER_INJURED,PARTY_COUNT,PRIMARY_COLL_FACTOR,PCF_CODE_OF_VIOL,PCF_VIOL_CATEGORY,PCF_VIOLATION,PCF_VIOL_SUBSECTION,HIT_AND_RUN,TYPE_OF_COLLISION,MVIW,PED_ACTION,ROAD_SURFACE,ROAD_COND_1,ROAD_COND_2,LIGHTING,CONTROL_DEVICE,CHP_ROAD_TYPE,PEDESTRIAN_ACCIDENT,BICYCLE_ACCIDENT,MOTORCYCLE_ACCIDENT,TRUCK_ACCIDENT,NOT_PRIVATE_PROPERTY,ALCOHOL_INVOLVED,STWD_VEHTYPE_AT_FAULT,CHP_VEHTYPE_AT_FAULT,COUNT_SEVERE_INJ,COUNT_VISIBLE_INJ,COUNT_COMPLAINT_PAIN,COUNT_PED_KILLED,COUNT_PED_INJURED,COUNT_BICYCLIST_KILLED,COUNT_BICYCLIST_INJURED,COUNT_MC_KILLED,COUNT_MC_INJURED,PRIMARY_RAMP,SECONDARY_RAMP,LATITUDE,LONGITUDE,COUNTY,CITY,POINT_X,POINT_Y
91356693,2020,2020-12-01,9241,2020-11-21,2120,018879,,6,2,9,0400,0,3,5,,2,008,"NELSON RD","MILL ST",375.00,N,N,A,-,N,,,,,,,,,,Y,3,0,1,1,A,-,08,22107,,N,E,I,A,A,H,-,D,D,0,,,,,Y,,A,01,0,1,0,0,0,0,0,0,0,"- ","- ",39.554668426513672,-121.76493835449219,BUTTE,UNINCORPORATED,-121.76478576660156,39.554718017578125
91357253,2020,2020-12-02,9240,2020-11-27,0330,018841,,5,3,9,0400,0,1,3,,1,011,"RT 70","CENTRAL HOUSE RD",2481.00,S,N,A,-,Y,,,70,,,,,,,Y,4,0,1,1,A,-,08,22107,,N,F,A,A,A,H,-,D,D,0,,,,,Y,,D,22,0,0,1,0,0,0,0,0,0,"- ","- ",39.3431396484375,-121.599853515625,BUTTE,UNINCORPORATED,-121.59992980957031,39.343124389648438
91357697,2020,2020-12-02,9240,2020-12-01,0205,019256,,2,3,9,0400,0,3,5,,2,010,"LOWER WYANDOTTE RD","OPHIR RD",0.00,,Y,A,-,N,,,,,,,,,,Y,3,0,2,2,A,-,09,21453,C,N,D,C,A,A,H,-,C,A,0,,,,,Y,,D,22,0,2,0,0,0,0,0,0,0,"- ","- ",39.466880798339844,-121.52603912353516,BUTTE,UNINCORPORATED,-121.52609252929688,39.466819763183594
91357791,2020,2020-12-02,9240,2020-11-23,1117,015532,,1,1,9,0400,0,3,5,,2,010,"SR-162 W","WICKMAN RD",3075.00,W,N,A,-,Y,,,,,,,,,,Y,2,0,1,1,A,-,08,22107,,N,F,A,A,A,H,-,A,D,0,,,,,Y,,A,07,1,0,0,0,0,0,0,0,0,"- ","- ",39.275341033935547,-121.47312164306641,BUTTE,UNINCORPORATED,-121.79282379150391,39.464809417724609
91358127,2020,2020-12-03,9240,2020-12-01,1715,018967,,2,2,9,0400,0,3,5,,2,040,"ORO QUINCY HWY","BIG RIDGE RD",1584.00,E,N,A,-,N,,,,,,,,,,Y,4,0,1,2,A,-,08,22107,,N,C,C,A,A,H,-,A,D,0,,,,,Y,,A,07,0,0,1,0,0,0,0,0,0,"- ","- ",39.633899688720703,-121.43039703369141,BUTTE,UNINCORPORATED,-121.35677337646484,39.686065673828125
91359208,2020,2020-12-04,9241,2020-12-02,0020,017319,,3,3,9,0400,0,1,3,,2,081,SR-99,"ENTLER AVE",1100.00,S,N,A,-,Y,,,99,,,,,,,N,3,0,2,1,C,-,18,,,N,E,J,A,A,C,-,D,D,0,,,,,Y,,-,"- ",0,2,0,0,0,0,0,0,0,"- ","- ",39.700229644775391,-121.78484344482422,BUTTE,UNINCORPORATED,-121.78489685058594,39.700168609619141
91360021,2020,2020-12-07,9285,2020-11-25,2130,020224,,3,2,9,0400,0,3,5,,1,008,"LA PORTE RD","UPHAM RD",100.00,W,N,A,-,N,,,,,,,,,,Y,2,0,1,2,A,-,21,22106,,N,C,C,A,A,H,-,A,D,0,,,,,Y,,A,01,1,0,0,0,0,0,0,0,0,"- ","- ",39.419521331787109,-121.36615753173828,BUTTE,UNINCORPORATED,-121.36615753173828,39.419567108154297
91360049,2020,2020-12-07,9241,2020-11-29,0800,017170,,7,1,5,0402,0,1,3,,2,100,"SR-99 S/B",SR-32,1056.00,S,N,A,-,Y,,,99,,,,,,S,Y,2,0,1,1,A,-,01,23152,F,N,E,I,A,A,H,-,A,D,0,,,,,Y,,A,01,1,0,0,0,0,0,0,0,0,"- ","- ",39.732818603515625,-121.81504821777344,BUTTE,CHICO,-121.81501007080078,39.732868194580078
91361174,2020,2020-12-08,9240,2020-11-28,1750,020318,,6,2,9,0400,0,1,3,,2,034,SR-149,"OPENSHAW RD. O/C",3500.00,N,N,A,-,Y,,,149,,,,,,,Y,4,0,1,1,A,-,01,23152,G,N,E,I,A,A,H,-,D,D,0,,,,,Y,Y,A,01,0,0,1,0,0,0,0,0,0,"- ","- ",39.593219757080078,-121.64395141601562,BUTTE,UNINCORPORATED,-121.64401245117188,39.593093872070312
91361201,2020,2020-12-08,9240,2020-08-27,0842,018396,,4,1,9,0400,0,1,3,,2,031,SR-70,"GARDEN DRIVE OC",899.00,S,N,A,-,Y,,,70,,,,,,,Y,2,0,1,1,A,-,01,23152,F,N,E,I,A,A,H,-,A,D,0,,,,,Y,,A,01,1,0,0,0,0,0,0,0,0,"- ","- ",39.532199859619141,-121.58014678955078,BUTTE,UNINCORPORATED,-121.58016204833984,39.532188415527344
91361381,2020,2021-03-25,9240,2020-11-10,1555,019710,,2,2,9,0400,0,3,5,,2,010,"LINCOLN BOULEVARD","MYERS ST",22.00,N,N,A,-,N,,,,,,,,,,N,1,1,0,2,A,-,10,21950,A,N,G,B,B,A,H,-,A,A,0,Y,,,,Y,,A,07,0,0,0,1,0,0,0,0,0,"- ","- ",39.491531372070312,-121.55056762695312,BUTTE,UNINCORPORATED,-121.55068206787109,39.491458892822266
91361558,2020,2020-12-08,9241,2020-11-28,1600,018578,,6,2,9,0400,0,3,5,,2,007,"COUTOLENC RD",SKYWAY,300.00,E,N,A,-,N,,,,,,,,,,Y,2,0,1,1,A,-,01,23152,A,N,E,I,A,A,H,-,A,D,0,,,,,Y,Y,A,07,1,0,0,0,0,0,0,0,0,"- ","- ",39.813331604003906,-121.577880859375,BUTTE,UNINCORPORATED,-121.57772064208984,39.891281127929688
91362441,2020,2020-12-10,9240,2020-12-03,1320,018841,,4,1,9,0400,0,3,5,,2,010,"PALERMO RD.","MARTHA LN",307.00,E,N,A,-,N,,,,,,,,,,Y,2,0,1,1,A,-,08,22107,,N,E,I,A,A,H,-,A,D,0,,,,,Y,,A,07,1,0,0,0,0,0,0,0,0,"- ","- ",39.434398651123047,-121.56732940673828,BUTTE,UNINCORPORATED,-121.56710815429688,39.434494018554688
91362448,2020,2020-12-10,9240,2020-10-25,1625,019055,,7,2,9,0400,0,3,5,,2,010,"LONE TREE ROAD","DUTCH DRIVE",45.00,N,N,A,-,N,,,,,,,,,,Y,2,0,3,1,A,-,03,22350,,N,E,I,A,A,H,-,A,D,0,,,,,Y,,A,01,1,2,0,0,0,0,0,0,0,"- ","- ",39.454799652099609,-121.57700347900391,BUTTE,UNINCORPORATED,-121.57695007324219,39.454944610595703
91363862,2020,2020-12-11,9240,2020-11-30,0840,015532,,1,1,9,0400,0,3,5,,2,020,"COLUSA HWY","HATCH RD",6494.00,E,N,A,-,N,,,,,,,,,,Y,2,0,1,1,A,-,08,22107,,N,F,A,A,A,H,-,A,D,0,,,,Y,Y,,F,78,1,0,0,0,0,0,0,0,0,"- ","- ",39.362159729003906,-121.83409118652344,BUTTE,UNINCORPORATED,-121.8319091796875,39.362205505371094
91366419,2020,2020-12-14,9241,2020-12-10,1500,018879,,4,2,9,0400,0,1,3,,2,081,"SR-99 N/B","NEAL RD",20.00,S,N,A,-,Y,,,99,,,,,,N,N,4,0,1,2,A,-,03,22350,,N,C,C,A,A,H,-,A,A,0,,,,,Y,,D,22,0,0,1,0,0,0,0,0,0,"- ","- ",39.665531158447266,-121.74342346191406,BUTTE,UNINCORPORATED,-121.743408203125,39.665542602539062
91366820,2020,2020-12-14,9240,2020-12-04,1535,019710,,5,2,9,0400,0,3,5,,2,010,"MINERS RANCH RD","MT. IDA ROAD",3235.00,S,N,A,-,N,,,,,,,,,,N,2,0,1,2,A,-,03,22350,,F,C,C,A,A,H,-,A,D,0,,,,,Y,,D,22,1,0,0,0,0,0,0,0,0,"- ","- ",39.483200073242188,-121.45655822753906,BUTTE,UNINCORPORATED,-121.45652008056641,39.483234405517578
91366857,2020,2021-01-08,9240,2020-12-06,1900,019055,,7,2,9,0400,0,3,5,,2,010,"UPPER PALERMO RD","BOHEMIA AVE",350.00,N,N,A,-,N,,,,,,,,,,Y,4,0,1,1,A,-,08,22107,,N,E,I,A,A,H,-,D,D,0,,,,,Y,,A,01,0,0,1,0,0,0,0,0,0,"- ","- ",39.447200775146484,-121.53790283203125,BUTTE,UNINCORPORATED,-121.53781890869141,39.447212219238281
91367512,2020,2021-05-10,9241,2020-06-10,1245,018796,,3,1,9,0400,0,1,3,,2,081,"SR-99 N/B","NEAL RD",60.00,S,N,A,-,Y,,,99,,,,,,N,Y,1,2,6,6,A,-,03,22350,,N,C,C,A,A,H,-,A,A,0,,,,Y,Y,,G,25,1,3,2,0,0,0,0,0,0,"- ","- ",39.665489196777344,-121.74331665039062,BUTTE,UNINCORPORATED,-121.74332427978516,39.665481567382812
91368480,2020,2020-12-16,9240,2020-11-13,1822,019060,,5,2,9,0400,0,3,5,,2,040,"ORO DAM BLVD E","ORO POWERHOUSE RD",400.00,E,N,B,-,N,,,,,,,,,,Y,4,0,1,1,A,-,08,22107,,N,E,I,A,B,H,-,C,D,0,,,,,Y,,I,11,0,0,1,0,0,0,0,0,0,"- ","- ",39.529548645019531,-121.4947509765625,BUTTE,UNINCORPORATED,-121.494919,39.529474999999998
91368538,2020,2020-12-16,9240,2020-11-19,1750,019710,,4,2,9,0400,0,1,3,,1,021,"STATE ROUTE 99","RIO BONITO ROAD",0.00,,Y,A,-,Y,,,99,,,,,,,Y,3,0,3,2,A,-,01,23152,A,N,D,C,A,A,H,-,D,A,0,,,,,Y,Y,A,01,0,1,2,0,0,0,0,0,0,"- ","- ",39.425178527832031,-121.68811798095703,BUTTE,UNINCORPORATED,-121.68813323974609,39.425178527832031
91368859,2020,2020-12-17,9240,2020-12-12,1524,021137,,6,2,9,0400,0,3,5,,2,010,"PALERMO HONCUT","SOUTH VILLA AVE",0.00,,Y,B,-,N,,,,,,,,,,Y,3,0,3,3,A,-,12,22450,A,N,D,C,A,A,H,-,A,A,0,,,,,Y,,A,07,0,2,1,0,0,0,0,0,0,"- ","- ",39.431308746337891,-121.53745269775391,BUTTE,UNINCORPORATED,-121.53742218017578,39.431289672851562
91368863,2020,2020-12-17,9240,2020-12-05,1335,017760,,6,1,9,0400,0,3,5,,2,010,"ORO BANGOR HWY","V-E AVE",145.00,E,N,A,-,N,,,,,,,,,,Y,2,0,1,1,A,-,01,23152,A,N,E,I,A,A,H,-,A,D,0,,,Y,,Y,Y,C,02,1,0,0,0,0,0,0,0,1,"- ","- ",39.480388641357422,-121.52507781982422,BUTTE,UNINCORPORATED,-121.525271,39.480286999999997
9137039,2020,2020-09-17,0402,2020-07-31,2134,01767,45,5,5,5,0402,0,0,0,,0,,"CERES AV","E 23RD ST",156.00,,N,A,-,N,,,,,,,,,,Y,3,0,1,2,A,-,01,23152,A,N,F,E,A,A,H,-,E,D,0,,,,,Y,Y,A,01,0,1,0,0,0,0,0,0,0,"- ","- ",,,BUTTE,CHICO,,
9137083,2020,2020-09-28,0402,2020-07-23,1712,P03027,,4,5,5,0402,0,0,0,,0,004,"SKYWAY RD","NOTRE DAME BL",0.00,E,N,A,-,N,,,,,,,,,,N,4,0,1,2,A,-,03,22350,,N,C,C,A,A,H,-,A,A,0,,,,,Y,,A,07,0,0,1,0,0,0,0,0,0,"- ","- ",39.715038299560547,-121.7940673828125,BUTTE,CHICO,-121.79530334472656,39.714908599853516
91371069,2020,2020-12-18,9241,2020-12-10,1405,019093,,4,2,9,0400,0,1,3,,1,061,SR-99,"GAIA WAY",0.00,,Y,A,-,Y,,,99,,,,,,,Y,4,0,1,2,A,-,06,21750,,N,D,C,A,A,H,-,A,D,0,,,Y,,Y,,C,02,0,0,1,0,0,0,0,0,1,"- ","- ",39.87628173828125,-121.96952819824219,BUTTE,UNINCORPORATED,-121.96954345703125,39.876274108886719
91371219,2020,2020-12-18,9241,2020-12-17,0245,021256,,4,3,9,0400,0,1,3,,2,091,"SR-99 N/B","NELSON RD",374.00,N,N,C,-,Y,,,,,,,,,,Y,3,0,1,1,A,-,01,23152,A,N,E,I,A,B,H,-,D,D,0,,,,,Y,Y,D,22,0,1,0,0,0,0,0,0,0,"- ","- ",39.345699310302734,-121.41192626953125,BUTTE,UNINCORPORATED,-121.68879699707031,39.582427978515625
91371898,2020,2020-12-21,9241,2020-10-19,0854,017170,,1,1,9,0400,0,2,4,,2,063,"COHASSET RD","RICHARDSON SPRINGS RD",528.00,N,N,A,-,N,,,,,,,,,,Y,1,1,0,1,A,-,08,22107,,N,E,I,A,A,H,-,A,D,0,,,,,Y,,D,22,0,0,0,0,0,0,0,0,0,"- ","- ",39.820178985595703,-121.84494781494141,BUTTE,UNINCORPORATED,-121.84455871582031,39.820854187011719
91372549,2020,2020-12-21,9241,2020-12-14,1555,019093,,1,2,9,0400,0,1,3,,2,100,"SR-99 S/B","COHASSET RD",150.00,S,N,B,-,Y,,,,,,,,,,N,4,0,4,1,A,-,08,22107,,N,E,I,A,A,H,-,A,D,0,,,,,Y,,A,01,0,0,4,0,0,0,0,0,0,"- ","- ",39.753658294677734,-121.84429168701172,BUTTE,UNINCORPORATED,-121.84470367431641,39.753818511962891
91373489,2020,2020-12-23,9240,2020-12-17,1505,020318,,4,2,9,0400,0,3,5,,2,010,"OPHIR RD.","COMMERCIAL AVE",40.00,E,N,A,-,N,,,,,,,,,,Y,3,0,1,2,A,-,03,22350,,N,C,C,A,A,H,-,A,D,0,,,,,Y,,A,07,0,1,0,0,0,0,0,0,0,"- ","- ",39.456680297851562,-121.5548095703125,BUTTE,UNINCORPORATED,-121.55484771728516,39.465682983398438
91373983,2020,2020-12-23,9241,2020-12-22,1720,016360,,2,2,5,0402,0,1,3,,2,100,"SR-99 S/B","COHASSET RD.",1584.00,N,N,A,-,Y,,,,,,,,,,Y,4,0,2,2,A,-,03,22350,,N,C,C,A,A,H,-,D,D,0,,,,,Y,,A,01,0,0,2,0,0,0,0,0,0,"- ","- ",39.452598571777344,-121.51039886474609,BUTTE,CHICO,-121.84970092773438,39.756618499755859
91374277,2020,2020-12-23,9241,2020-12-22,1753,019093,,2,2,9,0400,0,1,3,,2,100,"SR-99 N/B","E 20TH ST",2000.00,N,N,B,-,Y,,,,,,,,,,Y,4,0,2,2,A,-,03,22350,,N,C,C,A,A,H,-,D,D,0,,,,,Y,,A,01,0,0,2,0,0,0,0,0,0,"- ","- ",39.730968475341797,-121.81272888183594,BUTTE,UNINCORPORATED,-121.81275177001953,39.730831146240234
91374947,2020,2020-12-24,9240,2020-12-17,1519,021137,,4,2,9,0400,0,1,3,,1,021,SR-99,"RIO BONITO RD",0.00,,Y,A,-,Y,,,99,,,,,,,Y,3,0,2,3,A,-,09,21802,A,N,D,C,A,A,H,-,A,A,0,,,,,Y,,A,01,0,2,0,0,0,0,0,0,0,"- ","- ",39.425151824951172,-121.68821716308594,BUTTE,UNINCORPORATED,-121.68813323974609,39.425151824951172
91375264,2020,2020-12-28,9240,2020-12-21,1710,018967,,1,2,9,0400,0,3,5,,2,020,"TOWNSHIP RD","W EVANS REIMER RD",0.00,,Y,E,-,N,,,,,,,,,,Y,2,0,2,2,A,-,12,22450,A,N,D,C,A,A,H,-,D,A,0,,,,,Y,,A,07,1,0,1,0,0,0,0,0,0,"- ","- ",39.333999633789062,-121.68769836425781,BUTTE,UNINCORPORATED,-121.68769836425781,39.334091186523438
91375265,2020,2020-12-28,9240,2020-12-18,0235,020170,,5,3,9,0400,0,1,3,,1,021,"SR-99 N/B","SOUTH AVE",527.00,S,N,A,-,Y,,,99,,,,,,N,Y,4,0,1,2,A,-,01,23152,A,N,C,C,A,A,H,-,D,D,0,,,,Y,Y,Y,A,01,0,0,1,0,0,0,0,0,0,"- ","- ",39.390918731689453,-121.68798828125,BUTTE,UNINCORPORATED,-121.68801116943359,39.390918731689453
91375283,2020,2020-12-28,9240,2020-12-25,1440,019634,,5,2,9,0400,0,2,S,,2,822,"LINCOLN BLVD","N. VILLA AVE",48.00,N,N,B,C,N,,,,,,,,,,Y,2,0,1,1,A,-,08,22107,,N,E,J,A,B,H,-,A,D,0,,,,,Y,,A,01,1,0,0,0,0,0,0,0,0,"- ","- ",39.438438415527344,-121.55142974853516,BUTTE,UNINCORPORATED,-121.55148315429688,39.438430786132812
91375361,2020,2020-12-28,9240,2020-12-26,1845,020587,,6,2,9,0400,0,3,5,,2,010,"GRUBBS RD","ORO COUNTRY CLUB ROAD",434.00,W,N,A,-,N,,,,,,,,,,N,4,0,1,1,A,-,08,22107,,N,E,I,A,B,H,-,D,D,0,,,,,Y,,A,01,0,0,1,0,0,0,0,0,0,"- ","- ",39.434310913085938,-121.51654052734375,BUTTE,UNINCORPORATED,-121.515749,39.435001999999997
91375413,2020,2020-12-28,9240,2020-12-25,1602,021137,,5,2,9,0400,0,3,5,,2,010,"UPPER PALERMO RD","CARMEL AVE",128.00,S,N,B,C,N,,,,,,,,,,Y,3,0,2,2,A,-,01,23152,A,N,B,C,A,B,H,-,A,D,0,,,,,Y,Y,A,01,0,2,0,0,0,0,0,0,0,"- ","- ",39.452640533447266,-121.53798675537109,BUTTE,UNINCORPORATED,-121.53788757324219,39.452674865722656
9137754,2020,2020-10-10,0402,2020-08-08,1336,P00562,,6,5,5,0402,0,0,0,,0,003,"SOUTH PARK DR","S PARK DR 1040",0.00,,N,A,-,N,,,,,,,,,,N,4,0,1,2,A,-,06,21750,A,F,C,G,A,A,H,-,A,D,0,,Y,,,Y,,A,01,0,0,1,0,0,0,1,0,0,"- ","- ",39.734378814697266,-121.82747650146484,BUTTE,CHICO,-121.801869,39.747784000000003
91378265,2020,2021-07-07,9241,2020-12-25,1345,016831,,5,1,9,0400,0,1,3,,2,080,SR-32,"WEST EAST AVENUE",80.00,W,N,B,C,Y,,,32,,,,,,,Y,4,0,3,5,A,-,07,21658,A,F,B,C,A,B,H,-,A,D,0,,,,,Y,,A,01,0,0,3,0,0,0,0,0,0,"- ","- ",39.742290496826172,-121.88388061523438,BUTTE,UNINCORPORATED,-121.88386535644531,39.742332458496094
91378297,2020,2020-12-30,9240,2020-12-18,1111,019060,,5,1,9,0400,0,1,3,,1,011,SR-70,"PALERMO RD",193.00,S,N,A,-,Y,,,70,,,,,,,Y,2,0,1,1,A,-,01,23152,A,N,E,I,A,B,H,-,A,D,0,,,,,Y,Y,A,01,1,0,0,0,0,0,0,0,0,"- ","- ",39.432090759277344,-121.60500335693359,BUTTE,UNINCORPORATED,-121.6051025390625,39.432086944580078
91379019,2020,2020-12-31,9240,2020-12-30,1355,018841,,3,1,9,0400,0,1,3,,1,021,"RT 99","TOWNSHIP RD.",0.00,,Y,B,-,Y,,,99,,,,,,,Y,4,0,3,2,A,-,09,21802,A,N,A,C,A,A,H,-,A,A,0,,,,,Y,,A,01,0,0,3,0,0,0,0,0,0,"- ","- ",39.343868255615234,-121.68682098388672,BUTTE,UNINCORPORATED,-121.68686676025391,39.343845367431641
9137960,2020,2020-10-06,0404,2020-07-09,0000,694,E,4,5,3,0404,0,0,0,,0,00E,"FOOTHILL BL","OROVILLE QUINCY HWY",0.00,,Y,A,-,N,,,,,,,,,,N,4,0,1,2,A,-,09,21802,A,N,D,C,A,A,H,-,A,D,0,,,,,Y,,-,,0,0,1,0,0,0,0,0,0,"- ","- ",39.5087890625,-121.53649139404297,BUTTE,OROVILLE,-121.53643798828125,39.508781433105469
91380008,2020,2021-01-04,9240,2020-12-24,0010,019842,,4,3,9,0400,0,1,3,,2,041,"OAKVALE AVE","SR-162 (OLIVE HWY)",0.00,,Y,A,-,N,,,,,,,,,,Y,3,0,1,1,A,-,01,23152,A,N,E,I,A,A,H,-,C,A,0,,,,,Y,Y,A,07,0,1,0,0,0,0,0,0,0,"- ","- ",39.505779266357422,-121.49732208251953,BUTTE,UNINCORPORATED,-121.49720000000001,39.505710000000001
91380029,2020,2021-01-04,9240,2020-12-28,0130,017532,,1,3,9,0400,0,1,3,,2,031,"SR-70 S/B","TABLE MTN OVERCROSSING",500.00,S,N,A,-,Y,,,,,,,,,,N,4,0,1,1,C,-,18,,,N,H,H,A,A,H,-,D,D,0,,,,,Y,,-,"- ",0,0,1,0,0,0,0,0,0,"- ","- ",39.565841674804688,-121.60901641845703,BUTTE,UNINCORPORATED,-121.61907958984375,39.601329803466797
91380280,2020,2021-01-04,9241,2020-12-28,0740,015529,,1,1,5,0402,0,1,3,,2,100,"SR-99 S/B","EAST 1ST. AVE",200.00,S,N,B,-,Y,,,99,,,,,,S,Y,3,0,1,1,A,-,08,22107,,N,E,I,A,A,H,-,A,D,0,,,,,Y,,A,01,0,1,0,0,0,0,0,0,0,"- ","- ",39.744060516357422,-121.82978820800781,BUTTE,CHICO,-121.82988739013672,39.743930816650391
91380898,2020,2021-01-05,9240,2020-12-28,0203,020170,,1,3,5,0402,0,1,S,,2,901,"MAIN STREET",SR-32,0.00,,Y,B,-,Y,,,,,,,,,,Y,2,0,2,2,A,-,01,23152,A,N,D,C,A,B,H,-,D,A,0,,,,,Y,Y,A,01,1,1,0,0,0,0,0,0,0,"- ","- ",39.725570678710938,-121.83489227294922,BUTTE,CHICO,-121.83567047119141,39.726200103759766
91380984,2020,2021-01-05,9240,2020-12-31,1835,021137,,4,2,9,0400,0,1,3,,2,041,SR-162,"WALLY B LN",568.00,W,N,B,-,Y,,,162,,,,,,,Y,4,0,3,1,A,-,08,22107,,N,F,A,A,A,H,-,D,D,0,,,,,Y,,A,07,0,0,3,0,0,0,0,0,0,"- ","- ",39.509410858154297,-121.47772216796875,BUTTE,UNINCORPORATED,-121.47763061523438,39.509452819824219
91381093,2020,2021-01-05,9240,2020-12-28,1140,017760,,1,1,9,0400,0,3,5,,2,010,"LOWER HONCUT RD","SMULLIN ST",1584.00,E,N,A,-,N,,,,,,,,,,Y,4,0,1,1,A,-,08,22107,,N,E,I,A,A,H,-,A,D,0,,,,,Y,,A,07,0,0,1,0,0,0,0,0,0,"- ","- ",39.326801300048828,-121.52883911132812,BUTTE,UNINCORPORATED,-121.52800750732422,39.326808929443359
91381213,2021,2021-01-05,9241,2021-01-02,0212,021256,,6,3,9,0400,0,1,3,,2,100,"SR-99 N/B",SR-32,1637.00,S,N,A,-,Y,,,,,,,,,,Y,3,0,1,1,A,-,08,22107,,N,E,I,A,A,H,-,D,D,0,,,,,Y,,A,07,0,1,0,0,0,0,0,0,0,"- ","- ",39.435951232910156,-121.48536682128906,BUTTE,UNINCORPORATED,,
91381283,2021,2021-01-05,9240,2021-01-03,0410,019256,,7,3,9,0400,0,3,5,,2,030,"GRAND AVE","7TH AVE",360.00,E,N,B,-,N,,,,,,,,,,N,4,0,3,2,A,-,03,22350,,N,C,C,A,B,H,-,D,D,0,,,,,Y,,A,07,0,0,3,0,0,0,0,0,0,"- ","- ",39.517169952392578,-121.57935333251953,BUTTE,UNINCORPORATED,-121.57945251464844,39.517093658447266
91382790,2020,2021-01-06,9240,2020-12-16,0745,017760,,3,1,9,0400,0,1,3,,1,021,SR-99,"EVANS REIMER RD",986.00,S,N,B,-,Y,,,99,,,,,,,Y,4,0,3,4,A,-,08,22107,,N,B,C,A,B,H,-,A,D,0,,,,Y,Y,,A,07,0,0,3,0,0,0,0,0,0,"- ","- ",39.331501007080078,-121.68234252929688,BUTTE,UNINCORPORATED,-121.68238067626953,39.33148193359375
91383310,2021,2021-01-07,9241,2021-01-06,1525,016360,,3,2,9,0400,0,1,3,,2,081,"SR-99 N/B","NEAL RD.",200.00,S,N,A,B,Y,,,,,,,,,,N,4,0,1,2,A,-,03,22350,,N,C,C,A,A,H,-,A,D,0,,,,,Y,,D,22,0,0,1,0,0,0,0,0,0,"- ","- ",39.395401000976562,-121.44342803955078,BUTTE,UNINCORPORATED,-121.74322509765625,39.665409088134766
91383315,2021,2021-01-07,9240,2021-01-04,1930,019055,,1,2,9,0400,0,3,5,,2,030,"ORO-QUINCY HWY","FRENCH CREEK ROAD",528.00,W,N,B,-,N,,,,,,,,,,Y,3,0,1,1,A,-,05,21650,,N,E,I,A,B,H,-,D,D,0,,,,,Y,,A,07,0,1,0,0,0,0,0,0,0,"- ","- ",39.684501647949219,-121.36360168457031,BUTTE,UNINCORPORATED,-121.363525390625,39.6845703125
91383418,2020,2021-03-04,9240,2020-12-17,0805,018841,,4,1,9,0400,0,3,5,,2,010,"LINCOLN BLVD.","WALMER RD",461.00,S,N,B,-,N,,,,,,,,,,Y,1,1,1,2,A,-,01,23152,F,N,D,C,A,B,H,-,A,D,0,,,,,Y,,A,01,1,0,0,0,0,0,0,0,0,"- ","- ",39.477970123291016,-121.54794311523438,BUTTE,UNINCORPORATED,-121.54793548583984,39.478244781494141
91383946,2021,2021-01-08,9240,2021-01-03,0055,019256,,7,3,9,0400,0,3,5,,2,010,"ORO BANGOR HWY","AVACADO RD",6600.00,N,N,B,C,N,,,,,,,,,,Y,3,0,1,1,A,-,01,23152,A,N,E,I,A,B,H,-,D,D,0,,,,,Y,Y,D,22,0,1,0,0,0,0,0,0,0,"- ","- ",39.415889739990234,-121.42507171630859,BUTTE,UNINCORPORATED,-121.425111,39.415860000000002
91384081,2020,2021-01-08,9241,2020-12-30,2355,017319,,3,3,5,0402,0,1,3,,2,100,"SR-99 N/B","E. 1ST AVE.",2640.00,N,N,B,C,Y,,,99,,,,,,N,Y,3,0,1,1,A,-,08,22107,,N,E,I,A,B,H,-,C,D,0,,,,,Y,,A,01,0,1,0,0,0,0,0,0,0,"- ","- ",39.747859954833984,-121.83461761474609,BUTTE,CHICO,-121.83466339111328,39.747795104980469