CASE_ID,ACCIDENT_YEAR,PROC_DATE,JURIS,COLLISION_DATE,COLLISION_TIME,OFFICER_ID,REPORTING_DISTRICT,DAY_OF_WEEK,CHP_SHIFT,POPULATION,CNTY_CITY_LOC,SPECIAL_COND,BEAT_TYPE,CHP_BEAT_TYPE,CITY_DIVISION_LAPD,CHP_BEAT_CLASS,BEAT_NUMBER,PRIMARY_RD,SECONDARY_RD,DISTANCE,DIRECTION,INTERSECTION,WEATHER_1,WEATHER_2,STATE_HWY_IND,CALTRANS_COUNTY,CALTRANS_DISTRICT,STATE_ROUTE,ROUTE_SUFFIX,POSTMILE_PREFIX,POSTMILE,LOCATION_TYPE,RAMP_INTERSECTION,SIDE_OF_HWY,TOW_AWAY,COLLISION_SEVERITY,NUMBER_KILLED,NUMBER_INJURED,PARTY_COUNT,PRIMARY_COLL_FACTOR,PCF_CODE_OF_VIOL,PCF_VIOL_CATEGORY,PCF_VIOLATION,PCF_VIOL_SUBSECTION,HIT_AND_RUN,TYPE_OF_COLLISION,MVIW,PED_ACTION,ROAD_SURFACE,ROAD_COND_1,ROAD_COND_2,LIGHTING,CONTROL_DEVICE,CHP_ROAD_TYPE,PEDESTRIAN_ACCIDENT,BICYCLE_ACCIDENT,MOTORCYCLE_ACCIDENT,TRUCK_ACCIDENT,NOT_PRIVATE_PROPERTY,ALCOHOL_INVOLVED,STWD_VEHTYPE_AT_FAULT,CHP_VEHTYPE_AT_FAULT,COUNT_SEVERE_INJ,COUNT_VISIBLE_INJ,COUNT_COMPLAINT_PAIN,COUNT_PED_KILLED,COUNT_PED_INJURED,COUNT_BICYCLIST_KILLED,COUNT_BICYCLIST_INJURED,COUNT_MC_KILLED,COUNT_MC_INJURED,PRIMARY_RAMP,SECONDARY_RAMP,LATITUDE,LONGITUDE,COUNTY,CITY,POINT_X,POINT_Y
92013942,2023,2023-03-09,9240,2023-03-03,1602,019653,,5,2,9,0400,0,1,3,,1,011,SR-70,"PALERMO RD",4752.00,N,N,B,-,Y,BUT,,70," "," ",9.913,H,,R,Y,1,1,0,1,A,-,03,22350,,N,E,8,A,A,H,-,A,D,0,,,Y,,Y,,C,02,0,0,0,0,0,0,0,1,0,"- ","- ",39.445011138916016,-121.59671020507812,BUTTE,UNINCORPORATED,-121.59677886962891,39.445049285888672
9201470,2020,2021-01-25,0404,2020-10-30,1132,694,,5,5,3,0404,0,0,0,,0,00U,"TABLE MOUNTAIN BL","S RIVER VIEW TER",0.00,,Y,A,-,N,,,,,,,,,,Y,2,0,3,2,A,-,05,21651,,N,D,C,A,A,H,-,A,D,0,,,,,Y,,-,,2,1,0,0,0,0,0,0,0,"- ","- ",39.518341064453125,-121.55033874511719,BUTTE,OROVILLE,-121.55367279052734,39.520641326904297
92014760,2023,2023-03-10,9240,2023-03-05,"8   ",020170,,7,3,9,0400,0,3,5,,2,010,"PALERMO ROAD","PALERMO HONCUT HWY",588.00,W,N,B,-,N,,,,,,,,,,N,3,0,1,1,A,-,01,23152,A,M,E,8,A,B,H,-,D,D,0,,,,,Y,Y,A,07,0,1,0,0,0,0,0,0,0,"- ","- ",39.435428619384766,-121.53971099853516,BUTTE,UNINCORPORATED,-121.53963470458984,39.435356140136719
92015008,2023,2023-03-10,9240,2023-03-10,"805 ",019653,,5,1,9,0400,0,1,3,,1,021,SR-99,"RIO BONITO RD",0.00,,Y,A,-,Y,BUT,,99," "," ",8.387,H,,R,Y,3,0,2,2,A,-,09,21802,A,N,D,C,A,A,H,-,A,A,0,,,,,Y,,D,22,0,1,1,0,0,0,0,0,0,"- ","- ",39.425151824951172,-121.68820953369141,BUTTE,UNINCORPORATED,-121.68813323974609,39.425151824951172
92016301,2023,2023-04-04,9241,2023-02-03,1505,018879,,5,2,9,0400,0,1,3,,2,080,"STATE ROUTE 32","GIANELLA ROAD",3168.00,E,N,A,-,Y,BUT,,32," "," ",0.935,H,,R,Y,1,1,2,2,A,-,01,23152,A,N,A,C,A,A,H,-,A,D,0,,,,,Y,Y,A,01,1,0,1,0,0,0,0,0,0,"- ","- ",39.752601623535156,-121.97998046875,BUTTE,UNINCORPORATED,-121.97998809814453,39.752635955810547
92016453,2023,2023-03-13,9241,2023-03-12,"725 ",014929,,7,1,5,0402,0,1,3,,2,100,"99 NORTHBOUND",SKYWAY,45.00,S,N,B,C,Y,BUT,,99," ",R,30.568,H,,L,N,4,0,1,1,A,-,03,22350,,N,E,8,A,B,H,-,A,D,0,,,,,Y,,A,01,0,0,1,0,0,0,0,0,0,"- ","- ",39.714488983154297,-121.80046844482422,BUTTE,CHICO,-121.80055999755859,39.714447021484375
92017661,2023,2023-03-27,9241,2023-03-13,1450,018540,,1,2,5,0402,0,1,3,,2,100,"SR-99 N/B","E. 5TH AVE U/C",250.00,N,N,B,C,Y,BUT,,99," ",R,33.633,H,,R,Y,4,0,1,2,A,-,03,22350,,N,C,C,A,B,H,-,A,D,0,,,,,Y,,A,01,0,0,1,0,0,0,0,0,0,"- ","- ",39.748779296875,-121.83599853515625,BUTTE,CHICO,-121.83599090576172,39.748786926269531
92018540,2023,2023-03-15,9241,2023-03-13,1525,018540,,1,2,5,0402,0,1,3,,2,100,SR-99,SR-32,1470.00,N,N,B,C,Y,BUT,,99," ",R,32.725,H,,R,Y,3,0,1,3,A,-,03,22350,,N,C,C,A,B,H,-,A,D,0,,,,,Y,,A,07,0,1,0,0,0,0,0,0,0,"- ","- ",39.739631652832031,-121.82376861572266,BUTTE,CHICO,-121.82371520996094,39.739673614501953
92020893,2023,2023-03-17,9240,2023-03-11,2335,020170,,6,3,9,0400,0,3,5,,2,020,"COLUSA HWY","RILEY ROAD",1584.00,E,N,B,-,N,,,,,,,,,,N,2,0,1,1,A,-,01,23152,A,M,E,8,A,B,H,-,D,D,0,,,,,Y,Y,A,01,1,0,0,0,0,0,0,0,0,"- ","- ",39.3626708984375,-121.75711059570312,BUTTE,UNINCORPORATED,-121.75735473632812,39.362693786621094
92022703,2023,2023-03-20,9241,2023-03-16,1645,018540,,4,2,9,0400,0,3,5,,2,008,"HEGAN LANE","HENGST DR",2200.00,W,N,A,-,N,,,,,,,,,,Y,3,0,1,2,A,-,21,22106,,N,D,C,A,A,H,-,A,D,0,,,,,Y,,D,22,0,1,0,0,0,0,0,0,0,"- ","- ",39.689579010009766,-121.83956909179688,BUTTE,UNINCORPORATED,-121.83946990966797,39.689682006835938
92022758,2023,2023-03-20,9241,2023-03-18,1358,020638,,6,1,9,0400,0,2,4,,2,096,"HONEY RUN RD","MERLIN LANE",4224.00,N,N,A,-,N,,,,,,,,,,N,3,0,1,2,B,-,22,,,N,A,G,A,A,H,-,A,D,0,,Y,,,Y,,L,04,0,1,0,0,0,0,1,0,0,"- ","- ",39.747001647949219,-121.66387939453125,BUTTE,UNINCORPORATED,-121.66426086425781,39.745731353759766
92023816,2023,2023-03-21,9241,2023-03-20,1150,019692,,1,1,9,0400,0,1,3,,1,060,SR-32,"ALTATINA DR",1056.00,E,N,A,-,Y,BUT,,32," ",R,19.659,H,,R,Y,4,0,1,2,A,-,03,22350,,N,C,C,A,A,D,-,A,A,0,,,,,Y,,A,01,0,0,1,0,0,0,0,0,0,"- ","- ",39.822261810302734,-121.71060180664062,BUTTE,UNINCORPORATED,-121.71061706542969,39.822261810302734
9202435,2020,2021-02-13,0402,2020-12-01,1730,P03283,,2,5,5,0402,0,0,0,,0,,"W SACRAMENTO AV","CEDAR ST",45.00,W,N,A,-,N,,,,,,,,,,N,2,0,1,2,A,-,09,21802,A,F,D,G,A,-,H,-,B,A,0,,Y,,,Y,,L,04,1,0,0,0,0,0,1,0,0,"- ","- ",,,BUTTE,CHICO,-121.85655975341797,39.731788635253906
92025389,2023,2023-03-22,9241,2023-03-18,"827 ",019692,,6,1,9,0400,0,3,5,,2,007,"JACK PINE WAY","COLUMBINE RD.",528.00,N,N,A,-,N,,,,,,,,,,N,2,0,1,1,A,-,21,22106,,N,H,A,A,A,H,-,A,D,0,,,Y,,Y,,C,06,1,0,0,0,0,0,0,0,1,"- ","- ",39.855888366699219,-121.60572814941406,BUTTE,UNINCORPORATED,-121.60569763183594,39.855808258056641
92025464,2023,2023-03-22,9241,2023-03-19,1855,019972,,7,2,5,0402,0,1,3,,2,100,"SR-99 N/B",SR-32,860.00,S,N,B,-,Y,BUT,,99," ",R,32.214,H,,R,Y,3,0,1,2,A,-,07,21658,A,N,B,C,A,B,H,-,C,D,0,,,,,Y,,A,01,0,1,0,0,0,0,0,0,0,"- ","- ",39.734508514404297,-121.81672668457031,BUTTE,CHICO,-121.81673431396484,39.734504699707031
92027104,2023,2023-03-23,9241,2023-03-20,2305,019093,,1,3,9,0400,0,1,3,,2,100,"SR-99 N/B","EAST AVENUE",75.00,N,N,A,-,Y,BUT,,99," ",R,34.956,H,,R,Y,3,0,1,1,A,-,01,23152,A,M,E,8,A,A,H,-,D,D,0,,,,,Y,Y,A,01,0,1,0,0,0,0,0,0,0,"- ","- ",39.760471343994141,-121.85572814941406,BUTTE,UNINCORPORATED,-121.85578918457031,39.760429382324219
92027152,2023,2023-03-23,9241,2023-03-21,1800,020638,,2,2,9,0400,0,3,5,,2,006,"SCHOTT RD","STATE HIGHWAY 32",9504.00,S,N,B,C,N,,,,,,,,,,Y,3,0,2,1,A,-,08,22107,,N,F,I,A,B,H,-,A,D,0,,,,,Y,,A,07,0,1,1,0,0,0,0,0,0,"- ","- ",39.884998321533203,-121.65106964111328,BUTTE,UNINCORPORATED,-121.65172576904297,39.884605407714844
92027312,2023,2023-03-23,9241,2023-03-07,1500,018540,,2,2,9,0400,0,1,3,,1,061,"STATE ROUTE 99","CANA HIGHWAY",2336.00,N,N,B,-,Y,BUT,,99," "," ",42.858,H,,R,Y,1,1,1,4,A,-,05,21650,,N,B,C,A,A,H,-,A,D,0,,,,Y,Y,,A,01,1,0,0,0,0,0,0,0,0,"- ","- ",39.845798492431641,-121.94557952880859,BUTTE,UNINCORPORATED,-121.94554138183594,39.845821380615234
92030341,2023,2023-03-28,9240,2023-03-18,"120 ",019842,,6,3,9,0400,0,3,5,,2,020,"COLUSA HWY","PALM AVE",45.00,E,N,A,-,N,,,,,,,,,,Y,2,0,2,1,A,-,01,23152,A,F,E,8,A,A,H,-,D,D,0,,,,,Y,Y,A,07,2,0,0,0,0,0,0,0,0,"- ","- ",39.363071441650391,-121.71752166748047,BUTTE,UNINCORPORATED,-121.71768951416016,39.363029479980469
92030504,2023,2023-03-28,9240,2023-03-20,1754,021137,,1,2,9,0400,0,3,5,,2,010,"FORBESTOWN RD","OLD OLIVE HWY",90.00,E,N,B,-,N,,,,,,,,,,Y,2,0,2,2,A,-,05,21460,A,F,A,C,A,A,H,-,A,D,0,,,,,Y,,A,01,1,0,1,0,0,0,0,0,0,"- ","- ",39.50408935546875,-121.43450927734375,BUTTE,UNINCORPORATED,-121.43453979492188,39.504100799560547
92031780,2023,2023-03-29,9241,2023-03-24,1700,018540,,5,2,9,0400,0,2,4,,2,094,"PENTZ RD","LIME SADDLE RD",700.00,N,N,B,-,N,,,,,,,,,,Y,3,0,1,1,A,-,21,22106,,N,E,I,A,A,H,-,A,D,0,,,,,Y,,A,07,0,1,0,0,0,0,0,0,0,"- ","- ",39.682708740234375,-121.57140350341797,BUTTE,UNINCORPORATED,-121.57115936279297,39.682422637939453
92032448,2023,2023-03-30,9240,2023-03-24,2252,020170,,5,3,9,0400,0,3,5,,2,020,"LARKIN ROAD","STEADMAN ROAD",2112.00,N,N,A,-,N,,,,,,,,,,N,3,0,1,1,A,-,08,22107,,N,E,8,A,A,H,-,D,D,0,,,,,Y,Y,A,01,0,1,0,0,0,0,0,0,0,"- ","- ",39.396110534667969,-121.64595794677734,BUTTE,UNINCORPORATED,-121.64595794677734,39.396015167236328
92032722,2023,2023-03-30,9240,2023-03-30,"134 ",020170,,4,3,9,0400,0,3,5,,2,030,"CHEROKEE ROAD","THOMPSON FLAT ROAD",0.00,,Y,B,-,N,,,,,,,,,,N,3,0,2,1,A,-,08,22107,,N,E,I,A,B,H,-,D,D,0,,,,,Y,,A,01,0,2,0,0,0,0,0,0,0,"- ","- ",39.536811828613281,-121.54876708984375,BUTTE,UNINCORPORATED,-121.54869079589844,39.536792755126953
92032779,2023,2023-03-30,9241,2023-03-29,1530,018540,,3,2,9,0400,0,1,3,,2,100,"SR-99 S/B","E. 20TH STREET",370.00,N,N,B,C,Y,,,,,,,,,,N,3,0,1,2,A,-,03,22350,,N,C,C,A,B,H,-,A,D,0,,,,,Y,,A,01,0,1,0,0,0,0,0,0,0,"- ","- ",39.7264404296875,-121.81092071533203,BUTTE,UNINCORPORATED,-121.80992126464844,39.726730346679688
92035400,2023,2023-04-03,9240,2023-03-28,1420,021137,,2,2,9,0400,0,3,5,,2,010,"LOWER WYANDOTTE RD","ORO BANGOR HWY",65.00,S,N,B,C,N,,,,,,,,,,N,4,0,1,2,A,-,03,22350,,M,C,C,A,B,H,-,A,A,0,,,,,Y,,A,08,0,0,1,0,0,0,0,0,0,"- ","- ",39.480228424072266,-121.53054046630859,BUTTE,UNINCORPORATED,-121.530575,39.480328
9203579,2020,2021-02-10,0402,2020-12-15,1502,P03283,,2,5,5,0402,0,0,0,,0,,"E 5TH AV","MANGROVE AV",0.00,,Y,B,-,N,,,,,,,,,,Y,4,0,1,2,A,-,09,21801,A,N,A,C,A,A,H,-,A,A,0,,,,,Y,,A,07,0,0,1,0,0,0,0,0,0,"- ","- ",,,BUTTE,CHICO,-121.84081268310547,39.745418548583984
9203580,2020,2021-02-10,0402,2020-12-14,2028,59,0402,1,5,5,0402,0,0,0,,0,003,"PARK AV","OROVILLE AV",0.00,,-,B,-,N,,,,,,,,,,Y,2,0,2,1,D,-,00,,,N,E,I,A,B,H,-,C,D,0,,,,,Y,,-,"- ",1,0,1,0,0,0,0,0,0,"- ","- ",,,BUTTE,CHICO,-121.83360290527344,39.724971771240234
92035942,2023,2023-04-04,9241,2023-03-30,1800,018540,,4,2,9,0400,0,3,5,,2,008,"LOTT RD","AUBRY CT",128.00,N,N,A,-,N,,,,,,,,,,Y,3,0,1,1,A,-,01,23152,A,N,E,I,A,A,H,-,A,D,0,,,,,Y,Y,A,07,0,1,0,0,0,0,0,0,0,"- ","- ",39.650051116943359,-121.77397155761719,BUTTE,UNINCORPORATED,-121.77402496337891,39.651802062988281
92037803,2023,2023-04-05,9285,2023-03-29,2130,022094,,3,2,9,0400,0,2,4,,2,082,"LA PORTE ROAD","MILLIGAN LANE",250.00,W,N,B,-,N,,,,,,,,,,Y,3,0,1,1,A,-,08,22107,,N,E,I,A,B,H,-,D,D,0,,,,,Y,,A,01,0,1,0,0,0,0,0,0,0,"- ","- ",39.421459197998047,-121.36248779296875,BUTTE,UNINCORPORATED,-121.36261749267578,39.421417236328125
9203911,2020,2021-01-12,0404,2020-11-16,1350,651,W,1,5,3,0404,0,0,0,,0,00W,"BIRD ST","HUNTOON ST",0.00,,Y,A,-,N,,,,,,,,,,N,4,0,2,2,A,-,12,22450,,N,D,C,A,A,H,-,A,A,0,,,,,Y,,-,,0,0,2,0,0,0,0,0,0,"- ","- ",39.512969970703125,-121.55634307861328,BUTTE,OROVILLE,-121.55615234375,39.512790679931641
9203912,2020,2021-02-01,0404,2020-11-30,1357,651,W,1,5,3,0404,0,0,0,,0,00W,"LINCOLN ST","RT 162",0.00,,Y,A,-,N,,,,,,,,,,N,4,0,2,2,A,-,09,21804,A,N,D,C,A,A,H,-,A,D,0,,,,,Y,,A,01,0,0,2,0,0,0,0,0,0,"- ","- ",39.503868103027344,-121.55225372314453,BUTTE,OROVILLE,-121.55225,39.503880000000002
9203913,2020,2021-01-12,0404,2020-11-30,0836,651,W,1,5,3,0404,0,0,0,,0,00W,"ROBINSON ST","LINCOLN ST",0.00,,Y,A,-,N,,,,,,,,,,N,3,0,2,2,A,-,12,22450,A,N,D,C,A,A,H,-,A,A,0,,,,,Y,,A,01,0,1,1,0,0,0,0,0,0,"- ","- ",39.511619567871094,-121.55673980712891,BUTTE,OROVILLE,-121.55674743652344,39.511608123779297
92039686,2023,2023-04-07,9241,2023-04-01,"743 ",019692,,6,1,9,0400,0,2,4,,2,090,SKYWAY,"SANTA ROSA RD.",6336.00,E,N,A,-,N,,,,,,,,,,Y,4,0,1,1,A,-,08,22107,,N,E,8,A,A,H,-,A,D,0,,,,,Y,,A,07,0,0,1,0,0,0,0,0,0,"- ","- ",39.725738525390625,-121.68975067138672,BUTTE,UNINCORPORATED,-121.691075,39.724972000000001
92039724,2023,2023-04-07,9241,2023-03-30,1700,018879,,4,2,9,0400,0,3,5,,2,007,"PONDEROSA WAY","PINELAND CIRCLE",159.00,E,N,A,G,N,,,,,,,,,,Y,2,0,2,1,A,-,01,23152,A,N,E,I,A,A,H,-,A,D,0,,,,,Y,,D,22,2,0,0,0,0,0,0,0,0,"- ","- ",39.818038940429688,-121.5955810546875,BUTTE,UNINCORPORATED,-121.59648895263672,39.81744384765625
9204017,2020,2021-02-11,0402,2020-12-09,0657,P03283,,3,5,5,0402,0,0,0,,0,,"MAIN ST","W 9TH ST",0.00,,Y,A,-,N,,,,,,,,,,Y,3,0,1,1,A,-,08,22107,,N,E,I,A,A,H,-,B,A,0,,,,,Y,,A,01,0,1,0,0,0,0,0,0,0,"- ","- ",,,BUTTE,CHICO,-121.83488,39.725540000000002
92041019,2023,2023-04-10,9241,2023-04-03,1915,018879,,1,2,9,0400,0,2,4,,2,090,SKYWAY,"OAKRIDGE DR",400.00,W,N,A,-,N,,,,,,,,,,Y,3,0,1,2,A,-,03,22350,,N,C,A,A,A,H,-,B,D,0,,,,,Y,,D,22,0,1,0,0,0,0,0,0,0,"- ","- ",39.703960418701172,-121.74436950683594,BUTTE,UNINCORPORATED,-121.74442291259766,39.704231262207031
92042158,2023,2023-04-11,9240,2023-04-08,"828 ",020587,,6,1,9,0400,0,1,3,,1,021,"BIGGS EAST HWY","STATE HIGHWAY 99",0.00,,Y,A,-,Y,BUT,,99," "," ",7.689,H,,R,Y,4,0,1,2,A,-,17,21451,A,N,A,C,A,A,H,-,A,A,0,,,,,Y,,D,22,0,0,1,0,0,0,0,0,0,"- ","- ",39.414958953857422,-121.68808746337891,BUTTE,UNINCORPORATED,-121.6881103515625,39.414958953857422
92042168,2023,2023-04-11,9240,2023-04-05,"715 ",017532,,3,1,9,0400,0,3,5,,2,030,"CHEROKEE RD","HUMPYBACK RD.",330.00,S,N,A,-,N,,,,,,,,,,Y,2,0,1,1,A,-,08,22107,,N,E,I,A,A,H,-,A,D,0,,,,,Y,,A,01,1,0,0,0,0,0,0,0,0,"- ","- ",39.630420684814453,-121.52864074707031,BUTTE,UNINCORPORATED,-121.52869415283203,39.630416870117188
92043080,2023,2023-04-12,9241,2023-02-03,2002,022594,,5,2,5,0402,0,1,3,,2,080,"SR-99 S/B","LITTLE CHICO CREEK",619.00,S,N,B,-,Y,BUT,,99," ",R,32.104,H,,L,Y,1,1,0,1,A,-,08,22107,,N,E,I,A,A,H,-,D,A,0,,,,,Y,,A,01,0,0,0,0,0,0,0,0,0,"- ","- ",39.733268737792969,-121.81562805175781,BUTTE,CHICO,-121.81555938720703,39.733322143554688
92044091,2023,2023-04-13,9241,2023-04-08,2030,020638,,6,2,9,0400,0,2,4,,2,090,SKYWAY,"SANTA ROSA RD",2112.00,W,N,B,-,N,,,,,,,,,,Y,3,0,1,1,A,-,08,22107,,N,F,I,A,A,H,-,D,D,0,,,Y,,Y,,C,02,0,1,0,0,0,0,0,0,1,"- ","- ",39.711578369140625,-121.71598815917969,BUTTE,UNINCORPORATED,-121.715766,39.711745999999998
92044365,2023,2023-04-13,9241,2023-04-12,1510,019093,,3,2,9,0400,0,3,5,,2,009,"NEAL ROAD","MCCANN DRIVE",650.00,S,N,A,-,N,,,,,,,,,,Y,3,0,1,1,A,-,08,22107,,N,E,I,A,A,H,-,A,D,0,,,Y,,Y,,C,02,0,1,0,0,0,0,0,0,1,"- ","- ",39.711048126220703,-121.66658782958984,BUTTE,UNINCORPORATED,-121.66690063476562,39.710948944091797
92044409,2023,2023-04-13,9241,2023-04-10,"950 ",014929,,1,1,9,0400,0,2,4,,2,090,"SKYWAY W/B","CLIFFHANGER LANE",915.00,W,N,A,-,N,,,,,,,,,,Y,3,0,2,2,A,-,03,22350,,N,C,C,A,A,C,-,A,D,0,,,,,Y,,-,"- ",0,1,1,0,0,0,0,0,0,"- ","- ",39.736408233642578,-121.67101287841797,BUTTE,UNINCORPORATED,-121.67092132568359,39.736442565917969
92045560,2023,2023-04-14,9240,2023-04-12,1335,020587,,3,1,9,0400,0,1,3,,2,041,"SR 162 (OROVILLE QUINCY HIGHWAY)","WALLY B LANE",950.00,W,N,A,-,Y,BUT,,162," "," ",21.734,H,,R,Y,4,0,2,1,C,-,18,,,N,E,I,A,A,H,-,A,D,0,,,,,Y,,-,"- ",0,0,2,0,0,0,0,0,0,"- ","- ",39.510459899902344,-121.47805786132812,BUTTE,UNINCORPORATED,-121.47801208496094,39.510471343994141
92046431,2023,2023-04-17,9241,2023-04-13,1445,016360,,4,2,9,0400,0,3,5,,2,006,"BELL ROAD","ALAMO AVENUE",5.00,W,N,A,-,N,,,,,,,,,,Y,4,0,1,1,A,-,08,22107,,N,E,I,A,A,H,-,A,D,0,,,,,Y,Y,-,"- ",0,0,1,0,0,0,0,0,0,"- ","- ",39.757259368896484,-121.88372039794922,BUTTE,UNINCORPORATED,-121.88356781005859,39.757301330566406
92046512,2023,2023-04-17,9241,2023-04-14,1810,018879,,5,2,9,0400,0,2,4,,2,071,SKYWAY,"HUMBUG RD",700.00,N,N,A,-,N,,,,,,,,,,Y,2,0,1,1,A,-,01,23152,A,N,E,I,A,A,H,-,A,D,0,,,,,Y,Y,A,07,1,0,0,0,0,0,0,0,0,"- ","- ",39.872699737548828,-121.61022186279297,BUTTE,UNINCORPORATED,-121.77640533447266,39.712753295898438
92046532,2023,2023-04-17,9241,2023-04-16,"713 ",019006,,7,1,5,0402,0,1,3,,2,100,"SR99 N/B","EAST AVE",2640.00,N,N,A,-,Y,BUT,,99," ",R,35.444,H,,R,Y,4,0,1,1,A,-,08,22107,,N,E,I,A,A,H,-,A,D,0,,,,,Y,,A,01,0,0,1,0,0,0,0,0,0,"- ","- ",39.765491485595703,-121.86213684082031,BUTTE,CHICO,-121.86209106445312,39.765525817871094
92046810,2023,2023-04-17,9240,2023-04-14,1935,019653,,5,2,9,0400,0,3,5,,2,010,"LINCOLN BLVD","MONTE VISTA AVE",160.00,N,N,A,-,N,,,,,,,,,,Y,4,0,4,2,A,-,09,21804,A,N,D,C,A,A,H,-,A,D,0,,,,,Y,,A,01,0,0,4,0,0,0,0,0,0,"- ","- ",39.477130889892578,-121.54804992675781,BUTTE,UNINCORPORATED,-121.54799652099609,39.477088928222656
92046892,2023,2023-04-17,9240,2023-04-10,2035,019055,,1,2,9,0400,0,3,5,,2,010,"LOWER WYANDOTTE RD","FOOTHILL BLVD",0.00,,Y,A,-,N,,,,,,,,,,N,3,0,1,1,A,-,03,22350,,N,E,I,A,A,H,-,D,A,0,,,,,Y,,D,22,0,1,0,0,0,0,0,0,0,"- ","- ",39.462898254394531,-121.48104858398438,BUTTE,UNINCORPORATED,-121.48111724853516,39.462902069091797
92049215,2023,2023-04-20,9240,2023-04-14,2328,021137,,5,3,9,0400,0,3,5,,2,010,"PALERMO HONCUT HWY","MELODY LN",76.00,N,N,A,-,N,,,,,,,,,,Y,3,0,1,1,A,-,01,23152,A,M,E,I,A,A,H,-,D,D,0,,,,,Y,Y,A,07,0,1,0,0,0,0,0,0,0,"- ","- ",39.378421783447266,-121.53984069824219,BUTTE,UNINCORPORATED,-121.53974914550781,39.378349304199219
92050365,2023,2023-04-24,9241,2023-04-20,1335,018879,,4,1,9,0400,0,3,5,,2,008,"DAYTON RD","ORD FERRY",15.00,N,N,A,-,N,,,,,,,,,,Y,4,0,1,2,A,-,03,22350,,N,A,C,A,A,H,-,A,A,0,,,,,Y,,E,22,0,0,1,0,0,0,0,0,0,"- ","- ",39.653118133544922,-121.86177062988281,BUTTE,UNINCORPORATED,-121.86176300048828,39.652999877929688
92051107,2023,2023-04-24,9240,2023-04-15,"300 ",020376,,6,3,9,0400,0,3,5,,2,010,"ORO BANGOR HIGHWAY","COLE LANE",494.00,S,N,A,-,N,,,,,,,,,,Y,4,0,1,1,A,-,08,22107,,M,E,8,A,A,H,-,D,D,0,,,,,Y,,D,22,0,0,1,0,0,0,0,0,0,"- ","- ",39.458770751953125,-121.44864654541016,BUTTE,UNINCORPORATED,-121.448547,39.458706999999997
92051755,2023,2023-04-24,9241,2023-04-19,1500,021659,,3,2,9,0400,0,2,4,,2,063,"COHASSET RD","JACK RABBIT FLAT",2732.00,N,N,A,-,N,,,,,,,,,,Y,3,0,1,1,A,-,01,23152,A,N,F,I,A,A,H,-,A,D,0,,,,,Y,Y,D,22,0,1,0,0,0,0,0,0,0,"- ","- ",39.874130249023438,-121.7689208984375,BUTTE,UNINCORPORATED,-121.76893615722656,39.874076843261719
92054001,2023,2023-04-26,9240,2023-04-23,1600,019055,,7,2,9,0400,0,3,5,,2,020,"LARKIN ROAD","ORDRANCH ROAD",1584.00,N,N,A,-,N,,,,,,,,,,N,3,0,1,2,A,-,06,21750,A,N,D,C,A,A,H,-,A,D,0,,,Y,,Y,,C,02,0,1,0,0,0,0,0,0,1,"- ","- ",39.383861541748047,-121.65500640869141,BUTTE,UNINCORPORATED,-121.65525054931641,39.383571624755859
92054587,2023,2023-04-27,9240,2023-04-24,1925,019055,,1,2,9,0400,0,3,5,,2,010,"LOWER HONCUT ROAD",SR-70,6864.00,E,N,A,-,N,,,,,,,,,,N,3,0,2,2,A,-,01,23152,A,N,C,2,A,A,H,-,B,D,0,,,,,Y,Y,A,01,0,1,1,0,0,0,0,0,0,"- ","- ",39.321079254150391,-121.57026672363281,BUTTE,UNINCORPORATED,-121.57184600830078,39.321033477783203
92055031,2023,2023-04-27,9240,2023-04-23,2028,019055,,7,2,9,0400,0,1,3,,1,011,SR-70,"COX LANE",675.00,N,N,A,-,Y,BUT,,70," "," ",5.490,H,,R,Y,4,0,2,1,C,-,18,,,N,H,H,A,A,H,-,D,D,0,,,,,Y,,-,"- ",0,0,2,0,0,0,0,0,0,"- ","- ",39.384490966796875,-121.61180877685547,BUTTE,UNINCORPORATED,-121.61164855957031,39.384468078613281
92056603,2023,2023-04-28,9240,2023-04-23,2029,019055,,7,2,9,0400,0,1,3,,1,011,SR-70,"COX LANE",400.00,N,N,A,-,Y,BUT,,70," "," ",5.425,H,,R,Y,2,0,2,2,A,-,07,21658,A,N,C,C,A,A,H,-,D,D,0,,,,,Y,,A,07,1,1,0,0,0,0,0,0,0,"- ","- ",39.383571624755859,-121.61203002929688,BUTTE,UNINCORPORATED,-121.61186218261719,39.383544921875
92057988,2023,2023-05-01,9241,2023-04-26,2115,016360,,3,2,9,0400,0,1,3,,2,080,SR-32,"JORDANS PLACE",390.00,W,N,A,-,N,,,,,,,,,,N,4,0,1,2,A,-,11,21950,B,N,G,B,D,A,H,-,C,D,0,Y,,,,Y,Y,N,60,0,0,1,0,1,0,0,0,0,"- ","- ",39.746650695800781,-121.89398956298828,BUTTE,UNINCORPORATED,-121.89399719238281,39.746627807617188