CASE_ID,ACCIDENT_YEAR,PROC_DATE,JURIS,COLLISION_DATE,COLLISION_TIME,OFFICER_ID,REPORTING_DISTRICT,DAY_OF_WEEK,CHP_SHIFT,POPULATION,CNTY_CITY_LOC,SPECIAL_COND,BEAT_TYPE,CHP_BEAT_TYPE,CITY_DIVISION_LAPD,CHP_BEAT_CLASS,BEAT_NUMBER,PRIMARY_RD,SECONDARY_RD,DISTANCE,DIRECTION,INTERSECTION,WEATHER_1,WEATHER_2,STATE_HWY_IND,CALTRANS_COUNTY,CALTRANS_DISTRICT,STATE_ROUTE,ROUTE_SUFFIX,POSTMILE_PREFIX,POSTMILE,LOCATION_TYPE,RAMP_INTERSECTION,SIDE_OF_HWY,TOW_AWAY,COLLISION_SEVERITY,NUMBER_KILLED,NUMBER_INJURED,PARTY_COUNT,PRIMARY_COLL_FACTOR,PCF_CODE_OF_VIOL,PCF_VIOL_CATEGORY,PCF_VIOLATION,PCF_VIOL_SUBSECTION,HIT_AND_RUN,TYPE_OF_COLLISION,MVIW,PED_ACTION,ROAD_SURFACE,ROAD_COND_1,ROAD_COND_2,LIGHTING,CONTROL_DEVICE,CHP_ROAD_TYPE,PEDESTRIAN_ACCIDENT,BICYCLE_ACCIDENT,MOTORCYCLE_ACCIDENT,TRUCK_ACCIDENT,NOT_PRIVATE_PROPERTY,ALCOHOL_INVOLVED,STWD_VEHTYPE_AT_FAULT,CHP_VEHTYPE_AT_FAULT,COUNT_SEVERE_INJ,COUNT_VISIBLE_INJ,COUNT_COMPLAINT_PAIN,COUNT_PED_KILLED,COUNT_PED_INJURED,COUNT_BICYCLIST_KILLED,COUNT_BICYCLIST_INJURED,COUNT_MC_KILLED,COUNT_MC_INJURED,PRIMARY_RAMP,SECONDARY_RAMP,LATITUDE,LONGITUDE,COUNTY,CITY,POINT_X,POINT_Y
92131565,2023,2023-07-31,9240,2023-07-25,"300 ",020170,,2,3,9,0400,0,3,5,,2,020,SR-162,"WICKMAN ROAD",5090.00,W,N,A,-,Y,BUT,,162," "," ",3.767,H,,R,N,2,0,1,1,A,-,08,22107,,N,E,I,A,A,H,-,D,D,0,,,,,Y,,A,01,1,0,0,0,0,0,0,0,0,"- ","- ",39.464511871337891,-121.79965972900391,BUTTE,UNINCORPORATED,-121.79965209960938,39.4644775390625
9213177,2020,2021-02-13,0402,2020-12-30,1708,37,,3,5,5,0402,0,0,0,,0,005,"EAST LASSEN AV","GODMAN AV",0.00,,Y,B,-,N,,,,,,,,,,N,4,0,1,2,A,-,09,21802,A,N,D,G,A,A,H,-,B,D,0,,Y,,,Y,,-,,0,0,1,0,0,0,1,0,0,"- ","- ",,,BUTTE,CHICO,-121.85620880126953,39.766658782958984
92131967,2023,2023-07-31,9241,2023-07-18,2130,020379,,2,2,5,0402,0,1,3,,2,100,SR-99,"EAST AVENUE",255.00,N,N,A,-,Y,BUT,,99," ",R,34.996,H,,R,Y,2,0,1,1,A,-,01,23152,A,N,E,8,A,A,H,-,C,D,0,,,,,Y,Y,A,07,1,0,0,0,0,0,0,0,0,"- ","- ",39.760860443115234,-121.85623931884766,BUTTE,CHICO,-121.85628509521484,39.760826110839844
92132159,2023,2023-07-31,9241,2023-07-24,"325 ",019093,,1,3,9,0400,0,2,4,,2,065,"HAMILTON NORD CANA HWY","ANITA ROAD",6600.00,N,N,A,-,N,,,,,,,,,,Y,4,0,1,1,A,-,08,22107,,N,E,8,A,A,H,-,D,D,0,,,,,Y,,A,07,0,0,1,0,0,0,0,0,0,"- ","- ",39.829490661621094,-121.95683288574219,BUTTE,UNINCORPORATED,-121.95687103271484,39.829475402832031
92132194,2023,2023-07-31,9241,2023-07-29,"0   ",021659,,6,3,9,0400,0,1,3,,2,091,"SR 99 SOUTHBOUND","SHIPPEE RD",4505.00,N,N,A,-,Y,BUT,,99," "," ",20.535,H,,L,Y,3,0,1,1,C,-,18,,,N,E,H,A,A,H,-,D,D,0,,,Y,,Y,,-,"- ",0,1,0,0,0,0,0,0,1,"- ","- ",39.601028442382812,-121.69010925292969,BUTTE,UNINCORPORATED,-121.69010162353516,39.601032257080078
92132371,2023,2023-07-31,9240,2023-07-25,"704 ",019256,,2,1,9,0400,0,1,3,,1,011,SR-70,"PALERMO RD",0.00,,Y,A,-,Y,BUT,,70," "," ",8.992,H,,R,Y,3,0,2,2,A,-,01,23152,A,N,D,C,A,A,H,-,A,A,0,,,,,Y,Y,A,07,0,2,0,0,0,0,0,0,0,"- ","- ",39.433609008789062,-121.60517883300781,BUTTE,UNINCORPORATED,-121.60512542724609,39.433609008789062
92132421,2023,2023-07-31,9240,2023-07-26,"958 ",017532,,3,1,9,0400,0,3,5,,2,020,"LARKIN RD.","NORTH EDGE OF OUTLET BRIDGE ABUTMENT",134.00,N,N,A,-,N,,,,,,,,,,Y,2,0,2,2,A,-,01,23152,A,N,D,C,A,A,H,-,A,D,0,,,,,Y,Y,D,22,1,0,1,0,0,0,0,0,0,"- ","- ",39.458141326904297,-121.63893890380859,BUTTE,UNINCORPORATED,-121.63893,39.458137999999998
92133138,2023,2023-08-01,9240,2023-07-29,2053,021137,,6,2,9,0400,0,3,5,,2,020,"LARKIN RD","WALNUT AVE",1900.00,N,N,A,-,N,,,,,,,,,,Y,3,0,1,1,A,-,01,23152,A,N,E,I,A,A,H,-,D,D,0,,,,,Y,Y,A,01,0,1,0,0,0,0,0,0,0,"- ","- ",39.428138732910156,-121.64328765869141,BUTTE,UNINCORPORATED,-121.64328765869141,39.428073883056641
92135492,2023,2023-08-03,9240,2023-07-27,1240,017532,,4,1,9,0400,0,1,3,,2,031,SR-70,"SR-70 FEATHER RIVER BRIDGE",5.00,N,N,A,-,Y,BUT,,70," "," ",14.830,H,,R,Y,4,0,2,3,A,-,03,22350,,N,C,C,A,A,H,-,A,D,0,,,,,Y,,A,07,0,0,2,0,0,0,0,0,0,"- ","- ",39.511131286621094,-121.57254028320312,BUTTE,UNINCORPORATED,-121.57257080078125,39.511135101318359
92135644,2023,2023-08-03,9240,2023-08-01,1022,019060,,2,1,9,0400,0,1,3,,2,041,SR-162,"MINERS RANCH ROAD",0.00,,Y,A,-,Y,BUT,,162," "," ",22.899,H,,R,Y,4,0,1,2,A,-,17,21451,A,N,A,C,A,A,H,-,A,A,0,,,,,Y,,A,07,0,0,1,0,0,0,0,0,0,"- ","- ",39.503681182861328,-121.45976257324219,BUTTE,UNINCORPORATED,-121.45976257324219,39.503673553466797
92135655,2023,2023-08-03,9241,2023-07-28,1250,018796,,5,1,9,0400,0,1,3,,1,061,SR-99,"GARNER LANE",2640.00,S,N,A,-,Y,BUT,,99," ",T,37.377,H,,R,N,4,0,3,2,A,-,03,22350,,N,C,C,A,A,H,-,A,A,0,,,,,Y,,D,22,0,0,3,0,0,0,0,0,0,"- ","- ",39.785770416259766,-121.88716888427734,BUTTE,UNINCORPORATED,-121.88715362548828,39.785781860351562
92137888,2023,2023-08-07,9240,2023-08-04,"538 ",020376,,5,3,9,0400,0,1,3,,2,031,"SR-70 S/B","MONTGOMERY ST",939.00,N,N,A,-,Y,BUT,,70," "," ",14.807,H,,L,Y,2,0,1,1,A,-,08,22107,,N,E,I,A,A,H,-,B,D,0,,,,,Y,,D,22,1,0,0,0,0,0,0,0,0,"- ","- ",39.510730743408203,-121.57276153564453,BUTTE,UNINCORPORATED,-121.57283020019531,39.510738372802734
92137935,2023,2023-08-07,9240,2023-08-06,"112 ",020170,,7,3,9,0400,0,3,5,,2,020,"AGUAS FRIAS ROAD","SR-162 WEST",870.00,N,N,A,-,N,,,,,,,,,,N,4,0,1,1,C,-,18,,,N,E,I,A,A,H,-,D,D,0,,,,,Y,,-,"- ",0,0,1,0,0,0,0,0,0,"- ","- ",39.466560363769531,-121.85753631591797,BUTTE,UNINCORPORATED,-121.8575439453125,39.466468811035156
92137937,2023,2023-08-07,9241,2023-08-05,2242,022594,,6,3,9,0400,0,2,4,,1,082,MIDWAY,"MARYBILL RANCH RD",55.00,S,N,A,-,N,,,,,,,,,,N,3,0,1,1,A,-,03,22350,,N,E,J,A,A,C,-,D,D,0,,,,,Y,,A,01,0,1,0,0,0,0,0,0,0,"- ","- ",39.691188812255859,-121.79843139648438,BUTTE,UNINCORPORATED,-121.79845428466797,39.691211700439453
92138664,2023,2023-08-08,9241,2023-08-07,1428,020638,,1,2,9,0400,0,1,3,,2,100,"STATE HIGHWAY 99","EAST AVE",664.00,N,N,A,-,Y,BUT,,99," ",R,35.078,H,,L,Y,4,0,1,1,A,-,03,22350,,N,E,I,A,A,H,-,A,D,0,,,,,Y,,E,22,0,0,1,0,0,0,0,0,0,"- ","- ",39.761451721191406,-121.85768127441406,BUTTE,UNINCORPORATED,-121.85755157470703,39.761543273925781
92140821,2023,2023-08-10,9240,2023-08-07,2144,019055,,1,2,9,0400,0,1,3,,2,041,SR-162,"OROVILLE QUINCY HWY",115.00,W,N,A,-,Y,BUT,,162," "," ",20.366,H,,R,N,2,0,1,1,C,-,18,,,N,H,H,A,A,H,-,C,D,0,,,Y,,Y,,-,"- ",1,0,0,0,0,0,0,0,1,"- ","- ",39.504470825195312,-121.49889373779297,BUTTE,UNINCORPORATED,-121.4989013671875,39.504478454589844
92140896,2023,2023-08-10,9241,2023-08-05,1700,019692,,6,2,9,0400,0,2,4,,2,096,"HONEY RUN RD","CENTERVILLE RD",5808.00,W,N,A,-,N,,,,,,,,,,Y,4,0,1,2,A,-,05,21460,A,N,B,C,A,A,H,-,A,D,0,,,,,Y,,A,01,0,0,1,0,0,0,0,0,0,"- ","- ",39.719608306884766,-121.71710968017578,BUTTE,UNINCORPORATED,-121.71895599365234,39.718364715576172
92141010,2023,2023-08-10,9241,2023-08-03,1527,019692,,4,2,9,0400,0,2,4,,1,082,MIDWAY,"STANFORD LN",528.00,N,N,A,-,N,,,,,,,,,,Y,4,0,1,1,A,-,08,22107,,N,E,I,A,A,H,-,A,D,0,,,,,Y,,A,01,0,0,1,0,0,0,0,0,0,"- ","- ",39.621528625488281,-121.79062652587891,BUTTE,UNINCORPORATED,-121.79061889648438,39.62164306640625
92141012,2023,2023-08-10,9241,2023-08-03,1538,019692,,4,2,9,0400,0,2,4,,1,082,MIDWAY,"ESQUON RD",20.00,N,N,A,-,N,,,,,,,,,,Y,4,0,1,1,A,-,08,22107,,N,E,I,A,A,H,-,A,D,0,,,,,Y,,A,01,0,0,1,0,0,0,0,0,0,"- ","- ",39.599098205566406,-121.78228759765625,BUTTE,UNINCORPORATED,-121.78214263916016,39.598854064941406
92141025,2023,2023-08-10,9240,2023-08-08,1620,020318,,2,2,9,0400,0,3,5,,2,010,"ORO BANGOR HWY","INDIAN ROCK RD.",0.00,,Y,A,-,N,,,,,,,,,,Y,3,0,1,2,A,-,03,22350,,N,D,C,A,A,H,-,A,D,0,,,,,Y,,A,07,0,1,0,0,0,0,0,0,0,"- ","- ",39.435020446777344,-121.43057250976562,BUTTE,UNINCORPORATED,-121.430538,39.435020000000002
92141159,2023,2023-09-04,9241,2023-08-03,1440,019972,,4,2,9,0400,0,2,4,,2,094,"PENTZ RD.","DURHAM PENTZ RD.",395.00,S,N,A,-,N,,,,,,,,,,Y,4,0,1,4,A,-,03,22350,,N,C,C,A,A,D,-,A,A,0,,,,,Y,,A,01,0,0,1,0,0,0,0,0,0,"- ","- ",39.654811859130859,-121.56432342529297,BUTTE,UNINCORPORATED,-121.56439971923828,39.654880523681641
92141163,2023,2023-08-10,9241,2023-08-03,2347,022594,,4,3,4,0405,0,2,4,,2,071,SKYWAY,"INDIAN DR",440.00,S,N,A,-,N,,,,,,,,,,N,3,0,1,1,A,-,01,23152,A,N,F,I,A,A,H,-,D,A,0,,,,,Y,Y,A,01,0,1,0,0,0,0,0,0,0,"- ","- ",39.804500579833984,-121.57878875732422,BUTTE,PARADISE,-121.58499145507812,39.798145294189453
92141601,2023,2023-08-11,9241,2023-08-06,"158 ",021659,,7,3,9,0400,0,3,5,,2,007,"NIMSHEW RD","CARNEGIE RD",770.00,N,N,A,-,N,,,,,,,,,,N,3,0,1,1,A,-,01,23152,G,N,E,I,A,A,H,-,D,B,0,,,,,Y,Y,A,01,0,1,0,0,0,0,0,0,0,"- ","- ",39.847301483154297,-121.60946655273438,BUTTE,UNINCORPORATED,-121.60934448242188,39.847419738769531
92143204,2023,2023-08-14,9240,2023-08-07,1250,017532,,1,1,9,0400,0,1,3,,1,011,SR-70,"CENTRAL HOUSE RD",2475.00,S,N,A,-,N,,,,,,,,,,Y,3,0,1,1,C,-,18,,,N,E,8,A,A,H,-,A,D,0,,,,,Y,,-,"- ",0,1,0,0,0,0,0,0,0,"- ","- ",39.343109130859375,-121.59986877441406,BUTTE,UNINCORPORATED,-121.59992980957031,39.343097686767578
92144250,2023,2023-09-14,9240,2023-08-11,2005,019653,,5,2,9,0400,0,3,5,,2,010,"OPHIR ROAD","LINCOLN BLVD",0.00,,Y,A,-,N,,,,,,,,,,Y,1,1,2,3,A,-,01,23152,A,F,D,2,A,A,H,-,A,A,0,,,Y,,Y,Y,A,01,1,1,0,0,0,0,0,1,1,"- ","- ",39.465831756591797,-121.54940032958984,BUTTE,UNINCORPORATED,-121.54935455322266,39.465801239013672
92144363,2023,2023-08-15,9241,2023-08-08,1740,020379,,2,2,9,0400,0,1,3,,2,081,"SR-99 N/B","NEAL ROAD",500.00,S,N,A,-,Y,BUT,,99," "," ",25.928,H,,R,Y,3,0,2,3,A,-,21,22106,,N,C,C,A,A,H,-,A,A,0,,,,,Y,,A,01,0,1,1,0,0,0,0,0,0,"- ","- ",39.664638519287109,-121.74227142333984,BUTTE,UNINCORPORATED,-121.74224090576172,39.664665222167969
92145139,2023,2023-08-16,9240,2023-08-08,2149,019055,,2,2,9,0400,0,3,5,,2,010,"LOS VERJELES RD","SOUTH HONCUT CREEK",86.00,N,N,A,-,N,,,,,,,,,,Y,3,0,1,1,A,-,01,23152,A,N,E,I,A,A,H,-,D,D,0,,,,,Y,Y,A,01,0,1,0,0,0,0,0,0,0,"- ","- ",39.368179321289062,-121.37213897705078,BUTTE,UNINCORPORATED,-121.37205,39.368183999999999
92145206,2023,2023-08-16,9241,2023-08-14,1700,020638,,1,2,9,0400,0,1,3,,2,100,"STATE HIGHWAY 99","GARNER LN",2112.00,S,N,B,-,Y,BUT,,99," ",T,37.366,H,,R,Y,3,0,1,1,A,-,08,22107,,N,E,I,A,A,H,-,A,A,0,,,,,Y,,A,07,0,1,0,0,0,0,0,0,0,"- ","- ",39.785629272460938,-121.88704681396484,BUTTE,UNINCORPORATED,-121.88700866699219,39.785663604736328
92145613,2023,2023-08-16,9240,2023-08-12,2100,020318,,6,2,9,0400,0,3,5,,2,010,"OPHIR RD.","LINCOLN BLVD",50.00,W,N,A,-,N,,,,,,,,,,Y,4,0,1,3,A,-,08,22107,,N,B,C,A,A,H,-,C,D,0,,,,,Y,,A,01,0,0,1,0,0,0,0,0,0,"- ","- ",39.465778350830078,-121.55016326904297,BUTTE,UNINCORPORATED,-121.54953002929688,39.465793609619141
9214802,2020,2021-02-03,0403,2020-11-30,1546,P207,,1,5,2,0403,0,0,0,,0,,"HERON LANDING","W BIGGS GRIDLEY RD",5.00,E,N,A,-,N,,,,,,,,,,N,2,0,1,2,A,-,08,22107,,N,H,G,A,A,H,-,A,D,0,,Y,,,Y,Y,A,07,1,0,0,0,0,0,1,0,0,"- ","- ",39.374538421630859,-121.68739318847656,BUTTE,GRIDLEY,-121.7066650390625,39.372180938720703
92148736,2023,2023-08-21,9241,2023-08-16,2025,018540,,3,2,9,0400,0,3,5,,2,007,"NIMSHEW RD","MYAMBER CT",15.00,S,N,A,-,N,,,,,,,,,,Y,2,0,1,1,C,-,18,,,N,E,H,A,A,A,H,D,D,0,,,Y,,Y,,-,"- ",1,0,0,0,0,0,0,0,1,"- ","- ",39.850730895996094,-121.60835266113281,BUTTE,UNINCORPORATED,-121.60829925537109,39.85076904296875
92148828,2023,2023-08-21,9241,2023-08-18,1400,018879,,5,2,9,0400,0,2,4,,2,063,"COHASSET RD","KIDWELL PINES DR",1056.00,S,N,A,-,N,,,,,,,,,,Y,4,0,1,1,A,-,08,22107,,N,E,I,A,A,H,-,A,D,0,,,,,Y,,A,01,0,0,1,0,0,0,0,0,0,"- ","- ",39.906810760498047,-121.74107360839844,BUTTE,UNINCORPORATED,-121.74123382568359,39.906726837158203
92148882,2023,2023-08-21,9240,2023-08-15,2358,020170,,2,3,9,0400,0,3,5,,2,020,"LARKIN ROAD","CHANDON AVENUE",2120.00,S,N,A,-,N,,,,,,,,,,N,3,0,1,1,A,-,01,23152,A,N,E,I,A,A,H,-,D,D,0,,,,,Y,Y,A,01,0,1,0,0,0,0,0,0,0,"- ","- ",39.308639526367188,-121.65998840332031,BUTTE,UNINCORPORATED,-121.65993499755859,39.308540344238281
92149054,2023,2023-08-21,9241,2023-08-19,"50  ",022594,,6,3,9,0400,0,1,3,,1,060,"HAMILTON NORD CANA HWY","ANITA RD",166.00,S,N,A,-,N,,,,,,,,,,Y,4,0,1,1,A,-,01,23152,A,N,F,A,A,A,H,-,D,D,0,,,,,Y,Y,A,07,0,0,1,0,0,0,0,0,0,"- ","- ",39.811080932617188,-121.95681762695312,BUTTE,UNINCORPORATED,-121.95683288574219,39.810894012451172
92149901,2023,2023-08-22,9241,2023-08-16,"441 ",019093,,3,3,9,0400,0,1,3,,2,100,"SR-99 N/B","EAST AVENUE",100.00,N,N,A,-,Y,BUT,,99," ",R,34.957,H,,R,Y,3,0,2,1,A,-,08,22107,,N,E,I,A,A,H,-,D,D,0,,,,,Y,,A,01,0,1,1,0,0,0,0,0,0,"- ","- ",39.760471343994141,-121.85574340820312,BUTTE,UNINCORPORATED,-121.85578918457031,39.760433197021484
92149935,2023,2023-08-22,9241,2023-08-20,1625,020638,,7,2,9,0400,0,2,4,,2,086,"DURHAM-DAYTON HWY","HAMLIN SLOUGH",1584.00,W,N,B,-,N,,,,,,,,,,Y,3,0,1,1,A,-,08,22107,,N,F,I,A,A,H,-,A,D,0,,,,,Y,,A,01,0,1,0,0,0,0,0,0,0,"- ","- ",39.646419525146484,-121.75110626220703,BUTTE,UNINCORPORATED,-121.751159,39.646506000000002
92150003,2023,2023-08-22,9240,2023-08-17,2230,019842,,4,3,9,0400,0,3,5,,2,010,"OPHIR ROAD","LINCOLN BLVD",0.00,,Y,A,-,N,,,,,,,,,,N,3,0,1,2,D,-,00,,,F,G,B,B,A,H,-,C,A,0,Y,,,,Y,Y,-,"- ",0,1,0,0,1,0,0,0,0,"- ","- ",39.465721130371094,-121.54953765869141,BUTTE,UNINCORPORATED,-121.54935455322266,39.465801239013672
92151488,2023,2023-08-23,9241,2023-08-15,"555 ",018796,,2,3,5,0402,0,1,3,,2,100,"SR99 N/B","COHASSET ROAD",2112.00,S,N,A,-,Y,BUT,,99," ",R,33.849,H,,R,Y,3,0,2,2,A,-,03,22350,,N,C,C,A,A,H,-,B,D,0,,,,,Y,,D,22,0,2,0,0,0,0,0,0,0,"- ","- ",39.750881195068359,-121.83901214599609,BUTTE,CHICO,-121.83901214599609,39.750881195068359
92152575,2023,2023-08-24,9241,2023-08-23,1625,019972,,3,2,9,0400,0,1,3,,2,081,"SR-99 S/B","ENTLER AVE",15.00,N,N,A,-,Y,BUT,,99," "," ",29.391,H,,L,Y,4,0,2,2,A,-,03,22350,,N,C,C,A,A,H,-,A,A,0,,,,,Y,,D,22,0,0,2,0,0,0,0,0,0,"- ","- ",39.701358795166016,-121.78617858886719,BUTTE,UNINCORPORATED,-121.78620910644531,39.701343536376953
92154562,2023,2023-08-25,9240,2023-08-06,1415,018967,,7,2,9,0400,0,1,3,,2,034,"SR-149 S/B","SR-149 NB TO SR-99 S/B OVERCROSSING",3523.00,S,N,A,-,Y,BUT,,149," ",M,4.295,H,,L,Y,1,2,3,2,A,-,05,21651,B,N,A,C,A,A,H,-,A,A,0,,,,,Y,,A,01,3,0,0,0,0,0,0,0,0,"- ","- ",39.61724853515625,-121.68498992919922,BUTTE,UNINCORPORATED,-121.68501281738281,39.617221832275391
92154620,2023,2023-08-25,9241,2023-07-27,1510,018879,,4,2,9,0400,0,1,3,,1,060,"SR-32 E/B","NOPEL ROAD",370.00,W,N,A,-,Y,BUT,,32," ",R,23.789,H,,R,Y,1,1,1,2,A,-,05,21460,A,N,A,C,A,A,H,-,A,D,0,,,,,Y,,A,07,1,0,0,0,0,0,0,0,0,"- ","- ",39.873371124267578,-121.68228912353516,BUTTE,UNINCORPORATED,-121.68225860595703,39.873340606689453
9215519,2020,2021-02-02,0404,2020-11-21,0850,694,E,6,5,3,0404,0,0,0,,0,00E,"FOOTHILL BL","OLIVE HWY",0.00,,Y,A,-,N,,,,,,,,,,Y,4,0,1,2,A,-,12,21453,A,N,D,C,A,A,H,-,A,A,0,,,,,Y,,-,,0,0,1,0,0,0,0,0,0,"- ","- ",39.501438140869141,-121.53144836425781,BUTTE,OROVILLE,-121.531443,39.501438999999998
9215529,2020,2021-02-23,0402,2020-12-25,0632,46,,5,5,5,0402,0,0,0,,0,006,"EAST 1ST AV","SHERMAN AV",0.00,,Y,B,-,N,,,,,,,,,,Y,4,0,2,2,A,-,09,21801,A,N,A,C,A,A,H,-,B,A,0,,,,,Y,,A,01,0,0,2,0,0,0,0,0,0,"- ","- ",,,BUTTE,CHICO,-121.83434295654297,39.743148803710938
9215530,2020,2021-02-23,0402,2020-12-22,1940,P03027,,2,5,5,0402,0,0,0,,0,006,"WEST EAST AV",ESPLANADE,0.00,W,N,A,-,N,,,,,,,,,,Y,4,0,1,2,A,-,03,22350,,N,C,C,A,A,H,-,C,A,0,,,,,Y,,D,22,0,0,1,0,0,0,0,0,0,"- ","- ",39.756561279296875,-121.86151885986328,BUTTE,CHICO,-121.86139678955078,39.756721496582031
9215531,2020,2021-02-23,0402,2020-12-29,1220,0562,82,2,5,5,0402,0,0,0,,0,005,"EAST 1ST AV","NEAL DOW AV",0.00,,Y,A,-,N,,,,,,,,,,N,4,0,1,2,A,-,03,22350,,N,C,C,A,A,H,-,A,A,0,,,,,Y,,A,07,0,0,1,0,0,0,0,0,0,"- ","- ",39.746601104736328,-121.82990264892578,BUTTE,CHICO,-121.82985687255859,39.746658325195312
9215532,2020,2021-02-26,0402,2020-12-31,1240,58,82640,4,5,5,0402,0,0,0,,0,001,"W 11TH AV","MAGNOLIA AV",0.00,,Y,A,-,N,,,,,,,,,,Y,4,0,1,1,A,-,03,22350,A,N,-,-,A,A,H,-,A,-,0,,,,,Y,,A,07,0,0,1,0,0,0,0,0,0,"- ","- ",39.747699737548828,-121.85500335693359,BUTTE,CHICO,-121.85498046875,39.7476806640625
9215563,2020,2021-02-24,0404,2020-12-06,1317,651,W,7,5,3,0404,0,0,0,,0,00W,"FEATHER RIVER BL","GEORGIA PACIFIC WY",0.00,,Y,A,-,N,,,,,,,,,,Y,4,0,1,2,A,-,09,21802,A,N,D,C,A,A,H,-,A,A,0,,,,,Y,,A,01,0,0,1,0,0,0,0,0,0,"- ","- ",39.477409362792969,-121.57486724853516,BUTTE,OROVILLE,-121.57478332519531,39.477401733398438
92155937,2023,2023-08-28,9241,2023-08-24,2223,021659,,4,3,9,0400,0,1,3,,2,100,"SR 99 NORTHBOUND","RT 32",415.00,S,N,A,-,Y,BUT,,99," ",R,32.325,H,,R,Y,4,0,2,1,C,-,18,,,N,H,A,A,A,H,-,D,D,0,,,,,Y,,-,"- ",0,0,2,0,0,0,0,0,0,"- ","- ",39.735630035400391,-121.81832885742188,BUTTE,UNINCORPORATED,-121.81828308105469,39.735664367675781
92156093,2023,2023-08-28,9240,2023-08-19,"200 ",020376,,6,3,9,0400,0,1,S,,2,904,"SR-99 S/B","NEAL RD",2112.00,N,N,A,-,Y,BUT,,99," "," ",26.498,H,,L,N,3,0,1,1,A,-,01,23152,A,N,F,A,A,A,H,-,D,D,0,,,,,Y,Y,A,07,0,1,0,0,0,0,0,0,0,"- ","- ",39.670181274414062,-121.74993133544922,BUTTE,UNINCORPORATED,-121.74991607666016,39.670192718505859
92156200,2023,2023-08-28,9240,2023-08-19,1130,017532,,6,1,9,0400,0,3,5,,2,030,"CAMP CREEK RD","DIXIE RD.",5808.00,E,N,A,-,N,,,,,,,,,,Y,3,0,2,1,A,-,08,22107,,N,F,A,A,A,H,-,D,D,0,,,,,Y,,D,22,0,2,0,0,0,0,0,0,0,"- ","- ",39.840869903564453,-121.41763305664062,BUTTE,UNINCORPORATED,-121.41802215576172,39.840476989746094
92156253,2023,2023-08-28,9241,2023-08-26,1820,020686,,6,2,9,0400,0,3,5,,2,008,"SPEEDWAY AVENUE","TAIGE WAY",12.00,E,N,A,-,N,,,,,,,,,,Y,3,0,1,1,A,-,08,22107,,N,E,I,A,A,H,-,A,D,0,,,,,Y,Y,A,01,0,1,0,0,0,0,0,0,0,"- ","- ",39.706108093261719,-121.79979705810547,BUTTE,UNINCORPORATED,-121.79985046386719,39.706142425537109
92156278,2023,2023-08-28,9240,2023-08-21,1010,017532,,1,1,9,0400,0,3,5,,2,010,"FORBESTOWN RD","LUMPKIN RD",860.00,W,N,B,C,N,,,,,,,,,,Y,3,0,1,2,A,-,05,21460,A,N,A,C,A,B,H,-,A,D,0,,,,,Y,,D,22,0,1,0,0,0,0,0,0,0,"- ","- ",39.505630493164062,-121.36070251464844,BUTTE,UNINCORPORATED,-121.36063385009766,39.505828857421875
9215695,2020,2021-02-22,0402,2020-12-22,0557,4137193,,2,5,5,0402,0,0,0,,0,006,"W EAST AV","W EAST AV 920",0.00,,-,E,-,N,,,,,,,,,,Y,4,0,1,1,A,-,08,22107,,N,E,J,A,B,H,-,C,D,0,,,,,Y,,A,01,0,0,1,0,0,0,0,0,0,"- ","- ",39.747100830078125,-121.87709808349609,BUTTE,CHICO,-121.843486,39.760815999999998
92159920,2023,2023-08-31,9241,2023-08-27,1805,020638,,7,2,9,0400,0,1,3,,2,081,"STATE HIGHWAY 99","SOUTHGATE LN",1584.00,S,N,A,-,Y,BUT,,99," "," ",29.045,H,,R,N,4,0,1,2,A,-,08,22107,,N,B,C,A,A,H,-,A,D,0,,,,,Y,,-,"- ",0,0,1,0,0,0,0,0,0,"- ","- ",39.697689056396484,-121.78167724609375,BUTTE,UNINCORPORATED,-121.78173065185547,39.697654724121094
92160090,2023,2023-08-31,9240,2023-08-29,1145,017532,,2,1,9,0400,0,1,3,,1,021,SR-99,"HINAMAN DR.",0.00,,Y,A,-,Y,BUT,,99," "," ",5.989,H,,R,Y,3,0,1,2,A,-,03,22350,,N,C,C,A,A,H,-,A,D,0,,,,,Y,,D,22,0,1,0,0,0,0,0,0,0,"- ","- ",39.390239715576172,-121.68800354003906,BUTTE,UNINCORPORATED,-121.68800354003906,39.390239715576172
92160102,2023,2023-08-31,9241,2023-08-29,"715 ",014929,,2,1,9,0400,0,1,3,,2,081,"SR-99 S/B","SOUTHGATE AVE",1500.00,N,N,A,-,Y,BUT,,99," "," ",29.650,H,,L,Y,2,0,3,4,A,-,03,22350,,N,C,C,A,A,H,-,A,D,0,,,,,Y,,D,22,1,0,2,0,0,0,0,0,0,"- ","- ",39.704219818115234,-121.7894287109375,BUTTE,UNINCORPORATED,-121.78943634033203,39.704216003417969