CASE_ID,ACCIDENT_YEAR,PROC_DATE,JURIS,COLLISION_DATE,COLLISION_TIME,OFFICER_ID,REPORTING_DISTRICT,DAY_OF_WEEK,CHP_SHIFT,POPULATION,CNTY_CITY_LOC,SPECIAL_COND,BEAT_TYPE,CHP_BEAT_TYPE,CITY_DIVISION_LAPD,CHP_BEAT_CLASS,BEAT_NUMBER,PRIMARY_RD,SECONDARY_RD,DISTANCE,DIRECTION,INTERSECTION,WEATHER_1,WEATHER_2,STATE_HWY_IND,CALTRANS_COUNTY,CALTRANS_DISTRICT,STATE_ROUTE,ROUTE_SUFFIX,POSTMILE_PREFIX,POSTMILE,LOCATION_TYPE,RAMP_INTERSECTION,SIDE_OF_HWY,TOW_AWAY,COLLISION_SEVERITY,NUMBER_KILLED,NUMBER_INJURED,PARTY_COUNT,PRIMARY_COLL_FACTOR,PCF_CODE_OF_VIOL,PCF_VIOL_CATEGORY,PCF_VIOLATION,PCF_VIOL_SUBSECTION,HIT_AND_RUN,TYPE_OF_COLLISION,MVIW,PED_ACTION,ROAD_SURFACE,ROAD_COND_1,ROAD_COND_2,LIGHTING,CONTROL_DEVICE,CHP_ROAD_TYPE,PEDESTRIAN_ACCIDENT,BICYCLE_ACCIDENT,MOTORCYCLE_ACCIDENT,TRUCK_ACCIDENT,NOT_PRIVATE_PROPERTY,ALCOHOL_INVOLVED,STWD_VEHTYPE_AT_FAULT,CHP_VEHTYPE_AT_FAULT,COUNT_SEVERE_INJ,COUNT_VISIBLE_INJ,COUNT_COMPLAINT_PAIN,COUNT_PED_KILLED,COUNT_PED_INJURED,COUNT_BICYCLIST_KILLED,COUNT_BICYCLIST_INJURED,COUNT_MC_KILLED,COUNT_MC_INJURED,PRIMARY_RAMP,SECONDARY_RAMP,LATITUDE,LONGITUDE,COUNTY,CITY,POINT_X,POINT_Y
9294984,2021,2021-08-12,0405,2021-07-01,0720,STR01,10S,4,5,4,0405,0,0,0,,0,00S,SKYWAY,CROSSROADS,0.00,,Y,A,-,N,,,,,,,,,,N,3,0,2,2,A,-,04,21703,,N,C,C,A,A,H,-,A,A,0,,,,,Y,,A,07,0,1,1,0,0,0,0,0,0,"- ","- ",39.7440185546875,-121.6551513671875,BUTTE,PARADISE,-121.655311,39.743979000000003
9295189,2021,2021-09-13,0402,2021-07-19,1929,31,,1,5,5,0402,0,0,0,,0,005,"EAST 1ST AV","RT 99",30.00,E,N,A,-,Y,BUT,3,99,-,R,33.163,R,4,N,Y,4,0,1,2,A,-,12,21453,A,N,D,A,A,A,H,-,A,A,0,,,,,Y,,A,01,0,0,1,0,0,0,0,0,0,"- ",WF,39.745670318603516,-121.83100891113281,BUTTE,CHICO,-121.82966613769531,39.744052886962891
9295616,2021,2021-08-09,0402,2021-06-30,0550,P00143,CHICO,3,5,5,0402,0,0,0,,0,003,"E 9TH ST","RT 99",0.00,,Y,A,-,Y,BUT,3,32,-,-,10.157,I,5,E,Y,3,0,1,2,A,-,12,21453,A,N,D,C,A,A,H,-,A,A,0,,,,,Y,,A,01,0,1,0,0,0,0,0,0,0,"- ",SO,,,BUTTE,CHICO,-121.81923675537109,39.736003875732422
9295617,2021,2021-08-20,0402,2021-07-10,1318,P00677,,6,5,5,0402,0,0,0,,0,002,"SALEM ST","W 7TH ST",0.00,,Y,A,-,N,,,,,,,,,,Y,3,0,1,2,A,-,12,22450,,N,D,D,A,A,A,-,A,C,0,,,,,Y,,D,22,0,1,0,0,0,0,0,0,0,"- ","- ",,,BUTTE,CHICO,-121.83834838867188,39.725639343261719
9295819,2021,2021-08-30,0402,2021-07-04,1903,59,0402,7,5,5,0402,0,0,0,,0,002,"W 9TH ST","BROADWAY ST",0.00,,Y,A,-,Y,BUT,3,32,-,R,9.461,I,5,E,Y,3,0,2,2,A,-,12,21453,A,N,-,C,A,A,H,-,A,A,0,,,,,Y,,-,"- ",0,1,1,0,0,0,0,0,0,"- ","- ",,,BUTTE,CHICO,-121.83625030517578,39.724712371826172
9295820,2021,2021-08-25,0402,2021-07-03,0204,59,0402,6,5,5,0402,0,0,0,,0,003,"CAMELLIA WY","FLUME ST",0.00,,Y,A,-,N,,,,,,,,,,Y,4,0,1,1,A,-,01,23153,A,N,H,J,A,A,H,-,C,D,0,,,,,Y,Y,A,01,0,0,1,0,0,0,0,0,0,"- ","- ",,,BUTTE,CHICO,-121.83840942382812,39.731601715087891
9296476,2021,2021-09-14,0402,2021-07-29,1706,P02897,CPD,4,5,5,0402,0,0,0,,0,003,"E 20TH ST","ELM ST",0.00,,Y,A,-,N,,,,,,,,,,Y,3,0,1,1,A,-,00,23103,,N,F,I,A,A,H,-,A,D,0,,,Y,,Y,,C,03,0,1,0,0,0,0,0,0,1,"- ","- ",,,BUTTE,CHICO,-121.82004547119141,39.722877502441406
9296964,2021,2021-09-07,0402,2021-07-30,1127,P00837,30,5,5,5,0402,0,0,0,,0,004,"BRUCE RD","SIERRA SUNRISE TER",0.00,,Y,A,-,N,,,,,,,,,,Y,4,0,1,2,A,-,09,21802,A,N,D,C,A,A,H,-,A,D,0,,,,,Y,,D,22,0,0,1,0,0,0,0,0,0,"- ","- ",,,BUTTE,CHICO,-121.79245758056641,39.743629455566406
9297039,2021,2021-09-07,0402,2021-07-09,1414,21/1499,,5,5,5,0402,0,0,0,,0,003,"PARK AV","E 20TH ST",0.00,,Y,A,-,N,,,,,,,,,,Y,3,0,1,3,A,-,03,22350,,N,D,C,A,A,H,-,A,A,0,,,,,Y,,A,01,0,1,0,0,0,0,0,0,0,"- ","- ",,,BUTTE,CHICO,-121.8233642578125,39.719356536865234
9298098,2021,2021-09-07,0404,2021-07-21,0822,690,,3,5,3,0404,0,0,0,,0,003,"TABLE MOUNTAIN BL","RIVER VIEW TER",0.00,,Y,A,-,N,,,,,,,,,,Y,2,0,1,2,A,-,03,22350,,N,B,C,A,A,H,-,A,D,0,,,Y,,Y,,C,02,1,0,0,0,0,0,0,0,1,"- ","- ",,,BUTTE,OROVILLE,-121.55367279052734,39.520637512207031
9298110,2021,2021-09-16,0404,2021-07-05,0501,557,BUTTE,1,5,3,0404,0,0,0,,0,0CO,"LOWER WYANDOTTE RD","V7 RD",341.00,S,N,A,-,N,,,,,,,,,,N,3,0,1,1,A,-,07,21658,,N,H,J,A,A,H,-,A,D,0,,,,,Y,,D,22,0,1,0,0,0,0,0,0,0,"- ","- ",39.491428375244141,-121.53050231933594,BUTTE,OROVILLE,-121.53050231933594,39.490455627441406
9298386,2021,2021-10-09,0402,2021-08-05,1854,69,,4,5,5,0402,0,0,0,,0,004,"NOTRE DAME BL","FOREST AV",364.00,S,N,A,-,N,,,,,,,,,,Y,4,0,1,2,A,-,09,21804,A,N,D,C,A,A,H,-,A,D,0,,,,,Y,,-,,0,0,1,0,0,0,0,0,0,"- ","- ",,,BUTTE,CHICO,-121.79531860351562,39.717079162597656
9298707,2021,2021-08-13,0403,2021-07-17,0813,P211,G,6,5,2,0403,0,0,0,,0,,"RT 99","GRIDLEY RD",439.00,S,N,A,-,N,,,,,,,,,,Y,3,0,1,1,A,-,00,23103,B,N,E,I,A,A,H,-,A,D,0,,,,,Y,,A,07,0,1,0,0,0,0,0,0,0,"- ","- ",39.36199951171875,-121.68654632568359,BUTTE,GRIDLEY,-121.68791198730469,39.362003326416016
9298708,2021,2021-08-12,0403,2021-07-13,1734,P73,G,2,5,2,0403,0,0,0,,0,,"EAST GRIDLEY RD","FAIRVIEW DR",387.00,E,N,A,-,N,,,,,,,,,,N,3,0,2,2,A,-,04,21703,,N,C,C,A,A,H,-,A,D,0,,,,,Y,,A,01,0,1,1,0,0,0,0,0,0,"- ","- ",39.363651275634766,-121.68525695800781,BUTTE,GRIDLEY,-121.68470001220703,39.363231658935547
9298812,2021,2021-08-12,0405,2021-06-11,0828,WOO01,3N,5,5,4,0405,0,0,0,,0,00N,SKYWAY,"PENTZ RD",0.00,,Y,A,-,N,,,,,,,,,,Y,3,0,2,2,A,-,07,21658,A,N,B,C,A,A,H,-,A,D,0,,,,,Y,,-,,0,2,0,0,0,0,0,0,0,"- ","- ",39.800449371337891,-121.58087921142578,BUTTE,PARADISE,-121.58087921142578,39.800437927246094
9299788,2021,2021-10-27,0402,2021-08-03,1829,69,,2,5,5,0402,0,0,0,,0,005,"EAST AV","MARIPOSA AV",0.00,,Y,A,-,N,,,,,,,,,,Y,4,0,2,2,A,-,12,21453,A,N,D,C,A,A,H,-,A,A,0,,,,,Y,,-,,0,0,2,0,0,0,0,0,0,"- ","- ",,,BUTTE,CHICO,-121.82460021972656,39.761081695556641
9299789,2021,2021-10-16,0402,2021-08-03,1118,43,0402,2,5,5,0402,0,0,0,,0,003,"FAIR ST","EAST PARK AV",270.00,N,N,A,-,N,,,,,,,,,,Y,4,0,1,2,A,-,03,22350,,N,C,C,A,A,H,-,A,D,0,,,,,Y,,-,,0,0,1,0,0,0,0,0,0,"- ","- ",,,BUTTE,CHICO,-121.81324768066406,39.714836120605469
9299790,2021,2021-10-16,0402,2021-08-04,0819,43,0402,3,5,5,0402,0,0,0,,0,003,"FAIR ST","E 21ST ST",0.00,,Y,A,-,N,,,,,,,,,,N,3,0,1,2,A,-,10,21950,,N,G,B,D,A,H,-,A,D,0,Y,,,,Y,,-,,0,1,0,0,1,0,0,0,0,"- ","- ",,,BUTTE,CHICO,-121.81966400146484,39.720348358154297
9299956,2021,2021-09-30,0402,2021-08-04,0825,P03283,,3,5,5,0402,0,0,0,,0,,ESPLANADE,"E 5TH AV",0.00,,Y,A,-,N,,,,,,,,,,N,3,0,1,2,A,-,12,22450,A,N,D,G,A,A,H,-,A,A,0,,Y,,,Y,,L,04,0,1,0,0,0,0,1,0,0,"- ","- ",,,BUTTE,CHICO,-121.84867095947266,39.742046356201172
9299995,2021,2021-09-01,0402,2021-08-03,1336,49/1763,5,2,5,5,0402,0,0,0,,0,001,"NORD AV","STEWART AV",280.00,S,N,A,-,Y,BUT,3,32,-,-,8.230,H,-,E,N,4,0,1,2,A,-,09,21804,A,N,D,G,A,A,H,-,A,D,0,,Y,,,Y,,D,22,0,0,1,0,0,0,1,0,0,"- ","- ",,,BUTTE,CHICO,-121.85204315185547,39.726436614990234
9300144,2021,2021-08-06,0402,2021-06-20,1837,3815,,7,5,5,0402,0,0,0,,0,005,"PILLSBURY RD","COHASSETT RD",0.00,,Y,A,-,N,,,,,,,,,,N,4,0,2,3,A,-,05,21650,,N,G,B,F,A,H,-,A,A,0,Y,,,,Y,,A,01,0,0,2,0,2,0,0,0,0,"- ","- ",,,BUTTE,CHICO,-121.84385681152344,39.757831573486328
9300884,2021,2021-08-19,0402,2021-07-26,1248,P03283,,1,5,5,0402,0,0,0,,0,,"MANGROVE AV","W 9TH AV",0.00,,Y,A,-,N,,,,,,,,,,Y,3,0,2,2,A,-,09,21801,A,N,D,C,A,A,H,-,A,A,0,,,,,Y,,A,07,0,2,0,0,0,0,0,0,0,"- ","- ",,,BUTTE,CHICO,-121.84388732910156,39.749652862548828
9300889,2021,2021-08-23,0402,2021-07-24,0245,66/3272,,6,5,5,0402,0,0,0,,0,002,"W 5TH ST","MILLER AV",87.00,E,N,A,-,N,,,,,,,,,,Y,4,0,1,1,A,-,01,23152,E,N,E,I,A,A,H,-,C,D,0,,,,,Y,Y,A,01,0,0,1,0,0,0,0,0,0,"- ","- ",,,BUTTE,CHICO,-121.85195159912109,39.7188720703125
9301152,2021,2021-08-18,0402,2021-07-08,1407,1240,,4,5,5,0402,0,0,0,,0,003,"RT 32","CHESTNUT ST",0.00,,Y,A,-,Y,BUT,3,32,-,R,9.263,I,5,E,Y,2,0,2,2,A,-,12,22450,A,N,D,C,A,A,H,-,A,A,0,,,,,Y,,A,01,1,1,0,0,0,0,0,0,0,"- ","- ",,,BUTTE,CHICO,-121.83877563476562,39.723003387451172
9301221,2021,2021-08-30,0405,2021-05-26,1129,GAT01,5S,3,5,4,0405,0,0,0,,0,00S,SKYWAY,"FIR ST",0.00,,Y,A,-,N,,,,,,,,,,Y,2,0,1,1,A,-,05,21650,,N,E,I,A,A,H,-,A,D,0,,,,,Y,,A,01,1,0,0,0,0,0,0,0,0,"- ","- ",39.756179809570312,-121.62610626220703,BUTTE,PARADISE,-121.62608337402344,39.756301879882812
9301296,2021,2021-08-19,0404,2021-07-19,1310,645,E,1,5,3,0404,0,0,0,,0,00E,"OROVILLE DAM RD","ORO DAM BL",0.00,,Y,A,-,N,,,,,,,,,,N,4,0,1,2,A,-,09,21801,A,N,D,C,A,A,H,-,A,D,0,,,Y,,Y,,A,01,0,0,1,0,0,0,0,0,1,"- ","- ",39.508499145507812,-121.54238128662109,BUTTE,OROVILLE,,
9301552,2021,2021-10-18,0402,2021-08-13,2349,37,0402,5,5,5,0402,0,0,0,,0,004,"HUMBOLDT RD","BRUCE RD",0.00,E,N,A,-,N,,,,,,,,,,N,3,0,1,2,A,-,00,20001,A,F,G,B,E,A,H,-,D,D,0,Y,,,,Y,,N,60,0,1,0,0,1,0,0,0,0,"- ","- ",,,BUTTE,CHICO,-121.78767395019531,39.738727569580078
9301686,2021,2023-06-20,0404,2021-06-21,0239,646,W,1,5,3,0404,0,0,0,,0,00W,"BAGGETT MARYSVILLE RD","GEORGIA PACIFIC WY",679.00,S,N,A,-,N,,,,,,,,,,Y,1,1,1,1,A,-,08,22107,,N,E,I,A,A,H,-,D,D,0,,,,,Y,Y,D,22,1,0,0,0,0,0,0,0,0,"- ","- ",39.473098754882812,-121.55802154541016,BUTTE,OROVILLE,-121.55811309814453,39.473114013671875
9301742,2021,2023-06-20,0404,2021-09-05,2040,723,W,7,5,3,0404,0,0,0,,0,00W,"OROVILLE DAM BL EAST","LINCOLN BL",0.00,,Y,A,-,N,,,162,,,,,,,N,1,1,2,2,A,-,03,22350,,N,D,C,A,A,H,-,C,A,0,,,Y,,Y,,C,02,1,0,1,0,0,0,0,1,0,"- ","- ",39.504600524902344,-121.55113983154297,BUTTE,OROVILLE,-121.55103302001953,39.504287719726562
9301744,2021,2023-06-17,0402,2021-09-26,1543,P03283,,7,5,5,0402,0,0,0,,0,,"RT 32","MAIN ST",0.00,,Y,A,-,Y,BUT,3,32,-,-,9.925,I,5,W,Y,1,1,1,2,A,-,12,21453,A,N,D,C,A,A,H,-,A,A,0,,,Y,,Y,,A,07,0,0,1,0,0,0,0,1,0,"- ","- ",,,BUTTE,CHICO,-121.82341766357422,39.734458923339844
9301787,2021,2023-06-17,0402,2021-08-08,2240,6613272,,7,5,5,0402,0,0,0,,0,004,"NOTRE DAME BL","CARSON ST",135.00,S,N,A,-,N,,,,,,,,,,Y,1,1,0,2,A,-,03,22350,,N,D,E,A,A,H,-,C,D,0,,,Y,,Y,,C,02,0,0,0,0,0,0,0,1,0,"- ","- ",,,BUTTE,CHICO,-121.79562377929688,39.724773406982422
9302961,2021,2021-08-19,0404,2021-07-19,1920,714,TH,1,5,3,0404,0,0,0,,0,0TH,"ORO DAM BL WEST","LARKIN RD / 20TH ST",0.00,,Y,A,-,N,,,,,,,,,,Y,3,0,2,3,A,-,12,22450,,N,A,C,A,A,H,-,A,D,0,,,,,Y,,A,01,0,2,0,0,0,0,0,0,0,"- ","- ",39.498058319091797,-121.60917663574219,BUTTE,OROVILLE,-121.60919800000001,39.498049999999999
93051167,2024,2024-07-31,9241,2024-07-23,1905,018879,,2,2,5,0402,0,1,3,,2,100,"SR-99 S/B","SR-32 WB",12.00,N,N,A,-,Y,BUT,,99," ",R,32.482,H,,L,N,4,0,1,1,A,-,08,22107,,N,E,I,A,A,H,-,A,D,0,,,,,Y,,A,01,0,0,1,0,0,0,0,0,0,"- ","- ",39.737148284912109,-121.82057189941406,BUTTE,CHICO,-121.82064056396484,39.737091064453125
93056976,2024,2024-07-31,9240,2024-07-30,1635,020318,,2,2,9,0400,0,3,5,,2,010,"FOOTHILL BLVD","LOWER WYANDOTTE AVE.",0.00,,Y,A,-,N,,,,,,,,,,Y,3,0,1,2,A,-,09,21801,A,N,B,C,A,A,H,-,A,D,0,,,,,Y,,A,07,0,1,0,0,0,0,0,0,0,"- ","- ",39.462871551513672,-121.48110198974609,BUTTE,UNINCORPORATED,-121.48111724853516,39.462902069091797
9307390,2021,2021-10-23,0402,2021-05-14,1409,P01277,83,5,5,5,0402,0,0,0,,0,005,"CEANOTHUS AV","EAST AV",8.00,W,N,A,-,N,,,,,,,,,,N,3,0,2,2,A,-,09,21801,A,N,A,C,A,A,H,-,A,D,0,,,,,Y,,A,01,0,2,0,0,0,0,0,0,0,"- ","- ",,,BUTTE,CHICO,-121.8199462890625,39.761119842529297
9307391,2021,2021-10-23,0402,2021-08-09,0949,560083,0402,1,5,5,0402,0,0,0,,0,001,"W LINDO AV","GUYNN AV",135.00,E,N,A,-,N,,,,,,,,,,Y,4,0,3,2,A,-,05,21650,,N,A,C,A,A,H,-,A,D,0,,,,,Y,,-,,0,0,3,0,0,0,0,0,0,"- ","- ",39.74346923828125,-121.87541961669922,BUTTE,CHICO,-121.87538909912109,39.743461608886719
93097522,2024,2024-08-01,9241,2024-07-31,1105,019972,,3,1,9,0400,0,1,3,,1,060,SR-32,"HUMBOLDT RD.",5808.00,E,N,A,-,Y,BUT,,32," ",R,16.246,H,,R,Y,4,0,1,2,A,-,03,22350,,N,C,2,A,A,H,-,A,D,0,,,,,Y,,A,07,0,0,1,0,0,0,0,0,0,"- ","- ",39.776790618896484,-121.73194122314453,BUTTE,UNINCORPORATED,-121.73198699951172,39.776798248291016
9314653,2021,2021-10-08,0402,2021-08-08,1548,P00677,,7,5,5,0402,0,0,0,,0,,ESPLANADE,"MEMORIAL WY",0.00,,Y,A,-,N,,,,,,,,,,N,3,0,1,2,A,-,12,21453,A,N,D,G,A,A,H,-,A,A,0,,Y,,,Y,Y,L,04,0,1,0,0,0,0,1,0,0,"- ","- ",,,BUTTE,CHICO,-121.84249114990234,39.733253479003906
9314654,2021,2021-10-08,0402,2021-08-06,1041,P012777,,5,5,5,0402,0,0,0,,0,005,"EAST 1ST AV","MAN GROVE AV",3.00,N,N,A,-,N,,,,,,,,,,N,3,0,1,2,A,-,04,21703,,N,C,C,A,A,H,-,A,D,0,,,,,Y,,A,01,0,1,0,0,0,0,0,0,0,"- ","- ",,,BUTTE,CHICO,-121.83779907226562,39.741214752197266
9314801,2021,2021-11-01,0404,2021-08-08,1922,714,E,7,5,3,0404,0,0,0,,0,00E,"ORO DAM BL","LINCOLN ST",0.00,,Y,A,-,N,,,162,,,,,,,Y,3,0,1,6,A,-,12,21453,A,N,A,C,A,A,H,-,A,A,0,,,,,Y,,-,,0,1,0,0,0,0,0,0,0,"- ","- ",39.503868103027344,-121.55225372314453,BUTTE,OROVILLE,-121.55225372314453,39.503871917724609
9314802,2021,2021-10-07,0404,2021-08-16,2228,693,SS,1,5,3,0404,0,0,0,,0,0SS,"LOWER WYANDOTTE RD","CLAREMONT DR",0.00,,Y,A,-,N,,,,,,,,,,N,3,0,2,2,A,-,03,22350,,N,E,J,A,A,H,-,D,D,0,,,,,Y,,A,01,0,2,0,0,0,0,0,0,0,"- ","- ",39.495079040527344,-121.53054046630859,BUTTE,OROVILLE,-121.53061676025391,39.495510101318359
9315921,2021,2021-10-07,0403,2021-08-05,1948,P214,,4,5,2,0403,0,0,0,,0,,"KENTUCKY ST","KENTUCKY ST 140",0.00,,Y,A,-,N,,,,,,,,,,N,4,0,1,1,A,-,08,22107,,M,E,I,A,A,H,-,A,D,0,,,,,Y,,D,22,0,0,1,0,0,0,0,0,0,"- ","- ",39.359691619873047,-121.69416046142578,BUTTE,GRIDLEY,-121.695087,39.359676999999998
9315933,2021,2021-09-16,0403,2021-08-24,1702,P73,,2,5,2,0403,0,0,0,,0,,"RT 99","HAZEL ST",0.00,,Y,A,-,Y,BUT,3,32,-,R,9.236,I,5,W,N,3,0,1,2,A,-,12,21453,A,N,D,C,A,A,H,-,A,A,0,,,,,Y,,D,22,0,1,0,0,0,0,0,0,0,"- ","- ",39.365970611572266,-121.68792724609375,BUTTE,GRIDLEY,-121.84037017822266,39.723094940185547
9315987,2021,2021-09-15,0404,2021-08-12,1853,724,,4,5,3,0404,0,0,0,,0,00W,"MIDDLEHOFF LN","OROVILLE DAM BL W",0.00,,Y,A,-,N,,,,,,,,,,Y,3,0,1,4,A,-,08,22102,,N,B,C,A,A,H,-,A,A,0,,,,Y,Y,,G,,0,1,0,0,0,0,0,0,0,"- ","- ",39.498039245605469,-121.58316040039062,BUTTE,OROVILLE,-121.5831298828125,39.498046875
9316412,2021,2021-10-06,0402,2021-08-23,1708,P00503,,1,5,5,0402,0,0,0,,0,,"EAST PARK AV","DR MLK JR PKWY",0.00,,Y,A,-,N,,,,,,,,,,Y,3,0,3,2,A,-,12,21453,,N,D,C,A,A,H,-,A,A,0,,,,,Y,,A,01,0,3,0,0,0,0,0,0,0,"- ","- ",,,BUTTE,CHICO,-121.80712890625,39.714748382568359
9316413,2021,2021-10-05,0402,2021-08-29,1137,83,0402,7,5,5,0402,0,0,0,,0,004,"FOREST AV","FOREST AV 2292",0.00,,N,A,-,N,,,,,,,,,,Y,3,0,1,2,A,-,08,22107,,N,E,I,A,A,H,-,A,D,0,,,,,Y,,A,01,0,1,0,0,0,0,0,0,0,"- ","- ",,,BUTTE,CHICO,-121.802797,39.720441000000001
9316460,2021,2021-09-20,0405,2021-08-06,2340,TUC01,11S,5,5,4,0405,0,0,0,,0,,"ROE RD","FOSTER RD",0.00,,Y,A,-,N,,,,,,,,,,Y,2,0,1,1,A,-,01,23152,A,N,E,I,A,A,H,-,D,A,0,,,,,Y,Y,-,,1,0,0,0,0,0,0,0,0,"- ","- ",39.741069793701172,-121.62682342529297,BUTTE,PARADISE,-121.62676239013672,39.741085052490234
9317327,2021,2021-09-21,0404,2021-08-05,0825,699,W,4,5,3,0404,0,0,0,,0,00W,"MYERS ST","HIGH ST",0.00,,Y,A,-,N,,,,,,,,,,Y,3,0,1,1,A,-,"- ",,,N,E,I,A,A,H,-,A,D,0,,,,,Y,,A,01,0,1,0,0,0,0,0,0,0,"- ","- ",39.511558532714844,-121.55416107177734,BUTTE,OROVILLE,-121.55410766601562,39.511520385742188
9317328,2021,2021-09-17,0404,2021-08-11,1951,703,W,3,5,3,0404,0,0,0,,0,00W,"PINE ST","MONTGOMERY ST",0.00,,Y,A,-,N,,,,,,,,,,N,4,0,1,2,A,-,09,21802,,N,D,C,A,A,H,-,A,A,0,,,,,Y,,A,07,0,0,1,0,0,0,0,0,0,"- ","- ",39.512588500976562,-121.55986022949219,BUTTE,OROVILLE,-121.55982971191406,39.512619018554688
9317764,2021,2021-09-21,0405,2021-08-16,0906,MAY01,7S,1,5,4,0405,0,0,0,,0,00S,"CLARK RD","PEARSON RD",249.00,S,N,F,-,N,,,191,,,,,,,N,4,0,2,2,A,-,09,21804,A,N,D,C,A,A,H,-,A,D,0,,,,,Y,,A,01,0,0,2,0,0,0,0,0,0,"- ","- ",39.75225830078125,-121.60774993896484,BUTTE,PARADISE,-121.60776519775391,39.75225830078125
9318305,2021,2021-11-03,0405,2021-09-01,2134,ARC01,7S,3,5,4,0405,0,0,0,,0,00S,"NUNNELEY RD","CLARK RD",0.00,,Y,A,-,N,,,,,,,,,,Y,3,0,1,1,A,-,05,21650,,N,E,I,A,A,H,-,C,A,0,,,Y,,Y,,C,02,0,1,0,0,0,0,0,0,1,"- ","- ",39.755390167236328,-121.60803985595703,BUTTE,PARADISE,-121.607421875,39.755889892578125
9319619,2021,2021-09-30,0404,2021-08-18,1219,693,TH,3,5,3,0404,0,0,0,,0,0TH,"GRAND AV","FOGG AV",0.00,,Y,A,-,N,,,,,,,,,,Y,3,0,1,3,A,-,08,22107,,N,B,C,A,A,H,-,A,D,0,,,,,Y,,A,01,0,1,0,0,0,0,0,0,0,"- ","- ",39.519229888916016,-121.56564331054688,BUTTE,OROVILLE,-121.56398773193359,39.518566131591797
9319620,2021,2021-09-30,0404,2021-08-15,2208,723,W,7,5,3,0404,0,0,0,,0,00W,"OPHIR RD","BAGGETT MARYSVILLE RD",1072.00,E,N,A,-,N,,,,,,,,,,Y,3,0,1,1,A,-,03,22350,,N,E,J,A,A,H,-,D,D,0,,,,,Y,,A,01,0,1,0,0,0,0,0,0,0,"- ","- ",39.465518951416016,-121.56851196289062,BUTTE,OROVILLE,-121.56428527832031,39.465225219726562
9319898,2021,2021-09-21,0405,2021-08-19,1323,MAY01,2N,4,5,4,0405,0,0,0,,0,00N,SKYWAY,"LISA LN",114.00,N,N,A,-,N,,,,,,,,,,N,2,0,1,2,A,-,05,21651,A,N,D,J,A,A,H,-,A,D,0,,,Y,,Y,,D,22,1,0,0,0,0,0,0,0,1,"- ","- ",39.774940490722656,-121.6102294921875,BUTTE,PARADISE,-121.61070251464844,39.773727416992188
9320011,2021,2021-11-02,0404,2021-09-08,0622,722,,3,5,3,0404,0,0,0,,0,0CO,"RT 162","14TH ST",0.00,,Y,A,-,Y,BUT,3,162,-,-,14.560,H,-,E,N,1,1,0,2,A,-,11,21954,A,N,G,B,D,A,H,-,B,D,0,Y,,,,Y,,N,60,0,0,0,1,0,0,0,0,0,"- ","- ",39.498050689697266,-121.59600830078125,BUTTE,OROVILLE,-121.59907531738281,39.498054504394531
9320021,2021,2021-11-01,0402,2021-10-07,1409,46,CPD,4,5,5,0402,0,0,0,,0,004,SKYWAY,"RT 99",0.00,,Y,A,-,Y,BUT,3,99,-,R,30.358,R,4,N,Y,1,1,1,3,A,-,12,21453,A,F,D,C,A,A,H,-,A,A,0,,,,,Y,,A,01,0,0,1,0,0,0,0,0,0,"- ",NF,,,BUTTE,CHICO,-121.79776000976562,39.711978912353516
9320464,2022,2022-03-03,0402,2022-01-29,1835,4137,,6,5,5,0402,0,0,0,,0,004,"NOTRE DAME BL","FOREST AV",387.00,S,N,A,-,N,,,,,,,,,,N,1,1,0,2,A,-,11,21954,A,N,G,B,D,A,H,-,D,D,0,Y,,,,Y,,N,60,0,0,0,1,0,0,0,0,0,"- ","- ",,,BUTTE,CHICO,-121.79531860351562,39.717018127441406
9320663,2022,2022-05-20,0402,2022-03-20,1857,3283,0402,7,5,5,0402,0,0,0,,0,004,"RT 32","FOREST AV",157.00,W,N,A,-,Y,BUT,3,32,-,-,10.980,H,-,E,Y,1,1,1,1,A,-,08,22107,,N,E,I,A,-,-,-,C,D,0,,,,,Y,,D,22,1,0,0,0,0,0,0,0,0,"- ","- ",,,BUTTE,CHICO,-121.80551910400391,39.739246368408203
9320717,2022,2022-05-25,0405,2022-04-13,1909,ARC01,10S,3,5,4,0405,0,0,0,,0,00S,SKYWAY,"BAY TREE DR",305.00,N,N,B,-,N,,,,,,,,,,Y,1,1,0,1,A,-,05,21650,,N,F,A,A,A,H,-,A,D,0,,,,,Y,,D,72,0,0,0,0,0,0,0,0,0,"- ","- ",39.7440185546875,-121.6551513671875,BUTTE,PARADISE,-121.65419769287109,39.741535186767578
9320794,2022,2022-06-14,0402,2022-04-18,1001,35-00363,0402,1,5,5,0402,0,0,0,,0,006,"1115 ELEANDER AV","E. 1ST AV",0.00,,-,A,-,N,,,,,,,,,,N,1,1,0,2,A,-,05,21202,A,N,C,E,A,A,E,-,A,D,0,,Y,,,Y,Y,L,04,0,0,0,0,0,1,0,0,0,"- ","- ",,,BUTTE,CHICO,-121.84398651123047,39.738536834716797
9320803,2022,2022-06-21,0404,2022-05-02,2323,744,SS,1,5,3,0404,0,0,0,,0,0SS,"ROSEBEN AV","B ST",0.00,,Y,A,-,N,,,,,,,,,,Y,1,1,0,2,A,-,07,21658,,N,C,C,A,A,H,-,C,D,0,,,,,Y,Y,A,01,0,0,0,0,0,0,0,0,0,"- ","- ",39.499618530273438,-121.54538726806641,BUTTE,OROVILLE,-121.54534149169922,39.498813629150391
9320956,2022,2022-08-23,0402,2022-06-24,1257,35-00363,0402,5,5,5,0402,0,0,0,,0,006,"AMBER GROVE DR",ESPLANADE,0.00,,-,A,-,N,,,,,,,,,,Y,1,1,0,2,A,-,05,21650,,N,E,E,A,A,H,-,A,D,0,,,,,Y,,A,01,0,0,0,0,0,0,0,0,0,"- ","- ",,,BUTTE,CHICO,-121.87084197998047,39.766193389892578