CASE_ID,ACCIDENT_YEAR,PROC_DATE,JURIS,COLLISION_DATE,COLLISION_TIME,OFFICER_ID,REPORTING_DISTRICT,DAY_OF_WEEK,CHP_SHIFT,POPULATION,CNTY_CITY_LOC,SPECIAL_COND,BEAT_TYPE,CHP_BEAT_TYPE,CITY_DIVISION_LAPD,CHP_BEAT_CLASS,BEAT_NUMBER,PRIMARY_RD,SECONDARY_RD,DISTANCE,DIRECTION,INTERSECTION,WEATHER_1,WEATHER_2,STATE_HWY_IND,CALTRANS_COUNTY,CALTRANS_DISTRICT,STATE_ROUTE,ROUTE_SUFFIX,POSTMILE_PREFIX,POSTMILE,LOCATION_TYPE,RAMP_INTERSECTION,SIDE_OF_HWY,TOW_AWAY,COLLISION_SEVERITY,NUMBER_KILLED,NUMBER_INJURED,PARTY_COUNT,PRIMARY_COLL_FACTOR,PCF_CODE_OF_VIOL,PCF_VIOL_CATEGORY,PCF_VIOLATION,PCF_VIOL_SUBSECTION,HIT_AND_RUN,TYPE_OF_COLLISION,MVIW,PED_ACTION,ROAD_SURFACE,ROAD_COND_1,ROAD_COND_2,LIGHTING,CONTROL_DEVICE,CHP_ROAD_TYPE,PEDESTRIAN_ACCIDENT,BICYCLE_ACCIDENT,MOTORCYCLE_ACCIDENT,TRUCK_ACCIDENT,NOT_PRIVATE_PROPERTY,ALCOHOL_INVOLVED,STWD_VEHTYPE_AT_FAULT,CHP_VEHTYPE_AT_FAULT,COUNT_SEVERE_INJ,COUNT_VISIBLE_INJ,COUNT_COMPLAINT_PAIN,COUNT_PED_KILLED,COUNT_PED_INJURED,COUNT_BICYCLIST_KILLED,COUNT_BICYCLIST_INJURED,COUNT_MC_KILLED,COUNT_MC_INJURED,PRIMARY_RAMP,SECONDARY_RAMP,LATITUDE,LONGITUDE,COUNTY,CITY,POINT_X,POINT_Y
9438971,2022,2022-05-17,0404,2022-04-21,1223,732,,4,5,3,0404,0,0,0,,0,0CO,"GEORGIA PACIFIC WY","FEATHER RIVER BL",0.00,,-,A,-,N,,,,,,,,,,Y,3,0,2,2,A,-,12,22450,A,N,A,C,A,-,H,-,A,A,0,,,,,Y,,A,01,0,2,0,0,0,0,0,0,0,"- ","- ",,,BUTTE,OROVILLE,-121.57478332519531,39.477401733398438
94390471,2024,2024-09-11,9240,2024-09-08,2010,019842,,7,2,9,0400,0,3,5,,2,010,"UPPER PALERMO ROAD","N. VILLA ROAD",19.00,N,N,A,-,N,,,,,,,,,,Y,3,0,5,2,A,-,05,21650,,N,A,C,A,A,H,-,D,A,0,,,,,Y,,A,07,0,5,0,0,0,0,0,0,0,"- ","- ",39.438621520996094,-121.53768157958984,BUTTE,UNINCORPORATED,-121.53764343261719,39.438571929931641
94391356,2024,2024-09-12,9241,2024-09-11,1745,018106,,3,2,9,0400,0,1,3,,2,081,"SR-99 S/B","NEAL RD",4500.00,N,N,A,-,Y,BUT,,99," "," ",26.686,H,,L,Y,4,0,1,2,A,-,03,22350,,N,C,C,A,A,H,-,A,D,0,,,,Y,Y,,-,"- ",0,0,1,0,0,0,0,0,0,"- ","- ",39.672050476074219,-121.75250244140625,BUTTE,UNINCORPORATED,-121.75244140625,39.672096252441406
94393317,2024,2024-09-13,9241,2024-09-12,1130,019006,,4,1,9,0400,0,3,5,,2,008,"OROVILLE CHICO HWY",MIDWAY,50.00,E,N,A,-,N,,,,,,,,,,Y,4,0,1,2,A,-,03,22350,,N,C,C,A,A,H,-,A,D,0,,,,,Y,,A,01,0,0,1,0,0,0,0,0,0,"- ","- ",39.683319091796875,-121.79669189453125,BUTTE,UNINCORPORATED,-121.79677581787109,39.683380126953125
94393406,2024,2024-09-13,9240,2024-09-06,2305,023133,,5,3,9,0400,0,1,3,,1,021,SR-162,SR-99,0.00,,Y,A,-,Y,BUT,,162," "," ",9.722,H,,R,Y,4,0,1,2,A,-,09,21802,A,N,D,C,A,A,H,-,C,A,0,,,,,Y,,A,07,0,0,1,0,0,0,0,0,0,"- ","- ",39.465190887451172,-121.68855285644531,BUTTE,UNINCORPORATED,-121.68855285644531,39.465217590332031
94394970,2024,2024-09-16,9240,2024-08-24,1751,022956,,6,2,9,0400,0,1,3,,1,011,SR-70,"OPHIR RD",4752.00,S,N,B,-,Y,BUT,,70," "," ",10.602,H,,R,Y,3,0,1,2,A,-,07,21658,A,F,H,A,A,A,H,-,A,D,0,,,,,Y,,-,99,0,1,0,0,0,0,0,0,0,"- ","- ",39.453201293945312,-121.58931732177734,BUTTE,UNINCORPORATED,-121.58916473388672,39.453113555908203
94395080,2024,2024-09-16,9240,2024-09-08,1850,019256,,7,2,9,0400,0,3,5,,2,020,"RIO BONITO RD","MERI MARK RD.",1290.00,W,N,A,-,N,,,,,,,,,,Y,2,0,5,1,A,-,03,22350,,M,E,8,A,A,H,-,B,D,0,,,,,Y,,A,01,3,2,0,0,0,0,0,0,0,"- ","- ",39.427909851074219,-121.67878723144531,BUTTE,UNINCORPORATED,-121.67878723144531,39.427883148193359
94395321,2024,2024-09-16,9241,2024-09-07,"130 ",023527,,6,3,5,0402,0,1,3,,2,100,"SR-99 S/B","EATON RD",3696.00,N,N,A,-,Y,BUT,,99," ",R,37.014,H,,L,Y,2,0,1,1,A,-,08,22107,,N,F,A,A,A,H,-,D,D,0,,,Y,,Y,,C,02,1,0,0,0,0,0,0,0,1,"- ","- ",39.781791687011719,-121.88272094726562,BUTTE,CHICO,-121.88264465332031,39.781845092773438
94399003,2024,2024-09-18,9241,2024-09-16,"935 ",014929,,1,1,9,0400,0,1,3,,2,081,"SR-99 NB","NEAL ROAD",425.00,N,N,A,-,Y,BUT,,99," "," ",26.123,H,,R,Y,3,0,2,5,A,-,03,22350,,N,C,C,A,A,D,-,A,D,0,,,,,Y,,A,01,0,1,1,0,0,0,0,0,0,"- ","- ",39.666538238525391,-121.74476623535156,BUTTE,UNINCORPORATED,-121.74474334716797,39.666561126708984
94399613,2024,2024-09-18,9241,2024-09-12,1625,022635,,4,2,9,0400,0,2,4,,2,094,"PENTZ RD","MESSILLA VALLEY RD",0.00,,Y,A,-,N,,,,,,,,,,N,4,0,2,2,A,-,09,21800,A,N,D,C,A,A,H,-,A,A,0,,,,,Y,,D,22,0,0,2,0,0,0,0,0,0,"- ","- ",39.668941497802734,-121.572021484375,BUTTE,UNINCORPORATED,-121.57198333740234,39.668968200683594
94402490,2024,2024-09-20,9241,2024-09-19,"935 ",019972,,4,1,9,0400,0,1,3,,2,081,"SR-99 N/B","SOUTHGATE AVE",100.00,S,N,A,-,Y,BUT,,99," "," ",29.337,H,,R,N,4,0,1,2,A,-,03,22350,,M,C,C,A,A,H,-,A,D,0,,,,,Y,,D,22,0,0,1,0,0,0,0,0,0,"- ","- ",39.700859069824219,-121.78533935546875,BUTTE,UNINCORPORATED,-121.78529357910156,39.700889587402344
94404141,2024,2024-09-23,9241,2024-09-11,1720,020686,,3,2,9,0400,0,1,3,,2,081,"SB SR-99","NEAL RD",1300.00,S,N,A,-,Y,BUT,,99," "," ",25.800,H,,R,Y,2,0,1,3,A,-,03,22350,,N,C,C,A,A,H,-,A,D,0,,,Y,,Y,,A,07,1,0,0,0,0,0,0,0,1,"- ","- ",39.663200378417969,-121.74066162109375,BUTTE,UNINCORPORATED,-121.740478515625,39.663345336914062
94404232,2024,2024-09-23,9241,2024-09-21,"550 ",019972,,6,3,9,0400,0,3,5,,2,007,"DOGTOWN RD.",SKYWAY,3168.00,E,N,A,-,N,,,,,,,,,,Y,3,0,1,1,A,-,08,22107,,N,E,J,A,A,H,-,D,D,0,,,,,Y,,A,01,0,1,0,0,0,0,0,0,0,"- ","- ",39.821769714355469,-121.58950042724609,BUTTE,UNINCORPORATED,-121.59050750732422,39.823772430419922
9440664,2022,2022-05-09,0404,2022-04-14,1149,746,,4,5,3,0404,0,0,0,,0,00W,"OROVILLE DAM BL W","12TH ST",0.00,,Y,C,-,N,,,,,,,,,,N,4,0,1,2,A,-,10,21950,,N,G,B,F,B,-,-,A,A,0,Y,,,,Y,,-,,0,0,1,0,0,0,0,0,0,"- ","- ",39.498039245605469,-121.59159088134766,BUTTE,OROVILLE,-121.59159088134766,39.498046875
9440665,2022,2022-05-09,0404,2022-04-13,1229,740,W,3,5,3,0404,0,0,0,,0,00W,"OROVILLE DAM BL EAST","BROWN AV",0.00,,Y,A,-,N,,,,,,,,,,N,3,0,1,2,A,-,11,21955,,N,H,G,A,A,H,-,A,D,0,,Y,,,Y,,L,04,0,1,0,0,0,0,0,0,0,"- ","- ",39.508491516113281,-121.54232788085938,BUTTE,OROVILLE,-121.54866027832031,39.505084991455078
9440666,2022,2022-05-09,0404,2022-04-05,1300,743,E,2,5,3,0404,0,0,0,,0,00E,"MYERS ST","WYANDOTTE AV",0.00,,Y,A,-,N,,,,,,,,,,Y,3,0,1,1,A,-,12,22450,A,N,D,D,A,A,H,-,A,A,0,,,,,Y,,A,01,0,1,0,0,0,0,0,0,0,"- ","- ",39.500358581542969,-121.54843902587891,BUTTE,OROVILLE,-121.54837799072266,39.500350952148438
9440667,2022,2022-05-09,0404,2022-04-10,1919,703,SS,7,5,3,0404,0,0,0,,0,0SS,"OROVILLE BANGOR HWY","BURLINGTON AV",543.00,E,N,A,-,N,,,,,,,,,,N,2,0,1,1,A,-,00,23103,,N,E,J,A,A,H,-,B,D,0,,,Y,,Y,,C,02,1,0,0,0,0,0,0,0,1,"- ","- ",39.494029998779297,-121.54170227050781,BUTTE,OROVILLE,-121.53990936279297,39.493618011474609
94406720,2024,2024-09-24,9241,2024-09-22,1935,020638,,7,2,9,0400,0,3,5,,2,007,"WILDLIFE DR.","MAGALIA DR.",378.00,N,N,A,-,N,,,,,,,,,,Y,3,0,1,2,A,-,08,22107,,N,B,E,A,A,H,-,D,D,0,,,,,Y,,A,01,0,1,0,0,0,0,0,0,0,"- ","- ",39.846458435058594,-121.58843994140625,BUTTE,UNINCORPORATED,-121.58831787109375,39.846408843994141
94407656,2024,2024-09-25,9240,2024-09-13,"602 ",022662,,5,1,9,0400,0,3,5,,2,030,"10TH STREET","GRAND AVENUE",8.00,N,N,A,-,N,,,,,,,,,,Y,3,0,1,1,A,-,01,23152,F,N,E,8,A,A,H,-,D,D,0,,,,,Y,,A,07,0,1,0,0,0,0,0,0,0,"- ","- ",39.513931274414062,-121.58717346191406,BUTTE,UNINCORPORATED,-121.58716583251953,39.513881683349609
94407700,2024,2024-09-25,9240,2024-09-18,1550,017532,,3,2,9,0400,0,3,5,,2,010,"OPHIR RD.","COMMERCIAL WAY",550.00,E,N,A,-,N,,,,,,,,,,N,4,0,3,3,A,-,03,22350,,M,C,C,A,A,H,-,A,D,0,,,,,Y,,D,22,0,0,3,0,0,0,0,0,0,"- ","- ",39.465690612792969,-121.55290222167969,BUTTE,UNINCORPORATED,-121.55303955078125,39.465709686279297
94407717,2024,2024-09-25,9240,2024-09-19,1947,022628,,4,2,9,0400,0,3,5,,2,030,"GRAND AVE","14TH STREET",0.00,,Y,A,-,N,,,,,,,,,,Y,3,0,1,2,A,-,09,21801,A,N,A,C,A,A,H,-,B,D,0,,,,,Y,,A,01,0,1,0,0,0,0,0,0,0,"- ","- ",39.511409759521484,-121.59599304199219,BUTTE,UNINCORPORATED,-121.595947265625,39.51141357421875
94408351,2024,2024-09-25,9240,2024-09-13,1155,018841,,5,1,9,0400,0,3,5,,2,010,"S. VILLA RD.","RESERVOIR RD.",75.00,W,N,A,-,N,,,,,,,,,,N,3,0,1,1,A,-,03,22350,,N,F,A,A,A,H,-,A,D,0,,,Y,,Y,,-,"- ",0,1,0,0,0,0,0,0,1,"- ","- ",39.431720733642578,-121.52072143554688,BUTTE,UNINCORPORATED,-121.52056884765625,39.431770324707031
94408358,2024,2024-09-25,9240,2024-09-21,1949,022628,,6,2,9,0400,0,1,3,,2,031,"NB SR-70","RT 162",1000.00,N,N,A,-,Y,BUT,,70," "," ",14.192,H,,R,Y,4,0,1,1,A,-,03,22350,,N,E,I,A,A,H,-,D,D,0,,,,,Y,,E,22,0,0,1,0,0,0,0,0,0,"- ","- ",39.501991271972656,-121.57459259033203,BUTTE,UNINCORPORATED,-121.57450103759766,39.501979827880859
94409701,2024,2024-09-26,9240,2024-09-18,"815 ",019055,,3,1,9,0400,0,3,5,,2,010,"UPPER PALERMO RD","PINECREST RD",210.00,N,N,B,-,N,,,,,,,,,,Y,4,0,5,1,A,-,08,22107,,N,E,I,A,A,H,-,A,D,0,,,,,Y,,A,07,0,0,5,0,0,0,0,0,0,"- ","- ",39.459510803222656,-121.53098297119141,BUTTE,UNINCORPORATED,-121.53097534179688,39.459484100341797
94409947,2024,2024-09-26,9241,2024-08-17,2349,023527,,6,3,9,0400,0,2,4,,2,090,"SKYWAY W/B","MEDIA WAY",1056.00,E,N,A,-,N,,,,,,,,,,Y,1,1,0,1,A,-,08,22107,,N,E,8,A,A,H,-,D,D,0,,,Y,,Y,,C,02,0,0,0,0,0,0,0,1,0,"- ","- ",39.731479644775391,-121.67723846435547,BUTTE,UNINCORPORATED,-121.67745208740234,39.731243133544922
94409987,2024,2024-09-26,9241,2024-08-24,2257,023513,,6,3,9,0400,0,2,4,,1,082,MIDWAY,"COLONY RD",900.00,S,N,B,-,N,,,,,,,,,,Y,1,1,0,1,A,-,08,22107,,N,F,I,A,A,H,-,D,D,0,,,,,Y,,D,22,0,0,0,0,0,0,0,0,0,"- ","- ",39.545799255371094,-121.76264190673828,BUTTE,UNINCORPORATED,-121.76287841796875,39.546466827392578
94410078,2024,2024-09-26,9240,2024-09-15,"300 ",023692,,7,3,9,0400,0,3,5,,2,010,"FOOTHILL BLVD","MOUNTAIN VIEW DRIVE",605.00,S,N,A,-,N,,,,,,,,,,Y,3,0,1,1,A,-,08,22107,,N,E,8,A,A,H,-,D,D,0,,,,,Y,,D,22,0,1,0,0,0,0,0,0,0,"- ","- ",39.492198944091797,-121.51123809814453,BUTTE,UNINCORPORATED,-121.51128387451172,39.492290496826172
94410720,2024,2024-09-27,9241,2024-09-22,"930 ",019972,,7,1,9,0400,0,3,5,,2,006,"HUMBOLDT RD.",SKYWAY,1584.00,S,N,A,-,N,,,,,,,,,,N,2,0,1,1,A,-,08,22107,,N,F,A,A,A,H,-,A,D,0,,,Y,,Y,,-,"- ",1,0,0,0,0,0,0,0,1,"- ","- ",40.079418182373047,-121.55818939208984,BUTTE,UNINCORPORATED,-121.5565185546875,40.079601287841797
94411083,2024,2024-09-27,9240,2024-09-25,1500,022628,,3,2,9,0400,0,3,5,,2,010,"FORBESTOWN ROAD","POWELL RIDGE RD",1000.00,W,N,A,-,N,,,,,,,,,,Y,3,0,1,1,A,-,08,22107,,N,F,A,A,A,H,-,A,D,0,,,,Y,Y,,G,25,0,1,0,0,0,0,0,0,0,"- ","- ",39.507438659667969,-121.35009002685547,BUTTE,UNINCORPORATED,-121.35189056396484,39.505863189697266
94411467,2024,2024-09-27,9241,2024-09-27,"735 ",016360,,5,1,9,0400,0,1,3,,1,061,"SR-99 N/B","HAMILTON NORD CANA HIGHWAY",500.00,S,N,A,-,Y,BUT,,99," "," ",43.875,H,,R,Y,3,0,1,1,A,-,08,22107,,N,F,A,A,A,H,-,A,D,0,,,Y,,Y,,C,02,0,1,0,0,0,0,0,0,1,"- ","- ",39.858428955078125,-121.95510864257812,BUTTE,UNINCORPORATED,-121.95510864257812,39.858432769775391
94411472,2024,2024-09-27,9241,2024-09-25,1600,020686,,3,2,9,0400,0,1,3,,1,061,SR-99,"HAMILTON NORD CANA HWY",3660.00,S,N,A,-,Y,BUT,,99," "," ",43.289,H,,R,Y,2,0,1,2,A,-,01,23152,A,N,D,C,A,A,H,-,A,D,0,,,Y,,Y,Y,C,02,1,0,0,0,0,0,0,0,1,"- ","- ",39.851081848144531,-121.94979095458984,BUTTE,UNINCORPORATED,-121.94976806640625,39.851089477539062
94412536,2024,2024-09-30,9241,2024-09-27,1640,020686,,5,2,5,0402,0,1,3,,2,100,"SB SR-99","COHASSET RD",780.00,S,N,A,-,Y,BUT,,99," ",R,34.106,H,,R,Y,4,0,1,2,A,-,03,22350,,N,C,C,A,A,H,-,A,D,0,,,,,Y,,A,01,0,0,1,0,0,0,0,0,0,"- ","- ",39.752918243408203,-121.84307861328125,BUTTE,CHICO,-121.84293365478516,39.753074645996094
94412703,2024,2024-09-30,9240,2024-09-19,1948,023133,,4,2,9,0400,0,3,5,,2,010,"MINERS RANCH RD","MOUNT IDA RD",1478.00,S,N,A,-,N,,,,,,,,,,N,3,0,1,1,A,-,01,23152,A,N,E,I,A,A,H,-,D,D,0,,,,,Y,Y,D,22,0,1,0,0,0,0,0,0,0,"- ","- ",39.487888336181641,-121.45697021484375,BUTTE,UNINCORPORATED,-121.45714569091797,39.487918853759766
94413019,2024,2024-10-16,9241,2024-09-28,1305,019006,,6,1,9,0400,0,1,3,,1,061,"SR99 SB","ANDERSON BROTHERS DRIVE",0.00,,Y,A,-,Y,BUT,,99," "," ",38.791,H,,L,Y,4,0,4,3,A,-,09,21801,A,N,D,C,A,A,H,-,A,D,0,,,,,Y,,A,01,0,0,4,0,0,0,0,0,0,"- ","- ",39.797088623046875,-121.90287780761719,BUTTE,UNINCORPORATED,-121.90290069580078,39.797080993652344
9441361,2022,2022-05-20,0402,2022-04-22,2152,P00923,43,5,5,5,0402,0,0,0,,0,003,"E 8TH ST","SYCAMORE ST",0.00,,Y,A,-,N,,,,,,,,,,Y,3,0,2,2,A,-,03,22350,,N,E,E,A,A,H,-,C,D,0,,,,,Y,,A,01,0,1,1,0,0,0,0,0,0,"- ","- ",39.732898712158203,-121.82830047607422,BUTTE,CHICO,-121.82733917236328,39.731822967529297
9441362,2022,2022-06-13,0402,2022-04-23,0148,4137,,6,5,5,0402,0,0,0,,0,003,"E 8TH ST","CYPRESS ST",33.00,E,N,A,-,N,,,,,,,,,,Y,4,0,4,2,A,-,01,23152,A,N,C,C,A,A,H,-,C,A,0,,,,,Y,Y,-,,0,0,4,0,0,0,0,0,0,"- ","- ",,,BUTTE,CHICO,-121.83000946044922,39.730010986328125
9441363,2022,2022-05-20,0402,2022-04-12,1046,P03283,0402,2,5,5,0402,0,0,0,,0,006,"EAST AV",ESPLANADE,0.00,,Y,A,-,N,,,,,,,,,,Y,3,0,2,2,A,-,09,21800,A,N,D,C,A,A,H,-,A,A,0,,,,,Y,,-,,0,1,1,0,0,0,0,0,0,"- ","- ",,,BUTTE,CHICO,-121.86139678955078,39.756717681884766
9441365,2022,2022-05-26,0402,2022-04-25,0908,P03283,0402,1,5,5,0402,0,0,0,,0,001,"W 11TH AV","MEADOW RD",0.00,,Y,A,-,N,,,,,,,,,,Y,3,0,3,2,A,-,09,21802,A,N,D,C,A,A,H,-,A,A,0,,,,,Y,,A,01,0,2,1,0,0,0,0,0,0,"- ","- ",,,BUTTE,CHICO,-121.86545562744141,39.743099212646484
94413679,2024,2024-09-30,9241,2024-09-30,1040,020379,,1,1,9,0400,0,1,3,,2,081,"SR-99 S/B","NEAL RD.",1000.00,N,N,A,-,Y,BUT,,99," "," ",26.239,H,,L,Y,4,0,3,2,A,-,03,22350,,N,C,C,A,A,H,-,A,A,0,,,,,Y,,A,01,0,0,3,0,0,0,0,0,0,"- ","- ",39.667579650878906,-121.74642181396484,BUTTE,UNINCORPORATED,-121.74642181396484,39.667579650878906
94415259,2024,2024-10-01,9240,2024-09-21,"339 ",023133,,6,3,9,0400,0,3,5,,2,010,"FOOTHILL BLVD S/B","ORO BANGOR HWY",351.00,N,N,A,-,N,,,,,,,,,,Y,4,0,1,1,A,-,01,23152,A,N,E,I,A,A,H,-,D,D,0,,,,,Y,Y,A,01,0,0,1,0,0,0,0,0,0,"- ","- ",39.486068725585938,-121.50803375244141,BUTTE,UNINCORPORATED,-121.50788116455078,39.485950469970703
94416455,2024,2024-10-02,9241,2024-09-28,"25  ",023527,,6,3,9,0400,0,1,3,,2,081,"SR-99 SB","NEAL RD",1800.00,N,N,A,-,Y,BUT,,99," "," ",26.433,H,,L,Y,3,0,1,1,A,-,01,23152,A,N,E,8,A,A,H,-,D,D,0,,,,,Y,Y,A,01,0,1,0,0,0,0,0,0,0,"- ","- ",39.669521331787109,-121.74904632568359,BUTTE,UNINCORPORATED,-121.74903106689453,39.669532775878906
94416551,2024,2024-10-02,9241,2024-09-27,1710,022635,,5,2,5,0402,0,1,3,,2,100,"SR-99 S/B","EAST AVE",1060.00,N,N,A,-,Y,BUT,,99," ",R,35.144,H,,L,N,4,0,1,2,A,-,03,22350,,N,C,C,A,A,H,-,A,D,0,,,,,Y,,A,01,0,0,1,0,0,0,0,0,0,"- ","- ",39.762248992919922,-121.85836029052734,BUTTE,CHICO,-121.85839080810547,39.762229919433594
94417088,2024,2024-10-02,9241,2024-10-02,1100,019972,,3,1,9,0400,0,2,4,,2,090,"SKYWAY W/B","ROCKY BLUFF RD",4224.00,E,N,A,-,N,,,,,,,,,,Y,4,0,1,1,A,-,08,22107,,N,E,J,A,A,H,-,A,D,0,,,,,Y,,A,01,0,0,1,0,0,0,0,0,0,"- ","- ",39.711090087890625,-121.71852874755859,BUTTE,UNINCORPORATED,-121.71942901611328,39.710765838623047
94418408,2024,2024-10-03,9240,2024-10-01,1535,019256,,2,2,9,0400,0,3,5,,2,010,"GRUBBS RD.","ALTA AIROSA DR.",435.00,W,N,A,-,N,,,,,,,,,,Y,4,0,1,1,A,-,08,22107,,N,E,8,A,A,H,-,A,D,0,,,,,Y,,A,01,0,0,1,0,0,0,0,0,0,"- ","- ",39.433658599853516,-121.47837066650391,BUTTE,UNINCORPORATED,-121.47829437255859,39.433612823486328
94418573,2024,2024-10-03,9241,2024-09-28,1045,019006,,6,1,9,0400,0,2,4,,2,071,SKYWAY,"RETSON ROAD",20.00,N,N,A,-,N,,,,,,,,,,N,2,0,1,1,A,-,08,22107,,N,E,I,A,A,H,-,A,D,0,,,Y,,Y,,C,02,1,0,0,0,0,0,0,0,1,"- ","- ",39.903621673583984,-121.52689361572266,BUTTE,UNINCORPORATED,-121.52695465087891,39.903583526611328
94418621,2024,2024-10-03,9240,2024-10-01,1920,019256,,2,2,9,0400,0,3,5,,2,010,"LINCOLN BLVD","BAGGETT MARYSVILLE RD",50.00,N,N,A,-,N,,,,,,,,,,Y,4,0,1,1,A,-,08,22107,,N,E,8,A,A,H,-,C,D,0,,,,,Y,,A,01,0,0,1,0,0,0,0,0,0,"- ","- ",39.489410400390625,-121.55135345458984,BUTTE,UNINCORPORATED,-121.55133819580078,39.4892578125
94421043,2024,2024-10-07,9240,2024-09-30,"554 ",019055,,1,3,9,0400,0,3,5,,2,010,"FORBESTOWN RD","HIDE AWAY RD",1320.00,W,N,A,-,N,,,,,,,,,,Y,4,0,1,1,A,-,08,22107,,N,E,I,A,A,H,-,D,D,0,,,,,Y,,D,22,0,0,1,0,0,0,0,0,0,"- ","- ",39.498481750488281,-121.39556884765625,BUTTE,UNINCORPORATED,-121.39551544189453,39.498493194580078
94421129,2024,2024-10-07,9241,2024-10-03,1625,022635,,4,2,9,0400,0,2,4,,2,086,"DURHAM DAYTON HWY E/B","STANFORD LANE",475.00,E,N,A,-,N,,,,,,,,,,Y,4,0,1,1,A,-,08,22107,,N,E,I,A,A,H,-,A,D,0,,,,,Y,,D,22,0,0,1,0,0,0,0,0,0,"- ","- ",39.645870208740234,-121.78926086425781,BUTTE,UNINCORPORATED,-121.78565979003906,39.6458740234375
94421796,2024,2024-10-07,9240,2024-09-27,1345,019060,,5,1,9,0400,0,3,5,,2,020,"LARKIN ROAD","GOFORTH ROAD",25.00,S,N,A,-,N,,,,,,,,,,Y,4,0,1,2,A,-,03,22350,,N,C,C,A,A,H,-,A,D,0,,,,,Y,,A,07,0,0,1,0,0,0,0,0,0,"- ","- ",39.447231292724609,-121.65579223632812,BUTTE,UNINCORPORATED,-121.65573120117188,39.447212219238281
94421835,2024,2024-10-07,9240,2024-10-04,1525,022628,,5,2,9,0400,0,3,5,,2,010,"POWER HOUSE HILL ROAD","LONE TREE RD",2640.00,S,N,A,-,N,,,,,,,,,,Y,4,0,1,1,A,-,03,22350,,N,E,I,A,A,H,-,A,D,0,,,,,Y,,A,07,0,0,1,0,0,0,0,0,0,"- ","- ",39.451080322265625,-121.58618927001953,BUTTE,UNINCORPORATED,-121.58323669433594,39.455520629882812
94422081,2024,2025-03-03,9240,2024-10-07,1255,018967,,1,1,9,0400,0,1,3,,2,031,"SR-70 NB","NELSON AVE",1400.00,N,N,A,-,Y,BUT,,70," "," ",15.994,H,,R,Y,4,0,1,2,A,-,07,21658,A,N,G,C,A,A,H,-,A,D,0,,,,,Y,,D,22,0,0,1,0,0,0,0,0,0,"- ","- ",39.527309417724609,-121.57582092285156,BUTTE,UNINCORPORATED,-121.57582092285156,39.527309417724609
94422125,2024,2024-10-07,9240,2024-10-02,1900,022662,,3,2,9,0400,0,3,5,,2,020,"E BIGGS HWY",SR-99,835.00,E,N,A,-,N,,,,,,,,,,Y,3,0,1,1,A,-,01,23152,F,N,E,I,A,A,H,-,B,D,0,,,,,Y,,D,22,0,1,0,0,0,0,0,0,0,"- ","- ",39.414958953857422,-121.68505859375,BUTTE,UNINCORPORATED,-121.68519592285156,39.415023803710938
9442485,2022,2022-05-05,0402,2022-04-09,0540,66,,6,5,5,0402,0,0,0,,0,005,"MANGROVE AV","COHASSET RD",0.00,,Y,A,-,N,,,,,,,,,,N,4,0,1,2,A,-,12,21453,A,M,D,C,A,A,H,-,C,A,0,,,,,Y,,A,01,0,0,1,0,0,0,0,0,0,"- ","- ",,,BUTTE,CHICO,-121.84528350830078,39.752227783203125
94425351,2024,2024-10-09,9240,2024-10-09,1316,022628,,3,1,9,0400,0,3,5,,2,030,"GRAND AVENUE","12TH ST",500.00,E,N,A,-,N,,,,,,,,,,N,4,0,1,2,A,-,03,22350,,N,C,C,A,A,H,-,A,D,0,,,,,Y,,A,01,0,0,1,0,0,0,0,0,0,"- ","- ",39.512840270996094,-121.58966064453125,BUTTE,UNINCORPORATED,-121.59000396728516,39.512664794921875
9442595,2022,2022-05-20,0402,2022-04-18,0615,4137,,1,5,5,0402,0,0,0,,0,001,"NORD AV","NORD AV 1425",0.00,,-,A,-,N,,,,,,,,,,Y,4,0,1,1,A,-,01,23152,A,N,A,I,A,A,H,-,A,D,0,,,,,Y,Y,A,01,0,0,1,0,0,0,0,0,0,"- ","- ",,,BUTTE,CHICO,-121.87744903564453,39.73956298828125
94426110,2024,2024-10-10,9240,2024-09-20,2045,023692,,5,2,9,0400,0,1,3,,2,032,SR-70,"JAMES W P RD",288.00,E,N,A,-,Y,BUT,,70," "," ",27.178,H,,R,Y,3,0,1,1,A,-,08,22107,,M,E,8,A,A,H,-,D,D,0,,,,,Y,,D,22,0,1,0,0,0,0,0,0,0,"- ","- ",39.654411315917969,-121.54757690429688,BUTTE,UNINCORPORATED,-121.54757690429688,39.654396057128906