CASE_ID,ACCIDENT_YEAR,PROC_DATE,JURIS,COLLISION_DATE,COLLISION_TIME,OFFICER_ID,REPORTING_DISTRICT,DAY_OF_WEEK,CHP_SHIFT,POPULATION,CNTY_CITY_LOC,SPECIAL_COND,BEAT_TYPE,CHP_BEAT_TYPE,CITY_DIVISION_LAPD,CHP_BEAT_CLASS,BEAT_NUMBER,PRIMARY_RD,SECONDARY_RD,DISTANCE,DIRECTION,INTERSECTION,WEATHER_1,WEATHER_2,STATE_HWY_IND,CALTRANS_COUNTY,CALTRANS_DISTRICT,STATE_ROUTE,ROUTE_SUFFIX,POSTMILE_PREFIX,POSTMILE,LOCATION_TYPE,RAMP_INTERSECTION,SIDE_OF_HWY,TOW_AWAY,COLLISION_SEVERITY,NUMBER_KILLED,NUMBER_INJURED,PARTY_COUNT,PRIMARY_COLL_FACTOR,PCF_CODE_OF_VIOL,PCF_VIOL_CATEGORY,PCF_VIOLATION,PCF_VIOL_SUBSECTION,HIT_AND_RUN,TYPE_OF_COLLISION,MVIW,PED_ACTION,ROAD_SURFACE,ROAD_COND_1,ROAD_COND_2,LIGHTING,CONTROL_DEVICE,CHP_ROAD_TYPE,PEDESTRIAN_ACCIDENT,BICYCLE_ACCIDENT,MOTORCYCLE_ACCIDENT,TRUCK_ACCIDENT,NOT_PRIVATE_PROPERTY,ALCOHOL_INVOLVED,STWD_VEHTYPE_AT_FAULT,CHP_VEHTYPE_AT_FAULT,COUNT_SEVERE_INJ,COUNT_VISIBLE_INJ,COUNT_COMPLAINT_PAIN,COUNT_PED_KILLED,COUNT_PED_INJURED,COUNT_BICYCLIST_KILLED,COUNT_BICYCLIST_INJURED,COUNT_MC_KILLED,COUNT_MC_INJURED,PRIMARY_RAMP,SECONDARY_RAMP,LATITUDE,LONGITUDE,COUNTY,CITY,POINT_X,POINT_Y
9465092,2022,2023-01-13,0402,2022-11-20,1728,03850,CHICO,7,5,5,0402,0,0,0,,0,006,"MANGROVE AV","E 7TH AV",25.00,S,N,A,-,N,,,,,,,,,,N,4,0,1,2,A,-,01,23152,A,N,-,C,A,A,H,-,C,A,0,,,Y,,Y,Y,M,94,0,0,1,0,0,0,0,0,0,"- ","- ",,,BUTTE,CHICO,-121.84232330322266,39.747482299804688
9465093,2022,2023-01-13,0402,2022-11-02,1442,201240,CHICO,3,5,5,0402,0,0,0,,0,006,ESPLANADE,"4TH AV",0.00,,Y,B,-,N,,,,,,,,,,Y,3,0,1,2,A,-,09,21802,A,N,D,C,A,A,H,-,A,A,0,,,Y,,Y,,A,01,0,1,0,0,0,0,0,0,1,"- ","- ",,,BUTTE,CHICO,-121.84804534912109,39.740947723388672
94651491,2025,2025-04-16,9241,2025-04-08,2344,022170,,2,3,9,0400,0,2,4,,2,090,SKYWAY,"MEDIA WAY",3100.00,W,N,A,-,N,,,,,,,,,,Y,4,0,1,1,A,-,01,23152,A,N,E,I,A,A,H,-,D,D,0,,,,,Y,Y,A,01,0,0,1,0,0,0,0,0,0,"- ","- ",39.727390289306641,-121.68683624267578,BUTTE,UNINCORPORATED,-121.688720703125,39.725982666015625
9465214,2022,2023-01-12,0402,2022-10-31,1300,88,0402,1,5,5,0402,0,0,0,,0,003,"E 4TH ST","FLUME ST",0.00,,Y,A,-,N,,,,,,,,,,N,3,0,1,2,A,-,10,21950,A,F,D,B,B,A,H,-,A,D,0,Y,,,,Y,,-,,0,1,0,0,1,0,0,0,0,"- ","- ",,,BUTTE,CHICO,-121.83689880371094,39.730239868164062
9465215,2022,2023-01-12,0402,2022-10-23,0040,1286,0402,7,5,5,0402,0,0,0,,0,001,"BROADWAY ST","W 5TH ST",0.00,,Y,B,-,N,,,,,,,,,,Y,2,0,1,2,A,-,00,23136,,N,D,C,A,A,H,-,C,A,0,,,,,Y,Y,A,01,1,0,0,0,0,0,0,0,0,"- ","- ",,,BUTTE,CHICO,-121.83894348144531,39.727657318115234
9465216,2022,2023-01-23,0402,2022-10-30,2306,72,0402,7,5,5,0402,0,0,0,,0,003,"E 18TH ST","66 FT E. OF E. 19TH STREET",0.00,,N,A,-,N,,,,,,,,,,Y,2,0,2,4,A,-,03,22350,A,F,G,B,E,A,H,-,D,A,0,Y,,,,Y,Y,A,01,1,1,0,0,2,0,0,0,0,"- ","- ",,,BUTTE,CHICO,-117.30242156982422,33.315155029296875
9465217,2022,2023-01-12,0402,2022-10-22,2341,P03880,,6,5,5,0402,0,0,0,,0,002,"IVY ST","W 3RD ST",37.00,S,N,A,-,N,,,,,,,,,,Y,2,0,1,2,A,-,11,21954,A,N,G,B,D,A,H,-,C,D,0,Y,,,,Y,Y,N,60,1,0,0,0,1,0,0,0,0,"- ","- ",,,BUTTE,CHICO,-121.84502410888672,39.725803375244141
94656437,2025,2025-04-21,9240,2025-04-11,1334,017760,,5,1,9,0400,0,1,A,,2,716,"LEVEE ROAD IN WILDLIFE AREA","VANCE AVE",5280.00,S,N,A,-,N,,,,,,,,,,Y,4,0,2,1,B,-,22,,,N,E,I,A,A,H,-,A,D,0,,,,,Y,,D,22,0,0,2,0,0,0,0,0,0,"- ","- ",39.429119110107422,-121.63056945800781,BUTTE,UNINCORPORATED,-121.631199,39.429270000000002
94656537,2025,2025-04-21,9240,2025-04-11,1747,021137,,5,2,9,0400,0,3,5,,2,010,"ORO BANGOR HWY","JAN DAR RD",5808.00,S,N,B,-,N,,,,,,,,,,Y,2,0,3,1,A,-,08,22107,,N,E,I,A,A,H,-,A,D,0,,,,,Y,,A,01,1,2,0,0,0,0,0,0,0,"- ","- ",39.414371490478516,-121.42369079589844,BUTTE,UNINCORPORATED,-121.42373657226562,39.414344787597656
94660160,2025,2025-04-23,9240,2025-04-14,2040,020318,,1,2,9,0400,0,1,3,,1,011,SR-70,"CENTRAL HOUSE RD.",2709.00,S,N,A,-,Y,BUT,,70," "," ",2.479,H,,R,Y,1,1,0,2,A,-,11,21950,B,N,G,B,D,A,H,-,D,D,0,Y,,,,Y,,N,60,0,0,0,1,0,0,0,0,0,"- ","- ",39.342689514160156,-121.59995269775391,BUTTE,UNINCORPORATED,-121.59984588623047,39.342700958251953
94660560,2025,2025-04-23,9241,2025-04-19,1020,020587,,6,1,9,0400,0,2,4,,2,090,SKYWAY,"SPANISH GARDEN DR",2400.00,W,N,A,-,N,,,,,,,,,,N,4,0,1,2,A,-,08,22107,,N,B,C,A,A,H,-,A,D,0,,,,,Y,,A,07,0,0,1,0,0,0,0,0,0,"- ","- ",39.701858520507812,-121.76734161376953,BUTTE,UNINCORPORATED,-121.766845703125,39.701988220214844
94660567,2025,2025-04-23,9241,2025-04-23,"745 ",017170,,3,1,9,0400,0,3,5,,2,006,"KEEFER RD","SONGBIRD DR",0.00,,Y,A,-,N,,,,,,,,,,N,4,0,1,2,A,-,05,21460,,N,B,C,A,A,H,-,A,A,0,,,,Y,Y,,A,07,0,0,1,0,0,0,0,0,0,"- ","- ",39.814380645751953,-121.91513824462891,BUTTE,UNINCORPORATED,-121.91504669189453,39.814308166503906
94664372,2025,2025-04-25,9240,2025-04-10,1410,017760,,4,2,9,0400,0,3,5,,2,010,"PACIFIC HEIGHTS RD","OPHIR ROAD",2112.00,S,N,A,-,N,,,,,,,,,,Y,2,0,1,1,A,-,08,22107,,N,E,8,A,A,H,-,A,D,0,,,,,Y,,A,01,1,0,0,0,0,0,0,0,0,"- ","- ",39.463951110839844,-121.58553314208984,BUTTE,UNINCORPORATED,-121.57897186279297,39.464031219482422
94664615,2025,2025-04-25,9241,2025-04-24,1300,017170,,4,1,9,0400,0,3,5,,2,008,"HEGAN LANE","FIMPLE ROAD",125.00,E,N,A,-,N,,,,,,,,,,Y,4,0,1,1,A,-,08,22107,,N,E,I,A,A,H,-,A,D,0,,,,,Y,,D,22,0,0,1,0,0,0,0,0,0,"- ","- ",39.681999206542969,-121.85121154785156,BUTTE,UNINCORPORATED,-121.85107421875,39.682357788085938
94664618,2025,2025-04-25,9241,2025-04-24,1530,022514,,4,2,9,0400,0,3,5,,2,007,"SKYWAY ROAD","DOGTOWN RD",528.00,N,N,A,-,Y,,,,,,,,,,Y,3,0,1,1,A,-,08,22107,,N,E,I,A,A,H,-,A,D,0,,,,,Y,,-,"- ",0,1,0,0,0,0,0,0,0,"- ","- ",39.81304931640625,-121.58692169189453,BUTTE,UNINCORPORATED,-121.59642791748047,39.832191467285156
94666303,2025,2025-04-28,9240,2025-04-23,1400,019060,,3,2,9,0400,0,3,5,,2,040,"KELLY RIDGE RD","HERITAGE RD",590.00,S,N,A,-,N,,,,,,,,,,Y,3,0,1,2,A,-,09,21801,A,N,A,C,A,A,H,-,A,D,0,,,,,Y,,D,22,0,1,0,0,0,0,0,0,0,"- ","- ",39.509510040283203,-121.46159362792969,BUTTE,UNINCORPORATED,-121.46161651611328,39.509658813476562
94666571,2025,2025-04-28,9241,2025-04-21,2248,021659,,1,3,9,0400,0,2,4,,2,070,"NEW SKYWAY","COUTOLENC RD",1333.00,W,N,A,-,N,,,,,,,,,,N,3,0,1,1,A,-,01,23152,A,N,F,J,A,A,H,-,D,D,0,,,,,Y,Y,-,"- ",0,1,0,0,0,0,0,0,0,"- ","- ",39.809101104736328,-121.57718658447266,BUTTE,UNINCORPORATED,-121.57842254638672,39.812778472900391
94666594,2025,2025-04-28,9241,2025-04-18,1840,022614,,5,2,9,0400,0,1,3,,1,060,"SR-32 W/B","CROWN POINT RD",1320.00,W,N,A,-,Y,BUT,,32," ",R,20.175,H,,L,Y,3,0,1,1,A,-,03,22350,,N,E,8,A,A,H,-,A,D,0,,,,,Y,,A,01,0,1,0,0,0,0,0,0,0,"- ","- ",39.828868865966797,-121.70704650878906,BUTTE,UNINCORPORATED,-121.70697021484375,39.828861236572266
94668407,2025,2025-04-29,9241,2025-04-26,1300,020587,,6,1,5,0402,0,1,3,,2,100,"STATE HIGHWAY 99","STATE HIGHWAY 32",275.00,S,N,C,-,Y,BUT,,99," ",R,32.320,H,,L,Y,4,0,1,1,A,-,08,22107,,N,E,I,A,B,H,-,A,D,0,,,,,Y,,D,22,0,0,1,0,0,0,0,0,0,"- ","- ",39.735309600830078,-121.81867218017578,BUTTE,CHICO,-121.81846618652344,39.735477447509766
94668565,2025,2025-04-29,9241,2025-04-22,2030,023012,,2,2,9,0400,0,2,4,,2,090,"SKYWAY E/B","CLIFFHANGER LANE",528.00,E,N,A,-,N,,,,,,,,,,Y,3,0,1,1,C,-,18,,,N,H,H,A,A,H,-,D,D,0,,,Y,,Y,,-,"- ",0,1,0,0,0,0,0,0,1,"- ","- ",39.738578796386719,-121.66802215576172,BUTTE,UNINCORPORATED,-121.66740417480469,39.739322662353516
94668578,2025,2025-04-29,9241,2025-04-23,1515,023012,,3,2,9,0400,0,3,5,,2,007,SKYWAY,"PERRY RD",0.00,,Y,A,-,N,,,,,,,,,,Y,4,0,1,2,A,-,09,21804,A,N,D,C,A,A,H,-,A,A,0,,,,,Y,,A,01,0,0,1,0,0,0,0,0,0,"- ","- ",39.834018707275391,-121.59703063964844,BUTTE,UNINCORPORATED,-121.59703826904297,39.834026336669922
94668667,2025,2025-04-29,9241,2025-04-25,2330,023513,,5,3,9,0400,0,3,5,,2,008,"NELSON RD","AGUAS FRIAS RD",11088.00,E,N,B,-,N,,,,,,,,,,Y,4,0,1,1,C,-,18,,,N,E,H,A,A,H,-,D,D,0,,,,,Y,,-,"- ",0,0,1,0,0,0,0,0,0,"- ","- ",39.551498413085938,-121.81683349609375,BUTTE,UNINCORPORATED,-121.81736755371094,39.551486968994141
9466899,2023,2023-02-15,0404,2023-01-08,1634,690,SS,7,5,3,0404,0,0,0,,0,0SS,"ELGIN ST","LINCOLN BL",0.00,,Y,A,-,N,,,,,,,,,,N,3,0,1,2,A,-,03,22350,,N,D,C,A,A,H,-,A,A,0,,,Y,,Y,,C,02,0,1,0,0,0,0,0,0,1,"- ","- ",39.496570587158203,-121.55042266845703,BUTTE,OROVILLE,-121.55080413818359,39.496292114257812
9466900,2022,2023-02-08,0404,2022-12-08,2036,724,,4,5,3,0404,0,0,0,,0,0CO,"OROVILLE DAM BL W","14TH ST",0.00,,Y,C,-,N,,,,,,,,,,N,3,0,1,6,A,-,03,22350,,N,G,B,D,B,G,-,D,D,0,Y,,,,Y,,A,07,0,1,0,0,1,0,0,0,0,"- ","- ",39.498050689697266,-121.59600830078125,BUTTE,OROVILLE,-121.59604644775391,39.498058319091797
94669924,2025,2025-04-30,9240,2025-04-24,1150,019060,,4,1,9,0400,0,3,5,,2,040,"FORBESTOWN RD","STARZIAK LN",107.00,W,N,A,-,N,,,,,,,,,,Y,4,0,1,1,A,-,03,22350,,N,E,I,A,A,H,-,A,D,0,,,,,Y,,A,07,0,0,1,0,0,0,0,0,0,"- ","- ",39.502651214599609,-121.35843658447266,BUTTE,UNINCORPORATED,-121.35897827148438,39.503227233886719
94669977,2025,2025-04-30,9240,2025-04-25,1140,019060,,5,1,9,0400,0,3,5,,2,040,"OROVILLE QUINCY HWY","LAKESIDE WAY",800.00,S,N,B,-,Y,,,,,,,,,,Y,4,0,1,1,A,-,08,22107,,N,E,I,A,A,H,-,A,D,0,,,,,Y,,A,07,0,0,1,0,0,0,0,0,0,"- ","- ",39.650749206542969,-121.41184997558594,BUTTE,UNINCORPORATED,-121.41173553466797,39.650642395019531
9467033,2022,2023-01-24,0402,2022-12-19,1536,46,,1,5,5,0402,0,0,0,,0,003,"SKYWAY AV","RT 99",0.00,,Y,B,-,Y,BUT,3,99,-,R,30.878,R,4,S,N,4,0,2,2,A,-,01,23152,A,N,A,C,A,A,H,-,A,A,0,,,,,Y,Y,D,22,0,0,2,0,0,0,0,0,0,"- ",SF,,,BUTTE,CHICO,-121.80350494384766,39.718288421630859
9467037,2022,2023-01-17,0402,2022-11-07,1456,21/1240,CHICO,1,5,5,0402,0,0,0,,0,002,ESPLANADE,"LINCOLN AV",191.00,S,N,B,C,N,,,,,,,,,,N,4,0,2,3,A,-,03,22350,,N,C,C,A,B,H,-,A,A,0,,,,,Y,,D,22,0,0,2,0,0,0,0,0,0,"- ","- ",,,BUTTE,CHICO,-121.84355926513672,39.734722137451172
9467039,2022,2023-02-01,0402,2022-12-20,1103,P01763,,2,5,5,0402,0,0,0,,0,006,"EAST AV",ESPLANADE,650.00,E,N,A,-,N,,,,,,,,,,Y,4,0,1,2,A,-,03,22350,,N,C,C,A,A,H,-,A,D,0,,,Y,,Y,,C,02,0,0,1,0,0,0,0,0,0,"- ","- ",,,BUTTE,CHICO,-121.85957336425781,39.7578125
94670431,2025,2025-04-30,9240,2025-04-19,2140,023692,,6,2,9,0400,0,3,5,,2,020,"ALMA ST","MARJORY ST",230.00,E,N,A,-,N,,,,,,,,,,N,3,0,1,1,A,-,01,23152,A,N,E,8,A,A,H,-,D,D,0,,,,,Y,Y,A,01,0,1,0,0,0,0,0,0,0,"- ","- ",39.503589630126953,-121.60045623779297,BUTTE,UNINCORPORATED,-121.60051727294922,39.503589630126953
94670472,2025,2025-04-30,9240,2025-04-29,1600,017532,,2,2,9,0400,0,1,3,,1,021,SR-99,"DRAKE AVENUE",500.00,N,N,A,-,Y,BUT,,99," "," ",6.731,H,,R,Y,4,0,1,1,A,-,08,22107,,N,E,I,A,A,H,-,B,D,0,,,,,Y,,-,"- ",0,0,1,0,0,0,0,0,0,"- ","- ",39.401058197021484,-121.68797302246094,BUTTE,UNINCORPORATED,-121.68802642822266,39.40106201171875
94670729,2025,2025-04-30,9241,2025-04-24,"845 ",016630,,4,1,5,0402,0,1,3,,1,061,"SR-99 S/B","HAMILTON NORD CANA HWY",2112.00,S,N,A,-,Y,BUT,,99," "," ",43.350,H,,L,Y,3,0,1,1,A,-,08,22107,,N,E,I,A,A,H,-,A,D,0,,,,,Y,,D,22,0,1,0,0,0,0,0,0,0,"- ","- ",39.851779937744141,-121.95046234130859,BUTTE,CHICO,-121.9503173828125,39.851840972900391
94671438,2025,2025-05-01,9240,2025-04-24,"858 ",022662,,4,1,9,0400,0,3,5,,2,010,"EAST GRIDLEY RD",SR-70,4224.00,W,N,A,-,N,,,,,,,,,,Y,3,0,1,1,A,-,08,22107,,N,E,I,A,A,H,-,A,D,0,,,,,Y,,A,01,0,1,0,0,0,0,0,0,0,"- ","- ",39.36431884765625,-121.62393188476562,BUTTE,UNINCORPORATED,-121.62289428710938,39.3643798828125
94672317,2025,2025-05-01,9241,2025-04-30,1530,022514,,3,2,9,0400,0,2,4,,2,070,"SKYWWAY RD","COUTOLENC RD",1584.00,S,N,A,-,N,,,,,,,,,,Y,3,0,1,1,A,-,08,22107,,N,E,I,A,A,H,-,A,D,0,,,,,Y,,A,07,0,1,0,0,0,0,0,0,0,"- ","- ",39.808780670166016,-121.57681274414062,BUTTE,UNINCORPORATED,-121.57948303222656,39.808643341064453
94672321,2025,2025-05-01,9240,2025-04-23,2015,024132,,3,2,9,0400,0,1,3,,2,041,SR-162,"TYME WAY",320.00,E,N,A,-,Y,BUT,,162," "," ",20.167,H,,R,Y,3,0,1,1,A,-,01,23152,A,N,E,I,A,A,H,-,C,D,0,,,,,Y,Y,D,22,0,1,0,0,0,0,0,0,0,"- ","- ",39.503971099853516,-121.50235748291016,BUTTE,UNINCORPORATED,-121.50234222412109,39.504005432128906
94675096,2025,2025-05-05,9241,2025-04-23,1530,024171,,3,2,9,0400,0,1,3,,1,060,SR-32,"GIANELLA RD",610.00,W,N,A,-,Y,BUT,,32," "," ",0.179,H,,R,Y,2,0,2,2,A,-,05,21460,,N,A,C,A,A,H,-,A,D,0,,,,,Y,,-,"- ",1,0,1,0,0,0,0,0,0,"- ","- ",39.752288818359375,-121.99372863769531,BUTTE,UNINCORPORATED,-121.99372100830078,39.752277374267578
94675217,2025,2025-05-05,9241,2025-05-02,1730,023513,,5,2,9,0400,0,1,3,,2,081,"SR-99 S/B","ESTATES DR",700.00,N,N,A,-,Y,BUT,,99," "," ",28.507,H,,L,Y,4,0,1,2,A,-,03,22350,,N,C,C,A,A,H,-,A,D,0,,,,,Y,,D,22,0,0,1,0,0,0,0,0,0,"- ","- ",39.691638946533203,-121.77526092529297,BUTTE,UNINCORPORATED,-121.77529907226562,39.691612243652344
94675603,2025,2025-05-05,9240,2025-05-05,"915 ",019256,,1,1,9,0400,0,3,5,,2,040,"ORO QUINCY HWY",SR-162,950.00,W,N,A,-,N,,,,,,,,,,Y,4,0,1,2,A,-,04,21703,,N,C,C,A,A,H,-,A,D,0,,,,,Y,,D,22,0,0,1,0,0,0,0,0,0,"- ","- ",39.505931854248047,-121.50142669677734,BUTTE,UNINCORPORATED,-121.45974731445312,39.503681182861328
9467826,2023,2024-02-15,0404,2023-10-25,2500,757,TH,3,5,3,0404,0,0,0,,0,0TH,"TABLE MOUNTAIN BL","GRAND AV",0.00,,Y,A,-,N,,,,,,,,,,N,3,0,1,2,A,-,03,22350,,M,C,C,A,A,H,-,A,A,0,,,,,Y,Y,-,,0,1,0,0,0,0,0,0,0,"- ","- ",39.528591156005859,-121.56745147705078,BUTTE,OROVILLE,-121.55538940429688,39.521961212158203
94679011,2025,2025-05-07,9241,2025-05-03,1225,016630,,6,1,5,0402,0,1,3,,2,100,"SR-99 S/B","SR-32 UNDERCROSSING",65.00,N,N,A,-,Y,BUT,,99," ",R,32.392,H,,L,Y,3,0,2,3,A,-,03,22350,,N,C,C,A,A,H,-,A,D,0,,,,,Y,,-,"- ",0,1,1,0,0,0,0,0,0,"- ","- ",39.736209869384766,-121.81939697265625,BUTTE,CHICO,-121.81942749023438,39.736190795898438
9467930,2022,2023-01-12,0402,2022-10-10,0741,240,,1,5,5,0402,0,0,0,,0,002,"RT 32","W SACRAMENTO AV",457.00,N,N,A,-,Y,BUT,3,32,-,-,7.610,H,-,E,Y,4,0,1,2,A,-,03,22350,,N,C,C,A,A,H,-,A,D,0,,,,,Y,,A,01,0,0,1,0,0,0,0,0,0,"- ","- ",,,BUTTE,CHICO,-121.86166381835938,39.732120513916016
9467954,2022,2023-01-13,0402,2022-11-21,1618,201240,,1,5,5,0402,0,0,0,,0,002,"RT 32","CHESTNUT ST",45.00,W,N,A,-,Y,BUT,3,32,-,R,9.250,H,-,E,Y,3,0,1,2,A,-,17,23109,C,N,B,D,A,A,H,-,A,D,0,,,Y,,Y,,C,02,0,1,0,0,0,0,0,0,1,"- ","- ",,,BUTTE,CHICO,-121.83883666992188,39.722953796386719
94680301,2025,2025-05-08,9240,2025-04-20,"400 ",023692,,7,3,9,0400,0,3,5,,2,040,"CONCOW RD","NELSON BAR RD",1705.00,N,N,A,-,N,,,,,,,,,,Y,3,0,2,1,A,-,01,23152,A,N,E,I,A,A,H,-,D,D,0,,,,,Y,Y,A,01,0,2,0,0,0,0,0,0,0,"- ","- ",39.734901428222656,-121.52646636962891,BUTTE,UNINCORPORATED,-121.52656555175781,39.734642028808594
94680424,2025,2025-05-08,9240,2025-05-07,"800 ",022662,,3,1,9,0400,0,1,3,,1,021,SR-99,"HOLLIS LN",528.00,S,N,A,-,Y,BUT,,99," "," ",2.998,H,,R,N,4,0,1,2,A,-,03,22350,,N,C,C,A,A,H,-,A,D,0,,,,,Y,,A,01,0,0,1,0,0,0,0,0,0,"- ","- ",39.346839904785156,-121.68772125244141,BUTTE,UNINCORPORATED,-121.687744140625,39.346839904785156
94680652,2025,2025-05-08,9241,2025-05-06,1640,022502,,2,2,9,0400,0,3,5,,2,007,"FALLEN LEAF WAY","GOLDCONE DRIVE",0.00,,Y,A,-,N,,,,,,,,,,N,3,0,1,2,A,-,05,21650,,N,D,G,A,A,H,-,A,D,0,,Y,,,Y,,L,04,0,1,0,0,0,0,1,0,0,"- ","- ",39.846199035644531,-121.58489990234375,BUTTE,UNINCORPORATED,-121.58478546142578,39.84613037109375
94681752,2025,2025-05-09,9241,2025-05-01,1618,023513,,4,2,9,0400,0,1,3,,2,100,"SR-99 S/B","EAST 2OTH STREET",2000.00,N,N,A,-,Y,BUT,,99," ",R,31.899,H,,L,N,4,0,3,2,A,-,03,22350,,N,C,C,A,A,H,-,A,D,0,,,,,Y,,A,01,0,0,3,0,0,0,0,0,0,"- ","- ",39.730968475341797,-121.81321716308594,BUTTE,UNINCORPORATED,-121.81318664550781,39.730987548828125
94683461,2025,2025-05-12,9241,2025-05-01,1800,023513,,4,2,9,0400,0,3,5,,2,008,"COLM AVE","LEMM RD",50.00,E,N,A,-,N,,,,,,,,,,Y,2,0,2,1,A,-,01,23153,,F,E,I,A,A,H,-,A,D,0,,,,,Y,Y,A,07,1,1,0,0,0,0,0,0,0,"- ","- ",39.620800018310547,-121.82700347900391,BUTTE,UNINCORPORATED,-121.82704925537109,39.620841979980469
94683700,2025,2025-05-12,9240,2025-05-08,1520,024132,,4,2,9,0400,0,3,5,,2,010,"FORBESTOWN RD","LITTLE OAK RD",2930.00,E,N,A,-,N,,,,,,,,,,Y,3,0,1,1,A,-,08,22107,,N,E,I,A,A,H,-,A,D,0,,,,,Y,,A,07,0,1,0,0,0,0,0,0,0,"- ","- ",39.500511169433594,-121.41393280029297,BUTTE,UNINCORPORATED,-121.41281890869141,39.500469207763672
94683714,2025,2025-05-12,9240,2025-05-11,"928 ",018967,,7,1,9,0400,0,1,3,,2,032,SR-70,"LUNT RD",0.00,,Y,A,-,N,,,,,,,,,,Y,3,0,3,2,A,-,07,21658,A,N,D,C,A,A,H,-,A,A,0,,,,,Y,,A,08,0,2,1,0,0,0,0,0,0,"- ","- ",39.704441070556641,-121.53031158447266,BUTTE,UNINCORPORATED,-121.53031921386719,39.704372406005859
94683947,2025,2025-05-12,9240,2025-05-06,1555,020318,,2,2,9,0400,0,3,5,,2,020,"HIGGINS AVE.","COWEE AVE.",0.00,,Y,A,-,N,,,,,,,,,,Y,3,0,1,2,A,-,01,23152,A,M,D,C,A,A,H,-,A,A,0,,,,,Y,Y,A,01,0,1,0,0,0,0,0,0,0,"- ","- ",39.330680847167969,-121.66941070556641,BUTTE,UNINCORPORATED,-121.66942596435547,39.330703735351562
94683984,2025,2025-05-12,9241,2025-05-02,2130,022614,,5,2,9,0400,0,2,4,,2,090,SKYWAY,"POTTER RD",40.00,E,N,A,-,N,,,,,,,,,,Y,2,0,1,1,A,-,01,23152,A,N,F,A,A,A,H,-,D,D,0,,,Y,,Y,Y,C,02,1,0,0,0,0,0,0,0,1,"- ","- ",39.713050842285156,-121.77777862548828,BUTTE,UNINCORPORATED,-121.7777099609375,39.712966918945312
94684046,2025,2025-05-12,9241,2025-05-03,1815,022614,,6,2,9,0400,0,2,4,,2,096,"HONEY RUN RD","CENTERVILLE RD",5333.00,W,N,A,-,N,,,,,,,,,,Y,3,0,1,2,A,-,05,21460,A,N,A,C,A,A,H,-,A,D,0,,,,,Y,,A,01,0,1,0,0,0,0,0,0,0,"- ","- ",39.719329833984375,-121.71772766113281,BUTTE,UNINCORPORATED,-121.71768951416016,39.719223022460938
94684102,2025,2025-05-12,9241,2025-05-11,1800,022141,,7,2,9,0400,0,1,3,,2,093,SR-191,"DURHAM PENTZ ROAD",0.00,,Y,A,-,Y,BUT,,191," "," ",3.537,H,,R,Y,4,0,1,2,A,-,09,21803,A,N,D,C,A,A,H,-,A,A,0,,,,,Y,,A,07,0,0,1,0,0,0,0,0,0,"- ","- ",39.647441864013672,-121.63455200195312,BUTTE,UNINCORPORATED,-121.63444519042969,39.647418975830078
94686089,2025,2025-05-13,9240,2025-05-01,"505 ",022094,,4,3,9,0400,0,3,5,,2,010,"PALERMO-HONCUT HWY","MELODY LN",250.00,N,N,A,-,N,,,,,,,,,,Y,3,0,1,1,A,-,03,22350,,N,E,H,A,A,H,-,D,D,0,,,,,Y,,-,"- ",0,1,0,0,0,0,0,0,0,"- ","- ",39.378910064697266,-121.53977966308594,BUTTE,UNINCORPORATED,-121.53974914550781,39.378826141357422
94686099,2025,2025-05-13,9241,2025-05-06,1725,022502,,2,2,9,0400,0,3,5,,2,007,SKYWAY,"ALLENTOWN ROAD",0.00,,Y,A,-,N,,,,,,,,,,N,3,0,1,2,A,-,09,21800,A,N,D,G,A,A,H,-,A,D,0,,Y,,,Y,,L,04,0,1,0,0,0,0,1,0,0,"- ","- ",39.8880615234375,-121.59020233154297,BUTTE,UNINCORPORATED,-121.59018707275391,39.888008117675781
94686132,2025,2025-05-21,9241,2025-05-12,1710,022141,,1,2,9,0400,0,1,3,,2,081,"STATE ROUTE 99","SOUTHGATE AVENUE",0.00,,Y,B,-,Y,BUT,,99," "," ",29.377,H,,R,N,4,0,1,2,A,-,09,21801,A,N,A,C,A,A,H,-,A,A,0,,,,,Y,,D,22,0,0,1,0,0,0,0,0,0,"- ","- ",39.701320648193359,-121.78582000732422,BUTTE,UNINCORPORATED,-121.78579711914062,39.701335906982422
94687470,2025,2025-05-14,9240,2025-05-05,2146,020376,,1,2,9,0400,0,1,3,,2,031,"SR-70 S/B","TABLE MTN OVERCROSSING",2904.00,N,N,A,-,Y,BUT,,70," "," ",19.854,H,,L,N,4,0,1,1,A,-,01,23152,A,N,E,8,A,A,H,-,D,D,0,,,,,Y,Y,D,22,0,0,1,0,0,0,0,0,0,"- ","- ",39.573871612548828,-121.61569976806641,BUTTE,UNINCORPORATED,-121.61566162109375,39.573890686035156