CASE_ID,ACCIDENT_YEAR,PROC_DATE,JURIS,COLLISION_DATE,COLLISION_TIME,OFFICER_ID,REPORTING_DISTRICT,DAY_OF_WEEK,CHP_SHIFT,POPULATION,CNTY_CITY_LOC,SPECIAL_COND,BEAT_TYPE,CHP_BEAT_TYPE,CITY_DIVISION_LAPD,CHP_BEAT_CLASS,BEAT_NUMBER,PRIMARY_RD,SECONDARY_RD,DISTANCE,DIRECTION,INTERSECTION,WEATHER_1,WEATHER_2,STATE_HWY_IND,CALTRANS_COUNTY,CALTRANS_DISTRICT,STATE_ROUTE,ROUTE_SUFFIX,POSTMILE_PREFIX,POSTMILE,LOCATION_TYPE,RAMP_INTERSECTION,SIDE_OF_HWY,TOW_AWAY,COLLISION_SEVERITY,NUMBER_KILLED,NUMBER_INJURED,PARTY_COUNT,PRIMARY_COLL_FACTOR,PCF_CODE_OF_VIOL,PCF_VIOL_CATEGORY,PCF_VIOLATION,PCF_VIOL_SUBSECTION,HIT_AND_RUN,TYPE_OF_COLLISION,MVIW,PED_ACTION,ROAD_SURFACE,ROAD_COND_1,ROAD_COND_2,LIGHTING,CONTROL_DEVICE,CHP_ROAD_TYPE,PEDESTRIAN_ACCIDENT,BICYCLE_ACCIDENT,MOTORCYCLE_ACCIDENT,TRUCK_ACCIDENT,NOT_PRIVATE_PROPERTY,ALCOHOL_INVOLVED,STWD_VEHTYPE_AT_FAULT,CHP_VEHTYPE_AT_FAULT,COUNT_SEVERE_INJ,COUNT_VISIBLE_INJ,COUNT_COMPLAINT_PAIN,COUNT_PED_KILLED,COUNT_PED_INJURED,COUNT_BICYCLIST_KILLED,COUNT_BICYCLIST_INJURED,COUNT_MC_KILLED,COUNT_MC_INJURED,PRIMARY_RAMP,SECONDARY_RAMP,LATITUDE,LONGITUDE,COUNTY,CITY,POINT_X,POINT_Y
94730269,2025,2025-06-18,9241,2025-06-11,2256,023513,,3,3,9,0400,0,2,4,,2,090,SKYWAY,"BAY TREE DRIVE",2300.00,W,N,A,-,N,,,,,,,,,,Y,4,0,1,1,A,-,08,22107,,N,E,I,A,A,H,-,D,D,0,,,,,Y,,A,01,0,0,1,0,0,0,0,0,0,"- ","- ",39.740848541259766,-121.66468048095703,BUTTE,UNINCORPORATED,-121.66330718994141,39.741199493408203
94730698,2025,2025-06-18,9241,2025-06-15,1130,020379,,7,1,9,0400,0,1,3,,1,060,"SR-32 E/B","TOLL GATE WAY",0.00,,Y,A,-,Y,BUT,,32," ",R,22.926,H,,R,N,2,0,1,2,A,-,08,22107,,N,B,C,A,A,H,-,A,D,0,,,Y,,Y,,A,01,1,0,0,0,0,0,0,0,1,"- ","- ",39.863460540771484,-121.691650390625,BUTTE,UNINCORPORATED,-121.69164276123047,39.863456726074219
9473147,2022,2022-08-25,0404,2022-06-20,1535,714,W,1,5,3,0404,0,0,0,,0,00W,"CAL OAK RD","S 7TH AV",0.00,,Y,A,-,N,,,,,,,,,,N,3,0,1,2,A,-,10,21954,B,N,G,B,E,A,H,-,A,A,0,Y,,,,Y,,A,07,0,1,0,0,1,0,0,0,0,"- ","- ",39.492618560791016,-121.56932830810547,BUTTE,OROVILLE,-121.56932067871094,39.492637634277344
9473148,2022,2022-08-02,0404,2022-06-27,1507,738,,1,5,3,0404,0,0,0,,0,00W,"OROVILLE DAM BL","MIDDLEHOFF LN",250.00,E,N,A,-,N,,,,,,,,,,Y,3,0,1,2,A,-,09,21801,,N,D,C,A,A,H,-,A,D,0,,,,,Y,,A,01,0,1,0,0,0,0,0,0,0,"- ","- ",39.497688293457031,-121.58151245117188,BUTTE,OROVILLE,-121.58149719238281,39.497959136962891
9473150,2022,2022-08-04,0404,2022-06-23,1205,743,E,4,5,3,0404,0,0,0,,0,00E,"OLIVE HWY","MEDICAL CENTER DR",0.00,,Y,A,-,N,,,,,,,,,,N,4,0,1,2,A,-,08,22107,,N,D,C,A,A,H,-,A,D,0,,,,,Y,,A,01,0,0,1,0,0,0,0,0,0,"- ","- ",39.505001068115234,-121.54183959960938,BUTTE,OROVILLE,-121.541543,39.504164000000003
94734082,2025,2025-06-20,9240,2025-05-31,"420 ",023692,,6,3,9,0400,0,3,5,,2,030,"18TH STREET",SR-162,1560.00,N,N,A,-,N,,,,,,,,,,Y,3,0,1,1,A,-,01,23152,A,N,E,8,A,A,H,-,D,D,0,,,,,Y,Y,A,01,0,1,0,0,0,0,0,0,0,"- ","- ",39.501781463623047,-121.60526275634766,BUTTE,UNINCORPORATED,-121.60543823242188,39.501731872558594
94734083,2025,2025-06-20,9241,2025-06-13,2005,023012,,5,2,9,0400,0,3,5,,2,008,MIDWAY,"STATE ST",7920.00,N,N,A,-,N,,,,,,,,,,Y,4,0,2,2,A,-,08,22107,,N,E,2,A,A,H,-,B,D,0,,,,,Y,,A,01,0,0,2,0,0,0,0,0,0,"- ","- ",39.574748992919922,-121.773193359375,BUTTE,UNINCORPORATED,-121.77345275878906,39.575485229492188
94734086,2025,2025-06-20,9241,2025-06-13,2100,024171,,5,2,9,0400,0,2,4,,2,071,"TOREY PINE ROAD","PINON ROAD",1267.00,N,N,A,-,N,,,,,,,,,,Y,3,0,1,1,A,-,01,23152,A,N,E,I,A,A,H,-,A,A,0,,,,,Y,Y,-,"- ",0,1,0,0,0,0,0,0,0,"- ","- ",39.857341766357422,-121.59989929199219,BUTTE,UNINCORPORATED,-121.59977722167969,39.857364654541016
94736175,2025,2025-06-23,9241,2025-06-15,"105 ",021659,,7,3,9,0400,0,2,4,,2,096,"HONEY RUN ROAD","CENTERVILLE ROAD",9398.00,W,N,A,-,N,,,,,,,,,,Y,4,0,1,1,A,-,08,22107,,N,E,I,A,A,H,-,D,D,0,,,,,Y,,D,22,0,0,1,0,0,0,0,0,0,"- ","- ",39.71405029296875,-121.72991943359375,BUTTE,UNINCORPORATED,-121.72986602783203,39.714084625244141
94736311,2025,2025-06-23,9241,2025-06-17,2250,021659,,2,3,9,0400,0,1,3,,1,060,"RT 32","NOPEL AVE",893.00,E,N,A,-,Y,BUT,,32," ",R,24.020,H,,R,Y,2,0,1,1,A,-,01,23152,A,N,E,I,A,A,H,-,D,D,0,,,,,Y,Y,A,01,1,0,0,0,0,0,0,0,0,"- ","- ",39.874420166015625,-121.67790222167969,BUTTE,UNINCORPORATED,-121.67788696289062,39.874397277832031
94737639,2025,2025-06-24,9241,2025-06-20,"635 ",017170,,5,1,9,0400,0,2,4,,2,090,SKYWAY,"ROCKY BLUFF DR",50.00,W,N,A,-,N,,,,,,,,,,Y,4,0,1,1,A,-,08,22107,,N,E,I,A,A,H,-,A,D,0,,,,,Y,,A,01,0,0,1,0,0,0,0,0,0,"- ","- ",39.705348968505859,-121.73415374755859,BUTTE,UNINCORPORATED,-121.73303985595703,39.705635070800781
94741087,2025,2025-06-26,9240,2025-06-24,1650,019842,,2,2,9,0400,0,3,5,,2,030,"OREGON GULCH ROAD","CHEROKEE ROAD",1625.00,S,N,A,-,N,,,,,,,,,,N,2,0,1,1,A,-,01,23152,A,M,F,I,A,A,H,-,A,D,0,,,,,Y,Y,D,22,1,0,0,0,0,0,0,0,0,"- ","- ",39.552040100097656,-121.53775787353516,BUTTE,UNINCORPORATED,-121.54058074951172,39.5513916015625
9474383,2022,2022-07-08,0402,2022-06-11,1750,71/0237,,6,5,5,0402,0,0,0,,0,,"COHASSET RD","RIO LINDA AV",0.00,,Y,A,-,N,,,,,,,,,,Y,3,0,1,2,A,-,12,21453,A,N,-,B,B,A,H,-,A,A,0,Y,,,,Y,,-,,0,1,0,0,1,0,0,0,0,"- ","- ",,,BUTTE,CHICO,-121.84693908691406,39.752162933349609
94744057,2025,2025-06-30,9240,2025-06-21,1815,021137,,6,2,9,0400,0,3,5,,2,030,"TABLE MTN BLVD",SR-70,1000.00,S,N,A,-,N,,,,,,,,,,Y,2,0,1,1,A,-,01,23152,A,N,E,I,A,A,H,-,A,D,0,,,Y,,Y,Y,C,02,1,0,0,0,0,0,0,0,1,"- ","- ",39.600261688232422,-121.61904907226562,BUTTE,UNINCORPORATED,-121.61885833740234,39.600460052490234
94744440,2025,2025-06-30,9241,2025-06-25,1240,020638,,3,1,9,0400,0,2,4,,2,070,SKYWAY,"LAKERIDGE CIR",0.00,,Y,A,-,N,,,,,,,,,,Y,4,0,1,2,A,-,12,21453,A,N,D,C,A,A,H,-,A,A,0,,,,Y,Y,,D,22,0,0,1,0,0,0,0,0,0,"- ","- ",39.814380645751953,-121.59214019775391,BUTTE,UNINCORPORATED,-121.59241485595703,39.818401336669922
9474455,2022,2022-08-10,0402,2022-05-25,1956,90,,3,5,5,0402,0,0,0,,0,,"WARNER ST","WEST 1ST AV",0.00,,Y,A,-,N,,,,,,,,,,Y,4,0,1,2,A,-,03,22350,A,N,D,C,A,A,H,-,A,A,0,,,Y,,Y,,C,02,0,0,1,0,0,0,0,0,1,"- ","- ",,,BUTTE,CHICO,-121.85311889648438,39.734630584716797
9474456,2022,2022-08-10,0402,2022-05-08,2046,P03027,BUTTE,7,5,5,0402,0,0,0,,0,006,"MANGROVE AV","EAST 1ST AV",30.00,N,N,A,-,N,,,,,,,,,,Y,4,0,1,2,A,-,03,22350,,N,C,C,A,A,H,-,C,A,0,,,,,Y,Y,A,01,0,0,1,0,0,0,0,0,0,"- ","- ",,,BUTTE,CHICO,-121.83786010742188,39.741283416748047
9474457,2022,2022-07-06,0402,2022-05-26,1331,P03282,BCCH,4,5,5,0402,0,0,0,,0,004,"BRUCE RD","E 8TH ST",0.00,,Y,A,-,N,,,,,,,,,,Y,4,0,1,2,A,-,09,21453,C,N,D,C,A,A,H,-,A,A,0,,,,,Y,,A,01,0,0,1,0,0,0,0,0,0,"- ","- ",,,BUTTE,CHICO,-121.79447937011719,39.751075744628906
9474458,2022,2022-07-06,0402,2022-05-17,2200,71,0402,2,5,5,0402,0,0,0,,0,006,"ROGUE RIVER DR","WINDHAM WY",0.00,,Y,A,-,N,,,,,,,,,,Y,4,0,1,2,A,-,05,21650,,N,A,E,A,A,H,-,C,D,0,,,,,Y,,-,,0,0,1,0,0,0,0,0,0,"- ","- ",,,BUTTE,CHICO,-121.89305114746094,39.769927978515625
94744781,2025,2025-06-30,9240,2025-06-25,1830,019842,,3,2,9,0400,0,3,5,,2,010,"NELSON AVE","WILBUR ROAD",6600.00,E,N,A,-,N,,,,,,,,,,Y,2,0,4,2,A,-,03,22350,,N,A,C,A,A,H,-,A,D,0,,,,,Y,,A,07,1,2,1,0,0,0,0,0,0,"- ","- ",39.524410247802734,-121.62828826904297,BUTTE,UNINCORPORATED,-121.62803649902344,39.524394989013672
94744808,2025,2025-06-30,9240,2025-06-30,"543 ",019256,,1,3,9,0400,0,3,5,,2,020,"AGUAS FRIAS RD.",SR-162,475.00,S,N,A,-,N,,,,,,,,,,Y,4,0,1,1,A,-,08,22107,,N,F,A,A,A,H,-,A,A,0,,,,,Y,,A,01,0,0,1,0,0,0,0,0,0,"- ","- ",39.462841033935547,-121.85762023925781,BUTTE,UNINCORPORATED,-121.85756683349609,39.462776184082031
94747661,2025,2025-07-07,9241,2025-05-24,"750 ",016630,,6,1,9,0400,0,1,3,,1,060,"STATE ROUTE 32","WOODLAND PARK DRIVE",355.00,E,N,A,-,Y,,,,,,,,,,Y,1,1,0,1,A,-,08,22107,,N,E,I,A,A,H,-,A,D,0,,,,,Y,,A,01,0,0,0,0,0,0,0,0,0,"- ","- ",39.852699279785156,-121.6910400390625,BUTTE,UNINCORPORATED,-121.69257354736328,39.855602264404297
94747728,2025,2025-07-07,9241,2025-06-24,1905,022502,,2,2,9,0400,0,2,4,,2,096,"HONEYRUN ROAD","HORSE RUN LANE",8237.00,E,N,A,-,Y,,,,,,,,,,N,3,0,2,2,A,-,08,22107,,N,A,C,A,A,H,-,A,D,0,,,,,Y,,A,01,0,1,1,0,0,0,0,0,0,"- ","- ",39.7139892578125,-121.73764038085938,BUTTE,UNINCORPORATED,-121.74026489257812,39.713565826416016
94748275,2025,2025-07-07,9241,2025-06-19,1845,024171,,4,2,9,0400,0,2,4,,2,070,"14383 WYCLIFF WAY","AMHERST WAY",156.00,S,N,A,-,N,,,,,,,,,,N,2,0,1,2,A,-,09,21804,A,N,D,C,A,A,H,-,A,D,0,,,Y,,Y,,D,22,1,0,0,0,0,0,0,0,1,"- ","- ",39.832740783691406,-121.60224914550781,BUTTE,UNINCORPORATED,-121.60221862792969,39.83270263671875
94749208,2025,2025-07-07,9241,2025-06-28,1930,020587,,6,2,9,0400,0,3,5,,2,008,"ORD FERRY ROAD","WALL ST",73.00,E,N,A,-,N,,,,,,,,,,Y,3,0,1,5,A,-,01,23152,A,N,C,E,A,A,H,-,A,D,0,,,Y,,Y,Y,A,07,0,1,0,0,0,0,0,0,0,"- ","- ",39.646701812744141,-121.87561798095703,BUTTE,UNINCORPORATED,-121.87561798095703,39.646701812744141
94751680,2025,2025-07-07,9241,2025-07-04,1310,017170,,5,1,9,0400,0,1,3,,2,093,SR-191,"DURHAM-PENTZ RD",0.00,,Y,A,-,Y,BUT,,191," "," ",3.537,H,,R,Y,4,0,1,2,A,-,09,21803,A,N,D,C,A,A,H,-,A,A,0,,,,,Y,,A,01,0,0,1,0,0,0,0,0,0,"- ","- ",39.647430419921875,-121.63449096679688,BUTTE,UNINCORPORATED,-121.63444519042969,39.647422790527344
94752008,2025,2025-07-07,9241,2025-06-28,"105 ",023527,,6,3,9,0400,0,1,3,,1,061,SR-99,"GRAND PRAIRIE RD",1742.00,S,N,A,-,Y,BUT,,99," "," ",42.069,H,,R,Y,2,0,2,2,A,-,05,21650,,N,A,C,A,A,H,-,D,D,0,,,,Y,Y,Y,D,22,1,0,1,0,0,0,0,0,0,"- ","- ",39.836509704589844,-121.93698120117188,BUTTE,UNINCORPORATED,-121.93695831298828,39.836521148681641
94752153,2025,2025-07-07,9240,2025-07-02,1957,021137,,3,2,9,0400,0,3,5,,2,010,"FORBESTOWN RD",SR-162,0.00,,Y,A,-,Y,BUT,,162," "," ",24.202,H,,R,Y,2,0,2,1,A,-,08,22107,,N,E,I,A,A,H,-,A,A,0,,,,,Y,,D,22,1,1,0,0,0,0,0,0,0,"- ","- ",39.514949798583984,-121.4439697265625,BUTTE,UNINCORPORATED,-121.44391632080078,39.514919281005859
94752223,2025,2025-07-21,9240,2025-07-06,1250,019256,,7,1,9,0400,0,3,5,,2,010,"LOWER WYANDOTTE RD.","FOOTHILL BLVD.",0.00,,Y,A,-,N,,,,,,,,,,Y,3,0,1,1,A,-,12,22450,A,N,E,I,A,A,H,-,A,A,0,,,,,Y,,D,22,0,1,0,0,0,0,0,0,0,"- ","- ",39.462921142578125,-121.48107147216797,BUTTE,UNINCORPORATED,-121.48111724853516,39.462902069091797
94752368,2025,2025-07-08,9240,2025-07-01,"550 ",019256,,2,3,9,0400,0,1,3,,2,022,SR-162,"RICETON HWY",1845.00,E,N,A,-,Y,BUT,,162," "," ",8.073,H,,R,Y,4,0,1,1,A,-,01,23152,F,N,E,I,A,A,H,-,A,D,0,,,,,Y,,A,01,0,0,1,0,0,0,0,0,0,"- ","- ",39.464950561523438,-121.71938323974609,BUTTE,UNINCORPORATED,-121.71938323974609,39.464981079101562
94752450,2025,2025-12-03,9241,2025-02-27,2352,023527,,4,3,9,0400,0,2,4,,2,070,SKYWAY,"ROSEWOOD DR",167.00,N,N,A,-,N,,,,,,,,,,Y,1,1,1,1,A,-,08,22107,,N,E,I,A,A,H,-,D,D,0,,,,,Y,Y,A,01,1,0,0,0,0,0,0,0,0,"- ","- ",39.844028472900391,-121.59839630126953,BUTTE,UNINCORPORATED,-121.5982666015625,39.843570709228516
94753344,2025,2025-07-08,9240,2025-07-07,1148,019256,,1,1,9,0400,0,1,3,,2,022,"SR-162 (WEST)",MIDWAY,2941.00,W,N,A,-,Y,BUT,,162," "," ",6.175,H,,R,Y,2,0,2,2,A,-,05,21650,,N,B,C,A,A,H,-,A,D,0,,,,Y,Y,,A,01,1,1,0,0,0,0,0,0,0,"- ","- ",39.464698791503906,-121.75498962402344,BUTTE,UNINCORPORATED,-121.75498962402344,39.464691162109375
94754212,2025,2025-07-08,9240,2025-07-01,"15  ",022094,,2,3,9,0400,0,3,5,,2,020,"COLUSA HWY","FARRIS ROAD",1056.00,W,N,A,-,N,,,,,,,,,,Y,4,0,1,1,A,-,08,22107,,N,E,I,A,A,H,-,D,D,0,,,,,Y,,A,01,0,0,1,0,0,0,0,0,0,"- ","- ",39.362449645996094,-121.78658294677734,BUTTE,UNINCORPORATED,-121.78544616699219,39.362503051757812
94755205,2025,2025-07-09,9241,2025-07-06,1555,020686,,7,2,9,0400,0,1,3,,1,060,SR-32,"ADDISON RD",2600.00,E,N,A,-,Y,BUT,,32," "," ",29.364,H,,R,Y,2,0,4,3,A,-,05,21460,,N,A,C,A,A,H,-,A,D,0,,,,,Y,,A,07,2,2,0,0,0,0,0,0,0,"- ","- ",39.944850921630859,-121.65138244628906,BUTTE,UNINCORPORATED,-121.65142822265625,39.944839477539062
94756556,2025,2025-07-10,9241,2025-07-02,2140,022614,,3,2,9,0400,0,1,3,,2,100,"SR-99 NB","E. FIRST AVENUE.",318.00,N,N,A,-,Y,BUT,,99," ",R,33.359,H,,R,Y,3,0,1,1,A,-,08,22107,,N,E,8,A,A,H,-,D,D,0,,,,,Y,,A,01,0,1,0,0,0,0,0,0,0,"- ","- ",39.746070861816406,-121.83229064941406,BUTTE,UNINCORPORATED,-121.83231353759766,39.746051788330078
94756906,2025,2025-07-10,9241,2025-07-02,"435 ",021659,,3,3,9,0400,0,1,3,,2,100,"RT 99","RT 32",2971.00,S,N,A,-,Y,BUT,,99," ",R,31.813,H,,R,Y,3,0,1,2,A,-,03,22350,,N,C,C,A,A,H,-,D,D,0,,,,,Y,,A,01,0,1,0,0,0,0,0,0,0,"- ","- ",39.730010986328125,-121.81208801269531,BUTTE,UNINCORPORATED,-121.81208038330078,39.730014801025391
94758157,2024,2025-07-31,9241,2024-09-29,"3   ",023527,,7,3,9,0400,0,1,3,,2,091,SR-99,"COTTONWOOD RD",3040.00,N,N,A,-,Y,BUT,,99," "," ",17.758,H,,R,Y,1,1,1,2,A,-,01,23152,G,N,A,C,A,A,H,-,D,D,0,,,,,Y,Y,A,01,1,0,0,0,0,0,0,0,0,"- ","- ",39.560779571533203,-121.68879699707031,BUTTE,UNINCORPORATED,-121.68875122070312,39.560779571533203
9475822,2022,2022-07-18,0402,2022-06-19,1833,23,0402,7,5,5,0402,0,0,0,,0,005,"COHASSET RD","BURNAP AV",0.00,,Y,A,-,N,,,,,,,,,,N,3,0,1,3,A,-,10,21950,A,N,E,B,D,A,H,-,A,A,0,Y,,,,Y,,A,01,0,1,0,0,1,0,0,0,0,"- ","- ",,,BUTTE,CHICO,-121.84358215332031,39.767635345458984
94758385,2025,2025-07-11,9240,2025-07-02,1807,021137,,3,2,9,0400,0,3,5,,2,030,"GRAND AVE","12TH ST",40.00,W,N,A,-,N,,,,,,,,,,Y,2,0,1,1,A,-,08,22107,,N,F,A,A,A,H,-,A,D,0,,,Y,,Y,,C,02,1,0,0,0,0,0,0,0,1,"- ","- ",39.511848449707031,-121.59181976318359,BUTTE,UNINCORPORATED,-121.59169769287109,39.511966705322266
94760149,2025,2025-07-14,9240,2025-07-03,"505 ",023692,,4,3,9,0400,0,1,3,,2,034,SR-149,"OPENSHAW RD",5544.00,N,N,A,-,Y,BUT,,149," ",R,3.666,H,,R,Y,2,0,1,2,A,-,08,22107,,N,C,2,A,A,H,-,B,D,0,,,,,Y,,A,07,1,0,0,0,0,0,0,0,0,"- ","- ",39.612010955810547,-121.67703247070312,BUTTE,UNINCORPORATED,-121.67700958251953,39.612022399902344
94760155,2025,2025-07-14,9240,2025-07-05,"535 ",022094,,6,3,9,0400,0,3,5,,2,010,"COX LN","PALERMO-HONCUT HWY",20.00,W,N,A,-,N,,,,,,,,,,Y,4,0,3,2,A,-,03,22350,,N,C,C,A,A,H,-,B,A,0,,,,,Y,,A,01,0,0,3,0,0,0,0,0,0,"- ","- ",39.385200500488281,-121.5399169921875,BUTTE,UNINCORPORATED,-121.53983306884766,39.385219573974609
94760700,2025,2025-07-14,9240,2025-07-12,1525,022748,,6,2,9,0400,0,3,5,,2,010,"ORO BANGOR HIGHWAY","JAN-DAR ROAD",150.00,N,N,A,-,N,,,,,,,,,,N,4,0,1,1,A,-,08,22107,,N,E,I,A,A,H,-,A,A,0,,,,,Y,,A,01,0,0,1,0,0,0,0,0,0,"- ","- ",39.430038452148438,-121.43035125732422,BUTTE,UNINCORPORATED,-121.43021392822266,39.429924011230469
94760749,2025,2025-07-14,9240,2025-07-14,"914 ",018967,,1,1,9,0400,0,3,5,,2,040,"KELLY RIDGE RD","CHAPARRAL DR",465.00,S,N,A,-,N,,,,,,,,,,N,3,0,1,2,A,-,09,21801,A,N,D,6,A,A,H,-,A,D,0,,Y,,,Y,,D,22,0,1,0,0,0,0,1,0,0,"- ","- ",39.529220581054688,-121.467529296875,BUTTE,UNINCORPORATED,-121.46745300292969,39.529293060302734
94766226,2025,2025-07-17,9240,2025-07-10,1625,022748,,4,2,9,0400,0,3,5,,2,020,"AFTON ROAD","WICKMAN ROAD",65.00,E,N,A,-,N,,,,,,,,,,Y,3,0,1,1,A,-,01,23152,A,N,E,I,A,A,H,-,A,A,0,,,,,Y,Y,A,01,0,1,0,0,0,0,0,0,0,"- ","- ",39.420768737792969,-121.78180694580078,BUTTE,UNINCORPORATED,-121.78215789794922,39.420913696289062
94767886,2025,2025-07-18,9240,2025-07-16,2140,022748,,3,2,9,0400,0,1,3,,2,031,SR-70,"GARDEN DRIVE",220.00,S,N,A,-,Y,BUT,,70," "," ",16.571,H,,R,Y,4,0,1,1,C,-,18,,,N,E,I,A,A,H,-,D,A,0,,,,,Y,,-,"- ",0,0,1,0,0,0,0,0,0,"- ","- ",39.534191131591797,-121.58197784423828,BUTTE,UNINCORPORATED,-121.58195495605469,39.534202575683594
94768609,2025,2025-07-18,9241,2025-07-17,1510,020587,,4,2,9,0400,0,3,5,,2,008,"ESTATES DR","RIVERVIEW CIR",225.00,E,N,A,-,N,,,,,,,,,,Y,4,0,1,1,A,-,08,22107,,N,E,8,A,A,H,-,A,D,0,,,,,Y,,A,07,0,0,1,0,0,0,0,0,0,"- ","- ",39.679821014404297,-121.776123046875,BUTTE,UNINCORPORATED,-121.77566528320312,39.678634643554688
94770403,2025,2025-07-21,9240,2025-05-17,2210,023692,,6,3,9,0400,0,3,5,,2,010,"FOOTHILL BLVD","DUNSTONE DR",488.00,N,N,A,-,N,,,,,,,,,,Y,1,1,0,1,A,-,08,22107,,N,F,A,A,A,H,-,D,D,0,,,Y,,Y,,C,02,0,0,0,0,0,0,0,1,0,"- ","- ",39.457878112792969,-121.46907043457031,BUTTE,UNINCORPORATED,-121.4658203125,39.458885192871094
94770915,2025,2025-07-21,9241,2025-07-13,2035,023012,,7,2,9,0400,0,3,5,,2,007,"COUTOLENC RD","WINCHESTER LANE",1056.00,S,N,A,-,N,,,,,,,,,,N,2,0,1,1,A,-,01,23152,A,N,E,I,A,A,H,-,B,D,0,,,,,Y,Y,A,07,1,0,0,0,0,0,0,0,0,"- ","- ",39.831020355224609,-121.5780029296875,BUTTE,UNINCORPORATED,-121.57794189453125,39.825424194335938
94772906,2025,2025-07-22,9240,2025-07-21,1750,020318,,1,2,9,0400,0,3,5,,2,010,"MELVINA AVE.","S. VILLA AVE.",0.00,,Y,A,-,N,,,,,,,,,,Y,3,0,3,2,A,-,12,22450,A,N,D,C,A,A,H,-,A,A,0,,,,,Y,,A,07,0,1,2,0,0,0,0,0,0,"- ","- ",39.431121826171875,-121.5472412109375,BUTTE,UNINCORPORATED,-121.54721069335938,39.431125640869141
94773918,2025,2025-07-23,9240,2025-07-15,2300,020376,,2,3,9,0400,0,1,3,,1,011,"SR-70 S/B","COX LN",125.00,S,N,A,-,Y,BUT,,70," "," ",5.334,H,,L,N,2,0,1,2,A,-,11,21950,B,N,G,B,D,A,H,-,D,D,0,Y,,,,Y,,N,60,1,0,0,0,1,0,0,0,0,"- ","- ",39.382270812988281,-121.61231231689453,BUTTE,UNINCORPORATED,-121.61228942871094,39.382266998291016
94776019,2025,2025-07-24,9240,2025-07-15,2105,022662,,2,2,9,0400,0,3,5,,2,010,"OPHIR RD","BAGGETT MARYSVILLE RD",460.00,W,N,A,-,N,,,,,,,,,,Y,3,0,1,1,A,-,01,23152,A,N,E,I,A,A,B,C,D,D,0,,,,,Y,Y,A,01,0,1,0,0,0,0,0,0,0,"- ","- ",39.465381622314453,-121.56986236572266,BUTTE,UNINCORPORATED,-121.56967926025391,39.465442657470703
94776041,2025,2025-07-24,9240,2025-07-23,1655,020318,,3,2,9,0400,0,3,5,,2,020,"LARKIN RD.","SHELDON AVE.",0.00,,Y,A,-,N,,,,,,,,,,Y,3,0,4,2,A,-,03,22350,,N,C,C,A,A,H,-,A,D,0,,,,,Y,,D,22,0,1,3,0,0,0,0,0,0,"- ","- ",39.350841522216797,-121.65989685058594,BUTTE,UNINCORPORATED,-121.65989685058594,39.350860595703125
94777065,2025,2025-08-21,9241,2025-07-22,1405,023012,,2,2,9,0400,0,1,3,,2,081,"SR-99 S/B","ESTATES DR",1320.00,S,N,A,-,Y,,,,,,,,,,N,2,0,1,1,A,-,08,22107,,N,E,8,A,A,H,-,A,D,0,,,,,Y,,A,01,1,0,0,0,0,0,0,0,0,"- ","- ",39.694881439208984,-121.77947235107422,BUTTE,UNINCORPORATED,-121.77046966552734,39.687297821044922
94779188,2025,2025-07-28,9241,2025-07-14,1925,022635,,1,2,5,0402,0,2,S,,2,901,"NORD AVE","ROSSETTI LANE",166.00,W,N,A,-,N,,,,,,,,,,Y,4,0,2,3,A,-,03,22350,,N,C,C,A,A,D,-,A,A,0,,,,,Y,,J,48,0,0,2,0,0,0,0,0,0,"- ","- ",39.738761901855469,-121.87548065185547,BUTTE,CHICO,-121.87542724609375,39.738700866699219
94779485,2025,2025-07-28,9240,2025-07-11,2055,023692,,5,2,9,0400,0,1,A,,2,730,"OROVILLE WILDLIFE AREA",SR-70,6072.00,W,N,A,-,N,,,,,,,,,,N,3,0,1,1,A,-,01,23152,A,N,E,I,A,A,H,-,D,D,0,,,,,Y,Y,A,07,0,1,0,0,0,0,0,0,0,"- ","- ",39.430870056152344,-121.62673950195312,BUTTE,UNINCORPORATED,-121.622951,39.424891000000002
94779649,2025,2025-07-28,9240,2025-07-11,2115,024132,,5,2,9,0400,0,1,3,,2,022,SR-162,"RICETON HWY",2000.00,W,N,A,-,N,,,,,,,,,,Y,2,0,2,2,A,-,01,23152,A,N,A,C,A,A,H,-,D,D,0,,,,,Y,Y,D,22,1,1,0,0,0,0,0,0,0,"- ","- ",39.464851379394531,-121.73307037353516,BUTTE,UNINCORPORATED,-121.73300170898438,39.464851379394531
94784779,2025,2025-07-31,9240,2025-07-10,2148,024132,,4,2,9,0400,0,3,5,,2,020,"E RIO BONITO RD",SR-99,2566.00,E,N,A,-,N,,,,,,,,,,Y,3,0,1,1,A,-,03,22350,,M,E,I,A,A,H,-,D,D,0,,,,,Y,,A,07,0,1,0,0,0,0,0,0,0,"- ","- ",39.425228118896484,-121.67897033691406,BUTTE,UNINCORPORATED,-121.67909240722656,39.425193786621094