CASE_ID,ACCIDENT_YEAR,PROC_DATE,JURIS,COLLISION_DATE,COLLISION_TIME,OFFICER_ID,REPORTING_DISTRICT,DAY_OF_WEEK,CHP_SHIFT,POPULATION,CNTY_CITY_LOC,SPECIAL_COND,BEAT_TYPE,CHP_BEAT_TYPE,CITY_DIVISION_LAPD,CHP_BEAT_CLASS,BEAT_NUMBER,PRIMARY_RD,SECONDARY_RD,DISTANCE,DIRECTION,INTERSECTION,WEATHER_1,WEATHER_2,STATE_HWY_IND,CALTRANS_COUNTY,CALTRANS_DISTRICT,STATE_ROUTE,ROUTE_SUFFIX,POSTMILE_PREFIX,POSTMILE,LOCATION_TYPE,RAMP_INTERSECTION,SIDE_OF_HWY,TOW_AWAY,COLLISION_SEVERITY,NUMBER_KILLED,NUMBER_INJURED,PARTY_COUNT,PRIMARY_COLL_FACTOR,PCF_CODE_OF_VIOL,PCF_VIOL_CATEGORY,PCF_VIOLATION,PCF_VIOL_SUBSECTION,HIT_AND_RUN,TYPE_OF_COLLISION,MVIW,PED_ACTION,ROAD_SURFACE,ROAD_COND_1,ROAD_COND_2,LIGHTING,CONTROL_DEVICE,CHP_ROAD_TYPE,PEDESTRIAN_ACCIDENT,BICYCLE_ACCIDENT,MOTORCYCLE_ACCIDENT,TRUCK_ACCIDENT,NOT_PRIVATE_PROPERTY,ALCOHOL_INVOLVED,STWD_VEHTYPE_AT_FAULT,CHP_VEHTYPE_AT_FAULT,COUNT_SEVERE_INJ,COUNT_VISIBLE_INJ,COUNT_COMPLAINT_PAIN,COUNT_PED_KILLED,COUNT_PED_INJURED,COUNT_BICYCLIST_KILLED,COUNT_BICYCLIST_INJURED,COUNT_MC_KILLED,COUNT_MC_INJURED,PRIMARY_RAMP,SECONDARY_RAMP,LATITUDE,LONGITUDE,COUNTY,CITY,POINT_X,POINT_Y
94864977,2025,2025-09-29,9240,2025-09-27,"130 ",023868,,6,3,9,0400,0,1,3,,2,032,SR-70,"ARCH ROCK",1056.00,W,N,A,-,Y,BUT,,70," "," ",47.457,H,,R,Y,3,0,1,1,A,-,08,22107,,N,E,I,A,A,H,-,D,D,0,,,,,Y,,A,01,0,1,0,0,0,0,0,0,0,"- ","- ",39.856010437011719,-121.39092254638672,BUTTE,UNINCORPORATED,-121.39061737060547,39.855934143066406
94866725,2025,2025-09-30,9241,2025-09-30,"845 ",019972,,2,1,9,0400,0,2,4,,2,071,SKYWAY,"HUPP COUTOLENC RD.",1550.00,N,N,B,C,N,,,,,,,,,,Y,4,0,1,1,A,-,03,22350,,N,E,I,A,B,H,-,A,D,0,,,,,Y,,A,07,0,0,1,0,0,0,0,0,0,"- ","- ",39.882911682128906,-121.60045623779297,BUTTE,UNINCORPORATED,-121.60690307617188,39.879848480224609
94867103,2025,2025-09-30,9240,2025-09-22,1657,024638,,1,2,9,0400,0,3,5,,2,020,"W BIGGS GRIDLEY ROAD","RUDD LN",2440.00,N,N,A,-,N,,,,,,,,,,Y,2,0,1,1,A,-,01,23152,A,N,E,8,A,A,H,-,A,D,0,,,,,Y,Y,D,22,1,0,0,0,0,0,0,0,0,"- ","- ",39.387771606445312,-121.70674896240234,BUTTE,UNINCORPORATED,-121.70693206787109,39.387973785400391
9486896,2022,2022-09-20,0404,2022-08-29,0841,743,SS,1,5,3,0404,0,0,0,,0,0SS,"D ST","SPENCER AV",0.00,,Y,A,-,N,,,,,,,,,,Y,3,0,1,2,A,-,12,22450,,N,B,C,A,A,H,-,A,A,0,,Y,,,Y,,L,04,0,1,0,0,0,0,1,0,0,"- ","- ",39.497150421142578,-121.5469970703125,BUTTE,OROVILLE,-121.54707336425781,39.497165679931641
9486897,2022,2022-09-20,0404,2022-08-11,1936,703,E,4,5,3,0404,0,0,0,,0,00E,"OROVILLE DAM BL EAST","LINCOLN BL E",155.00,E,N,A,-,N,,,,,,,,,,Y,4,0,1,2,A,-,09,21801,A,N,D,C,A,A,H,-,A,D,0,,,,,Y,,A,01,0,0,1,0,0,0,0,0,0,"- ","- ",37.508499145507812,-121.54238128662109,BUTTE,OROVILLE,-121.55174255371094,39.504047393798828
94869805,2025,2025-10-02,9240,2025-09-27,1613,024132,,6,2,9,0400,0,1,3,,1,011,"RT 70","PALERMO RD",0.00,,Y,A,-,Y,BUT,,70," "," ",8.987,H,,R,Y,3,0,2,2,A,-,09,21802,A,N,D,C,A,A,H,-,A,A,0,,,,,Y,,A,01,0,2,0,0,0,0,0,0,0,"- ","- ",39.433528900146484,-121.60505676269531,BUTTE,UNINCORPORATED,-121.60512542724609,39.433528900146484
94869846,2025,2025-10-02,9241,2025-09-26,1703,022635,,5,2,9,0400,0,2,4,,2,084,"CHICO RIVER RD","NORTHGRAVES AVE",0.00,,Y,A,-,N,,,,,,,,,,N,3,0,1,2,A,-,09,21801,A,N,H,G,A,A,H,-,A,D,0,,Y,,,Y,,A,01,0,1,0,0,0,0,1,0,0,"- ","- ",39.718120574951172,-121.85517120361328,BUTTE,UNINCORPORATED,-121.85520172119141,39.718135833740234
94870194,2025,2025-10-02,9240,2025-09-20,1430,024132,,6,2,9,0400,0,3,5,,2,020,"AFFTON RD","AGUAS FRIAS RD",77.00,W,N,A,-,N,,,,,,,,,,Y,2,0,1,1,A,-,01,23152,A,N,E,I,A,A,H,-,A,A,0,,,Y,,Y,Y,C,02,1,0,0,0,0,0,0,0,1,"- ","- ",39.420429229736328,-121.85585021972656,BUTTE,UNINCORPORATED,-121.85593414306641,39.420494079589844
9487323,2022,2022-10-24,0404,2022-09-02,0536,738,W,5,5,3,0404,0,0,0,,0,00W,"OROVILLE DAM BL","RT 70",0.00,,Y,A,-,Y,BUT,3,162,-,-,15.860,I,5,W,N,4,0,1,2,A,-,12,21453,,N,D,C,A,A,H,-,C,A,0,,,,,Y,,-,"- ",0,0,1,0,0,0,0,0,0,"- ","- ",39.514778137207031,-121.55816650390625,BUTTE,OROVILLE,-121.5748291015625,39.498035430908203
9487330,2022,2022-10-21,0404,2022-08-27,1030,738,E,6,5,3,0404,0,0,0,,0,00E,"OROVILLE QUINCY HWY","FOOTHILL BL",0.00,,Y,A,-,N,,,,,,,,,,Y,2,0,1,2,A,-,09,21801,,N,D,C,A,A,H,-,A,D,0,,,Y,,Y,,D,23,1,0,0,0,0,0,0,0,1,"- ","- ",39.509151458740234,-121.53678894042969,BUTTE,OROVILLE,-121.53643798828125,39.508777618408203
94876382,2025,2025-10-07,9240,2025-09-30,1440,024638,,2,2,9,0400,0,3,5,,2,010,"LINCOLN BLVD","OPHIR RD",1960.00,N,N,B,-,N,,,,,,,,,,Y,3,0,2,2,A,-,03,22350,,N,C,C,A,A,H,-,A,D,0,,,,Y,Y,,A,07,0,2,0,0,0,0,0,0,0,"- ","- ",39.471149444580078,-121.54934692382812,BUTTE,UNINCORPORATED,-121.54930114746094,39.471179962158203
94876527,2025,2025-10-07,9240,2025-10-01,1849,021137,,3,2,9,0400,0,1,3,,2,032,SR-70,"LUNT RD",1480.00,N,N,B,-,Y,BUT,,70," "," ",32.028,H,,R,Y,4,0,1,1,A,-,03,22350,,N,E,I,A,B,H,-,B,D,0,,,,Y,Y,,G,25,0,0,1,0,0,0,0,0,0,"- ","- ",39.708438873291016,-121.53044128417969,BUTTE,UNINCORPORATED,-121.53029632568359,39.708419799804688
9487706,2022,2022-10-12,0404,2022-09-17,0139,744,SS,6,5,3,0404,0,0,0,,0,0SS,"GREENVILLE ST","LOWER WYANDOTTE AV",0.00,,Y,A,-,N,,,,,,,,,,N,2,0,2,2,A,-,14,21201,D,N,H,G,A,A,H,-,D,D,0,,Y,,,Y,,L,04,1,1,0,0,0,0,2,0,0,"- ","- ",39.495109558105469,-121.54038238525391,BUTTE,OROVILLE,-121.53054046630859,39.495059967041016
94878135,2025,2025-10-08,9241,2025-09-08,1147,020379,,1,1,9,0400,0,2,4,,2,065,"HAMILTON NORD CANA HIGHWAY","WILSON LANDING ROAD",302.00,S,N,A,-,N,,,,,,,,,,Y,1,1,0,2,A,-,08,22107,,N,A,C,A,A,H,-,A,D,0,,,,Y,Y,,A,07,0,0,0,0,0,0,0,0,0,"- ","- ",39.795700073242188,-121.95684814453125,BUTTE,UNINCORPORATED,-121.95680236816406,39.795982360839844
94878601,2025,2025-10-08,9240,2025-09-28,"125 ",022748,,7,3,9,0400,0,1,3,,1,011,SR-162,MIDWAY,0.00,,Y,A,-,N,,,,,,,,,,Y,3,0,2,1,C,-,18,,,M,E,I,A,A,C,-,D,D,0,,,,,Y,,-,"- ",0,2,0,0,0,0,0,0,0,"- ","- ",39.464870452880859,-121.74607086181641,BUTTE,UNINCORPORATED,-121.74594116210938,39.464748382568359
94879884,2025,2025-10-09,9241,2025-10-02,1123,018796,,4,1,5,0402,0,1,3,,2,093,SR-191,"BUTTE CAMPUS DR",0.00,,Y,B,-,Y,BUT,,191," "," ",3.922,H,,R,Y,3,0,1,2,A,-,09,21801,A,N,A,C,A,B,H,-,A,D,0,,,,,Y,,A,01,0,1,0,0,0,0,0,0,0,"- ","- ",39.653079986572266,-121.63278198242188,BUTTE,CHICO,-121.63273620605469,39.653072357177734
94881233,2025,2025-10-10,9240,2025-10-08,1450,024638,,3,2,9,0400,0,3,5,,2,030,"CONCOW RD","SUNSET CANYON RD",197.00,S,N,A,-,N,,,,,,,,,,Y,3,0,1,1,A,-,03,22350,,N,E,I,A,A,H,-,A,D,0,,,,,Y,,A,01,0,1,0,0,0,0,0,0,0,"- ","- ",39.718299865722656,-121.52133941650391,BUTTE,UNINCORPORATED,,
94881713,2025,2025-10-10,9240,2025-09-27,2012,024132,,6,2,9,0400,0,1,3,,1,021,SR99,"RIVIERA RD",2025.00,N,N,A,-,Y,BUT,,99," "," ",0.134,H,,R,Y,2,0,2,2,A,-,03,22350,,N,C,C,A,A,H,-,D,D,0,,,,,Y,,A,07,1,1,0,0,0,0,0,0,0,"- ","- ",39.306999206542969,-121.67337036132812,BUTTE,UNINCORPORATED,-121.67334747314453,39.3070068359375
9488287,2022,2022-08-16,0402,2022-07-20,2207,71,0402,3,5,5,0402,0,0,0,,0,005,"EAST AV","RAMADA WY",0.00,,Y,A,-,N,,,,,,,,,,Y,3,0,1,3,A,-,07,21658,,N,-,C,A,A,H,-,C,D,0,,,,,Y,,-,,0,1,0,0,0,0,0,0,0,"- ","- ",,,BUTTE,CHICO,-121.83727264404297,39.760921478271484
94883912,2025,2025-10-13,9240,2025-09-30,"655 ",019842,,2,1,9,0400,0,3,5,,2,010,"LOWER WYANDOTTE RD","GOLDEN HILLS DR",220.00,S,N,B,-,N,,,,,,,,,,Y,2,0,1,2,A,-,08,22107,,N,B,G,A,A,H,-,A,D,0,,Y,,,Y,,L,04,1,0,0,0,0,0,1,0,0,"- ","- ",39.473018646240234,-121.53064727783203,BUTTE,UNINCORPORATED,-121.53060913085938,39.473308563232422
94883924,2025,2025-10-13,9240,2025-10-07,1645,024638,,2,2,9,0400,0,3,5,,2,020,"RICETON HWY","BIGGS PRINCTON RD",1148.00,N,N,A,-,N,,,,,,,,,,Y,2,0,1,1,A,-,08,22107,,N,F,A,A,A,H,-,A,D,0,,,,Y,Y,,G,25,1,0,0,0,0,0,0,0,0,"- ","- ",39.424720764160156,-121.72617340087891,BUTTE,UNINCORPORATED,,
94883942,2025,2025-10-13,9240,2025-10-07,1550,019256,,2,2,9,0400,0,3,5,,2,020,"LARKIN RD.","ORD RANCH RD.",1825.00,N,N,A,-,N,,,,,,,,,,Y,4,0,1,2,A,-,09,21801,A,N,A,C,A,A,H,-,A,D,0,,,,,Y,,A,01,0,0,1,0,0,0,0,0,0,"- ","- ",39.384151458740234,-121.65467834472656,BUTTE,UNINCORPORATED,-121.65467071533203,39.384056091308594
94884112,2025,2025-10-13,9240,2025-10-11,1650,021137,,6,2,9,0400,0,3,5,,2,010,"LINCOLN BLVD","MESSINA AVE",0.00,,Y,A,-,N,,,,,,,,,,Y,4,0,1,2,A,-,09,21802,A,N,D,C,A,A,H,-,A,A,0,,,,,Y,,A,01,0,0,1,0,0,0,0,0,0,"- ","- ",39.441898345947266,-121.55161285400391,BUTTE,UNINCORPORATED,-121.55158233642578,39.441925048828125
94885902,2025,2025-10-14,9240,2025-10-13,"555 ",017532,,1,3,9,0400,0,1,3,,1,021,SR-998,"TOWNSHIP RD.",0.00,,Y,A,-,Y,BUT,,99," "," ",2.788,H,,R,Y,3,0,2,2,A,-,09,21802,A,N,A,C,A,A,H,-,C,A,0,,,,,Y,,A,01,0,2,0,0,0,0,0,0,0,"- ","- ",39.34375,-121.6868896484375,BUTTE,UNINCORPORATED,-121.68682098388672,39.343769073486328
94886120,2025,2025-10-14,9241,2025-10-13,1950,020587,,1,2,9,0400,0,1,3,,2,100,"COHASSET RD ONR TO SR-99S","COHASSET RD",155.00,N,N,C,-,Y,,,,,,,,,,Y,3,0,1,1,A,-,08,22107,,N,F,A,A,B,H,-,D,D,0,,,,,Y,,A,01,0,1,0,0,0,0,0,0,0,"- ","- ",39.753570556640625,-121.84607696533203,BUTTE,UNINCORPORATED,,
9488625,2022,2022-08-23,0404,2022-08-09,2329,714,TH,2,5,3,0404,0,0,0,,0,0TH,"NELSON AV","TABLE MOUNTAIN AV",0.00,,Y,A,-,N,,,,,,,,,,Y,2,0,1,1,A,-,03,22350,,N,E,J,A,A,H,-,C,D,0,,,,,Y,,A,01,1,0,0,0,0,0,0,0,0,"- ","- ",39.524078369140625,-121.55864715576172,BUTTE,OROVILLE,-121.558837890625,39.524093627929688
9488628,2022,2022-09-02,0404,2022-08-11,1019,738,W,4,5,3,0404,0,0,0,,0,00W,"OROVILLE DAM BL E","RT 70",0.00,,Y,A,-,Y,BUT,3,162,-,-,15.860,I,5,E,Y,3,0,2,2,A,-,09,21801,,N,D,C,A,A,H,-,A,D,0,,,,,Y,,A,01,0,1,1,0,0,0,0,0,0,"- ","- ",39.497669219970703,-121.57333374023438,BUTTE,OROVILLE,-121.57478332519531,39.497936248779297
9488830,2022,2022-08-22,0404,2022-07-23,0419,744,E,6,5,3,0404,0,0,0,,0,00E,"OLIVE HWY","FOOTHILL BL",0.00,,Y,A,-,N,,,,,,,,,,N,4,0,1,2,A,-,09,21801,,N,D,C,A,A,H,-,C,A,0,,,,,Y,,A,01,0,0,1,0,0,0,0,0,0,"- ","- ",39.501438140869141,-121.53144836425781,BUTTE,OROVILLE,-121.53144073486328,39.501449584960938
9489012,2022,2022-09-21,0402,2022-08-11,1340,P03283,PCCH,4,5,5,0402,0,0,0,,0,,"EAST AV",ESPLANADE,0.00,,Y,A,-,N,,,,,,,,,,N,4,0,1,2,A,-,03,22350,,N,C,C,A,A,H,-,A,A,0,,,,,Y,,D,22,0,0,1,0,0,0,0,0,0,"- ","- ",,,BUTTE,CHICO,-121.86139678955078,39.756717681884766
9489327,2022,2022-08-31,0402,2022-08-16,1359,P03283,,2,5,5,0402,0,0,0,,0,,"EAST 1ST AV","SHERMAN AV",0.00,,Y,A,-,N,,,,,,,,,,Y,4,0,1,2,A,-,12,21453,A,N,D,C,A,A,H,-,A,A,0,,,,,Y,,A,01,0,0,1,0,0,0,0,0,0,"- ","- ",,,BUTTE,CHICO,-121.83434295654297,39.743152618408203
94893532,2025,2025-10-20,9241,2025-10-19,"130 ",019972,,7,3,9,0400,0,2,4,,2,071,SKYWAY,"MANZANITA ST.",4752.00,S,N,A,-,N,,,,,,,,,,Y,3,0,2,1,A,-,08,22107,,N,E,J,A,A,H,-,D,D,0,,,,,Y,,A,07,0,1,1,0,0,0,0,0,0,"- ","- ",39.898250579833984,-121.53244018554688,BUTTE,UNINCORPORATED,-121.53817749023438,39.894256591796875
9489377,2022,2022-09-22,0404,2022-08-11,1329,746,W,4,5,3,0404,0,0,0,,0,00W,"OROVILLE DAM BL EAST","RT 70",0.00,,Y,A,-,Y,BUT,3,162,-,-,15.860,I,5,E,Y,3,0,1,2,A,-,12,21453,,N,B,C,A,A,H,-,A,A,0,,,,,Y,,A,01,0,1,0,0,0,0,0,0,0,"- ",NF,39.499248504638672,-121.57450103759766,BUTTE,OROVILLE,-121.57478332519531,39.497936248779297
94894020,2025,2025-10-20,9240,2025-10-13,"900 ",017532,,1,1,9,0400,0,3,5,,2,010,"PALERMO-HONCUT HWY","FOUR JUNES WAY",0.00,,Y,A,-,N,,,,,,,,,,N,3,0,2,2,A,-,03,22350,,N,C,C,A,A,H,-,A,D,0,,,Y,,Y,,C,02,0,2,0,0,0,0,0,0,2,"- ","- ",39.368961334228516,-121.53978729248047,BUTTE,UNINCORPORATED,-121.53974151611328,39.368942260742188
94894557,2025,2025-10-20,9240,2025-10-14,1200,024638,,2,1,9,0400,0,3,5,,2,030,"ORO DAM BLVD E","ORO POWERHOUSE RD",2000.00,W,N,B,-,N,,,,,,,,,,Y,4,0,1,1,A,-,03,22350,,N,D,A,A,B,H,-,A,D,0,,,,,Y,,A,07,0,0,1,0,0,0,0,0,0,"- ","- ",39.533889770507812,-121.50396728515625,BUTTE,UNINCORPORATED,,
9489463,2022,2022-08-31,0402,2022-07-14,2141,P03172,CHICO,4,5,5,0402,0,0,0,,0,006,ESPLANADE,"GARNER LN",0.00,,Y,A,-,N,,,,,,,,,,Y,3,0,1,1,A,-,01,23152,,N,E,I,A,A,H,-,D,D,0,,,,,Y,Y,A,01,0,1,0,0,0,0,0,0,0,"- ","- ",,,BUTTE,CHICO,-121.89094543457031,39.785518646240234
94894766,2025,2025-10-20,9240,2025-10-14,1755,022094,,2,2,9,0400,0,3,5,,2,010,"LOWER WYANDOTTE ROAD","MONTE VISTA AVENUE",500.00,N,N,C,-,N,,,,,,,,,,Y,4,0,1,2,A,-,03,22350,,N,C,C,A,B,A,-,A,D,0,,,,,Y,,D,22,0,0,1,0,0,0,0,0,0,"- ","- ",39.4781494140625,-121.53061676025391,BUTTE,UNINCORPORATED,-121.53059387207031,39.478172302246094
9489552,2022,2022-09-12,0404,2022-08-08,1245,699,W,1,5,3,0404,0,0,0,,0,00W,"OROVILLE DAM BL EAST","SOUTH 7TH AV",0.00,,Y,A,-,N,,,,,,,,,,Y,2,0,2,2,A,-,09,21801,,N,D,C,A,A,H,-,A,D,0,,,Y,,Y,,A,01,1,0,1,0,0,0,0,0,1,"- ","- ",39.498191833496094,-121.56925964355469,BUTTE,OROVILLE,-121.56852722167969,39.498641967773438
94895809,2025,2025-10-21,9241,2025-10-13,1900,022614,,1,2,9,0400,0,2,4,,2,085,"DAYTON RD","HEGAN LN.",1320.00,E,N,C,-,N,,,,,,,,,,N,4,0,1,1,A,-,03,22350,,N,E,I,A,B,H,-,D,D,0,,,,,Y,,A,01,0,0,1,0,0,0,0,0,0,"- ","- ",39.691558837890625,-121.85298919677734,BUTTE,UNINCORPORATED,-121.85542297363281,39.685382843017578
94897855,2025,2025-10-22,9241,2025-10-09,1720,022502,,4,2,9,0400,0,1,3,,2,093,SR-191,"DURHAM PENTZ ROAD",0.00,,Y,A,-,Y,BUT,,191," "," ",3.536,H,,R,Y,4,0,2,2,A,-,09,21803,A,N,D,C,A,A,H,-,A,A,0,,,,,Y,,A,07,0,0,2,0,0,0,0,0,0,"- ","- ",39.647418975830078,-121.634521484375,BUTTE,UNINCORPORATED,-121.63445281982422,39.647407531738281
94899687,2025,2025-10-23,9241,2025-10-15,1800,022614,,3,2,9,0400,0,2,4,,1,082,MIDWAY,"MARYBILL RANCH RD",722.00,N,N,A,-,N,,,,,,,,,,Y,4,0,2,2,A,-,08,22107,,N,B,2,A,A,H,-,D,D,0,,,,,Y,,A,01,0,0,2,0,0,0,0,0,0,"- ","- ",39.693359375,-121.79885864257812,BUTTE,UNINCORPORATED,-121.79885101318359,39.693321228027344
94901333,2025,2025-10-24,9240,2025-10-21,1210,017532,,2,1,9,0400,0,1,3,,1,021,SR-99,SR-162W,0.00,,Y,A,-,Y,BUT,,99," "," ",11.158,H,,R,N,4,0,1,2,A,-,09,21802,A,N,D,C,A,A,H,-,A,A,0,,,,,Y,,A,01,0,0,1,0,0,0,0,0,0,"- ","- ",39.465198516845703,-121.68852996826172,BUTTE,UNINCORPORATED,-121.68846893310547,39.465206146240234
9490190,2022,2022-09-01,0403,2022-07-18,1212,P207,G,1,5,2,0403,0,0,0,,0,,"RT 99","SPRUCE ST",50.00,S,N,A,-,Y,BUT,3,99,-,-,4.330,H,-,S,N,2,0,1,2,A,-,"- ",,,N,B,G,A,A,H,-,A,A,0,,Y,,,Y,Y,L,04,1,0,0,0,0,0,1,0,0,"- ","- ",39.365970611572266,-121.68792724609375,BUTTE,GRIDLEY,-121.68792724609375,39.366279602050781
94902399,2025,2025-10-27,9241,2025-10-24,1614,023012,,5,2,5,0402,0,1,3,,2,100,"SR-99 N/B","GARNER LN",3168.00,S,N,A,-,Y,BUT,,99," ",R,37.135,H,,R,Y,3,0,1,3,A,-,03,22350,,N,C,C,A,A,H,-,A,D,0,,,,,Y,,A,07,0,1,0,0,0,0,0,0,0,"- ","- ",39.783199310302734,-121.88400268554688,BUTTE,CHICO,-121.88397979736328,39.783214569091797
94903596,2025,2025-10-27,9240,2025-10-14,2031,024638,,2,2,9,0400,0,3,5,,2,010,"DUNSTONE DR","BRYDEN WAY",1245.00,S,N,B,C,N,,,,,,,,,,N,3,0,1,1,A,-,01,23152,A,N,E,A,A,B,H,-,D,D,0,,,,,Y,Y,A,01,0,1,0,0,0,0,0,0,0,"- ","- ",39.439128875732422,-121.46813201904297,BUTTE,UNINCORPORATED,-121.46806335449219,39.438827514648438
94903730,2025,2025-10-27,9241,2025-10-22,1555,020587,,3,2,9,0400,0,2,4,,2,070,SKYWAY,"POTOMAC DR",250.00,N,N,B,-,N,,,,,,,,,,Y,3,0,2,2,A,-,03,22350,,N,C,C,A,A,H,-,A,A,0,,,,,Y,,A,01,0,2,0,0,0,0,0,0,0,"- ","- ",39.816871643066406,-121.59232330322266,BUTTE,UNINCORPORATED,-121.59239959716797,39.816856384277344
94904481,2025,2025-11-13,9240,2025-10-25,"250 ",023692,,6,3,9,0400,0,3,5,,2,010,"OROVILLE-BANGOR HWY","COLE LN",710.00,S,N,B,-,N,,,,,,,,,,Y,3,0,2,1,A,-,08,22107,,N,F,A,A,A,H,-,D,D,0,,,,,Y,,A,07,0,2,0,0,0,0,0,0,0,"- ","- ",39.458339691162109,-121.44812774658203,BUTTE,UNINCORPORATED,-121.44594573974609,39.457473754882812
94905792,2025,2025-10-28,9241,2025-10-27,"914 ",014929,,1,1,9,0400,0,3,5,,2,008,"ORO CHICO HWY","MESA RD",900.00,S,N,A,-,N,,,,,,,,,,N,4,0,1,1,A,-,08,22107,,N,E,I,A,A,H,-,A,D,0,,,Y,,Y,,C,02,0,0,1,0,0,0,0,0,1,"- ","- ",39.658771514892578,-121.74880218505859,BUTTE,UNINCORPORATED,,
94905956,2025,2025-10-29,9240,2025-10-11,2142,023133,,6,2,9,0400,0,3,5,,2,020,"E. GRIDLEY ROAD E/B","LARKIN RD",10.00,W,N,A,-,N,,,,,,,,,,N,3,0,3,3,A,-,01,23152,A,N,C,C,A,A,H,-,C,A,0,,,,,Y,Y,D,22,0,1,2,0,0,0,0,0,0,"- ","- ",39.363491058349609,-121.66021728515625,BUTTE,UNINCORPORATED,-121.65994262695312,39.363468170166016
94907318,2025,2025-10-29,9285,2025-10-25,1446,018986,,6,2,9,0400,0,3,5,,1,008,"FORBESTOWN ROAD","EDDY CT",2462.00,N,N,C,-,N,,,,,,,,,,Y,3,0,1,1,A,-,03,22350,,N,F,A,A,B,H,-,A,D,0,,,,,Y,,A,07,0,1,0,0,0,0,0,0,0,"- ","- ",39.501678466796875,-121.31629943847656,BUTTE,UNINCORPORATED,-121.31704711914062,39.495559692382812
94907997,2025,2025-10-30,9241,2025-10-24,"724 ",018796,,5,1,9,0400,0,1,3,,2,080,SR-32,"MERIDIAN RD",152.00,W,N,A,-,N,,,,,,,,,,Y,3,0,3,4,A,-,03,22350,,N,C,C,A,A,H,-,A,A,0,,,,,Y,,A,07,0,2,1,0,0,0,0,0,0,"- ","- ",39.753299713134766,-121.91964721679688,BUTTE,UNINCORPORATED,-121.91959381103516,39.753311157226562
94908008,2025,2025-10-30,9241,2025-10-28,1705,020587,,2,2,9,0400,0,3,5,,2,007,"WYCLIFF WAY","CLARION WAY",120.00,W,N,A,-,N,,,,,,,,,,Y,3,0,1,1,A,-,08,22107,,N,F,A,A,A,H,-,A,D,0,,,,,Y,,D,22,0,1,0,0,0,0,0,0,0,"- ","- ",39.833568572998047,-121.59905242919922,BUTTE,UNINCORPORATED,-121.59894561767578,39.833564758300781
94908968,2025,2025-11-13,9240,2025-10-25,"945 ",018841,,6,1,9,0400,0,1,3,,1,011,"RT 70","E. GRIDLEY RD.",435.00,N,N,B,-,Y,BUT,,70," "," ",4.157,H,,R,N,4,0,3,2,A,-,08,22107,,N,B,C,A,B,H,-,A,D,0,,,,,Y,,A,01,0,0,3,0,0,0,0,0,0,"- ","- ",39.365959167480469,-121.6085205078125,BUTTE,UNINCORPORATED,-121.60837554931641,39.365993499755859
94911331,2025,2025-11-03,9241,2025-10-31,"812 ",018796,,5,1,9,0400,0,1,3,,1,060,"SR-99 S/B","EATON RD",625.00,S,N,A,-,Y,,,,,,,,,,Y,4,0,2,2,A,-,03,22350,,N,C,C,A,A,H,-,A,D,0,,,,,Y,,A,01,0,0,2,0,0,0,0,0,0,"- ","- ",39.773048400878906,-121.87236785888672,BUTTE,UNINCORPORATED,-121.87326812744141,39.774280548095703
9491263,2022,2022-09-22,0402,2022-08-10,1411,3815,0402,3,5,5,0402,0,0,0,,0,003,"WILLOW ST","HUMBOLDT AV",0.00,,Y,A,-,N,,,,,,,,,,N,3,0,1,2,B,-,22,,,N,C,E,A,A,H,-,A,D,0,,Y,,Y,Y,,L,04,0,1,0,0,0,0,1,0,0,"- ","- ",,,BUTTE,CHICO,-121.82184600830078,39.731956481933594
94913156,2025,2025-11-05,9240,2025-10-17,2135,023692,,5,2,9,0400,0,3,5,,2,010,"BOHEMIA AVENUE","CITRUS AVE",114.00,E,N,A,-,N,,,,,,,,,,Y,3,0,1,1,A,-,01,23152,A,N,E,I,A,A,H,-,D,D,0,,,Y,,Y,Y,C,02,0,1,0,0,0,0,0,0,1,"- ","- ",39.446308135986328,-121.53312683105469,BUTTE,UNINCORPORATED,-121.53293609619141,39.44622802734375
94913183,2025,2025-11-05,9240,2025-10-26,1950,024638,,7,2,9,0400,0,3,5,,2,020,"EAST GRIDLEY ROAD","HUTCHINS DR",2033.00,E,N,B,-,N,,,,,,,,,,Y,3,0,1,2,A,-,01,23152,A,N,D,C,A,B,H,-,D,D,0,,,,,Y,Y,A,01,0,1,0,0,0,0,0,0,0,"- ","- ",39.364219665527344,-121.63522338867188,BUTTE,UNINCORPORATED,-121.63515472412109,39.364219665527344
94913186,2025,2025-11-13,9240,2025-10-28,1138,024638,,2,1,9,0400,0,3,5,,2,040,"ROYAL OAKS DR","OAK HILL DR",250.00,W,N,A,-,N,,,,,,,,,,Y,3,0,1,2,A,-,05,21460,,N,A,C,A,A,H,-,A,D,0,,,,,Y,,A,01,0,1,0,0,0,0,0,0,0,"- ","- ",39.526451110839844,-121.47773742675781,BUTTE,UNINCORPORATED,-121.47766876220703,39.526565551757812