CASE_ID,ACCIDENT_YEAR,PROC_DATE,JURIS,COLLISION_DATE,COLLISION_TIME,OFFICER_ID,REPORTING_DISTRICT,DAY_OF_WEEK,CHP_SHIFT,POPULATION,CNTY_CITY_LOC,SPECIAL_COND,BEAT_TYPE,CHP_BEAT_TYPE,CITY_DIVISION_LAPD,CHP_BEAT_CLASS,BEAT_NUMBER,PRIMARY_RD,SECONDARY_RD,DISTANCE,DIRECTION,INTERSECTION,WEATHER_1,WEATHER_2,STATE_HWY_IND,CALTRANS_COUNTY,CALTRANS_DISTRICT,STATE_ROUTE,ROUTE_SUFFIX,POSTMILE_PREFIX,POSTMILE,LOCATION_TYPE,RAMP_INTERSECTION,SIDE_OF_HWY,TOW_AWAY,COLLISION_SEVERITY,NUMBER_KILLED,NUMBER_INJURED,PARTY_COUNT,PRIMARY_COLL_FACTOR,PCF_CODE_OF_VIOL,PCF_VIOL_CATEGORY,PCF_VIOLATION,PCF_VIOL_SUBSECTION,HIT_AND_RUN,TYPE_OF_COLLISION,MVIW,PED_ACTION,ROAD_SURFACE,ROAD_COND_1,ROAD_COND_2,LIGHTING,CONTROL_DEVICE,CHP_ROAD_TYPE,PEDESTRIAN_ACCIDENT,BICYCLE_ACCIDENT,MOTORCYCLE_ACCIDENT,TRUCK_ACCIDENT,NOT_PRIVATE_PROPERTY,ALCOHOL_INVOLVED,STWD_VEHTYPE_AT_FAULT,CHP_VEHTYPE_AT_FAULT,COUNT_SEVERE_INJ,COUNT_VISIBLE_INJ,COUNT_COMPLAINT_PAIN,COUNT_PED_KILLED,COUNT_PED_INJURED,COUNT_BICYCLIST_KILLED,COUNT_BICYCLIST_INJURED,COUNT_MC_KILLED,COUNT_MC_INJURED,PRIMARY_RAMP,SECONDARY_RAMP,LATITUDE,LONGITUDE,COUNTY,CITY,POINT_X,POINT_Y
9775593,2024,2025-02-03,0404,2024-05-04,"847 ",757,SS,6,5,3,0404,0,0,0,,0,0SS,"MYERS ST","D ST",0.00,,Y,B,C,N,,,,,,,,,,Y,3,0,1,2,A,-,09,21801,,N,D,C,A,B,H,-,A,A,0,,,,,Y,,A,01,0,1,0,0,0,0,0,0,0,"- ","- ",39.497409820556641,-121.54891967773438,BUTTE,OROVILLE,-121.54872131347656,39.497146606445312
9776695,2025,2025-02-10,0404,2025-01-13,1627,748,E,1,5,3,0404,0,0,0,,0,00E,"OLIVE HWY","FOOTHILL BL",0.00,,Y,A,-,N,,,,,,,,,,Y,4,0,1,2,A,-,03,22350,,N,C,C,A,A,H,-,A,D,0,,,,,Y,,E,22,0,0,1,0,0,0,0,0,0,"- ","- ",39.501438140869141,-121.53144836425781,BUTTE,OROVILLE,-121.53144073486328,39.501449584960938
9776696,2024,2025-02-10,0404,2024-09-24,1518,767,TH,2,5,3,0404,0,0,0,,0,0TH,"FLYING CLOUD DR","TABLE MOUNTAIN BL",0.00,,Y,A,-,N,,,,,,,,,,Y,4,0,1,2,A,-,09,21804,,N,D,C,A,A,H,-,A,D,0,,,,,Y,,D,22,0,0,1,0,0,0,0,0,0,"- ","- ",39.525711059570312,-121.56111907958984,BUTTE,OROVILLE,-121.56124114990234,39.525768280029297
9777901,2025,2025-03-11,0404,2025-02-24,"950 ",738,E,1,5,3,0404,0,0,0,,0,00E,"WYANDOTTE AV","MYERS ST",0.00,,Y,A,-,N,,,,,,,,,,N,4,0,2,2,A,-,09,21801,,N,D,C,A,A,H,-,A,A,0,,,,,Y,,A,01,0,0,2,0,0,0,0,0,0,"- ","- ",39.500358581542969,-121.54843902587891,BUTTE,OROVILLE,-121.54837799072266,39.500350952148438
9778883,2024,2025-01-27,0404,2024-09-23,1737,735,,1,5,3,0404,0,0,0,,0,0CO,"OROVILLE DAM BL W","14TH ST",0.00,,Y,A,-,N,,,,,,,,,,N,4,0,1,2,A,-,00,21841,A,N,H,G,F,A,H,-,A,D,0,Y,,,,Y,,A,01,0,0,1,0,1,0,0,0,0,"- ","- ",39.498050689697266,-121.59600830078125,BUTTE,OROVILLE,-121.59604644775391,39.498058319091797
9781053,2024,2025-02-05,0404,2024-10-04,1659,743,TH,5,5,3,0404,0,0,0,,0,0TH,"TABLE MOUNTAIN BL","GRAND AV",0.00,,Y,A,-,N,,,,,,,,,,N,3,0,1,2,A,-,00,21235,B,N,D,C,A,A,H,-,A,A,0,,Y,,,Y,,L,04,0,1,0,0,0,0,1,0,0,"- ","- ",39.521961212158203,-121.555419921875,BUTTE,OROVILLE,-121.55538940429688,39.521961212158203
9781787,2025,2025-02-13,0404,2025-01-29,1245,772,W,3,5,3,0404,0,0,0,,0,00W,"MITCHELL AV","FEATHER RIVER RD",0.00,,Y,A,-,N,,,,,,,,,,N,4,0,1,2,A,-,09,21802,A,N,D,C,A,A,H,-,A,A,0,,,,,Y,,A,01,0,0,1,0,0,0,0,0,0,"- ","- ",39.504310607910156,-121.57051849365234,BUTTE,OROVILLE,-121.57044982910156,39.504302978515625
9782362,2024,2025-02-07,0404,2024-11-28,1246,771,SS,4,5,3,0404,0,0,0,,0,0SS,"D ST","ROSEBEN AV",0.00,,Y,A,-,N,,,,,,,,,,Y,3,0,2,5,A,-,05,21650,,N,A,C,E,A,H,-,A,D,0,Y,,,,Y,,A,01,0,1,1,0,1,0,0,0,0,"- ","- ",39.497200012207031,-121.54532623291016,BUTTE,OROVILLE,-121.54531097412109,39.4971923828125
9783148,2025,2025-03-05,0403,2025-02-06,2200,P229,G,4,5,2,0403,0,0,0,,0,,"SCARLET OAK DR","RANDOLPH AV",0.00,,Y,A,-,N,,,,,,,,,,N,4,0,1,2,A,-,07,21658,A,M,B,E,A,A,H,-,C,D,0,,,,,Y,Y,A,08,0,0,1,0,0,0,0,0,0,"- ","- ",39.357349395751953,-121.7098388671875,BUTTE,GRIDLEY,-121.71012115478516,39.357070922851562
9787964,2025,2025-04-22,0404,2025-03-27,1555,805,W,4,5,3,0404,0,0,0,,0,00W,"2401 5TH AVE","OROVILLE DAM BL EAST",0.00,,Y,B,-,N,,,,,,,,,,N,3,0,1,2,A,-,03,22350,,N,C,C,A,B,H,-,A,D,0,,,,,Y,,A,01,0,1,0,0,0,0,0,0,0,"- ","- ",39.501380920410156,-121.56452941894531,BUTTE,OROVILLE,-121.56513214111328,39.499774932861328
9788681,2025,2025-05-15,0404,2025-03-20,"707 ",807,,4,5,3,0404,0,0,0,,0,00W,"OROVILLE DAM BL W","14TH ST",0.00,,Y,A,-,N,,,,,,,,,,Y,4,0,1,2,A,-,04,21703,,N,C,C,A,A,H,-,A,A,0,,,,,Y,,A,01,0,0,1,0,0,0,0,0,0,"- ","- ",39.498050689697266,-121.59600830078125,BUTTE,OROVILLE,-121.59604644775391,39.498058319091797
9788682,2025,2025-05-12,0404,2025-03-28,1442,771,TH,5,5,3,0404,0,0,0,,0,0TH,"TABLE MOUNTAIN BL","GRAND AV",0.00,,Y,A,-,N,,,,,,,,,,N,3,0,2,2,A,-,04,21703,,N,C,C,A,A,H,-,A,A,0,,,,,Y,,A,01,0,2,0,0,0,0,0,0,0,"- ","- ",39.522380828857422,-121.55523681640625,BUTTE,OROVILLE,-121.55538940429688,39.521961212158203
9792017,2025,2025-03-19,0404,2025-02-20,1322,771,W,4,5,3,0404,0,0,0,,0,00W,"5TH AV","BIRD ST",0.00,,Y,A,-,N,,,,,,,,,,N,3,0,2,2,A,-,12,22450,A,N,H,C,A,A,H,-,A,A,0,,,,,Y,,A,01,0,1,1,0,0,0,0,0,0,"- ","- ",39.508998870849609,-121.56600189208984,BUTTE,OROVILLE,-121.56642913818359,39.509395599365234
9794788,2024,2025-04-02,0405,2024-12-18,1550,VAN03,10S,3,5,4,0405,0,0,0,,0,00S,SKYWAY,"SCHMALE LN",317.00,W,N,A,-,N,,,,,,,,,,Y,2,0,3,2,A,-,01,23153,A,N,D,C,A,A,H,-,A,D,0,,,,,Y,Y,A,01,1,2,0,0,0,0,0,0,0,"- ","- ",39.746150970458984,-121.63819885253906,BUTTE,PARADISE,-121.63915252685547,39.746028900146484
9794818,2024,2025-03-28,0405,2024-12-16,1730,ARC01,7S,1,5,4,0405,0,0,0,,0,00S,"PEARSON RD","CLARK RD",278.00,E,N,E,-,N,,,,,,,,,,Y,2,0,2,1,A,-,05,21650,,N,E,I,A,B,H,-,D,D,0,,,,,Y,,A,01,2,0,0,0,0,0,0,0,0,"- ","- ",39.75225830078125,-121.60774993896484,BUTTE,PARADISE,-121.60677337646484,39.752296447753906
9794819,2024,2025-03-28,0405,2024-12-24,1408,CAT01,6S,2,5,4,0405,0,0,0,,0,00S,SKYWAY,"ELLIOTT RD",0.00,,Y,A,-,N,,,,,,,,,,N,3,0,1,2,A,-,03,22350,,N,C,C,A,B,H,-,A,A,0,,,,,Y,,A,01,0,1,0,0,0,0,0,0,0,"- ","- ",39.759490966796875,-121.62390899658203,BUTTE,PARADISE,-121.62393188476562,39.759506225585938
9794820,2024,2025-03-28,0405,2024-12-16,1003,ARC01,2N,1,5,4,0405,0,0,0,,0,00N,SKYWAY,"GREEN TREE CT",15.00,N,N,B,C,N,,,,,,,,,,Y,4,0,2,2,A,-,03,22350,,N,C,C,A,B,H,-,A,D,0,,,,,Y,,A,01,0,0,2,0,0,0,0,0,0,"- ","- ",39.774971008300781,-121.60965728759766,BUTTE,PARADISE,-121.61007690429688,39.774623870849609
9794877,2025,2025-04-09,0403,2025-02-27,1437,P225,G,4,5,2,0403,0,0,0,,0,,"SPRUCE ST","OHIO ST",0.00,,Y,A,-,N,,,,,,,,,,N,2,0,1,2,A,-,10,21950,A,N,G,B,B,A,H,-,A,D,0,Y,,,,Y,,A,01,1,0,0,0,1,0,0,0,0,"- ","- ",39.365440368652344,-121.69835662841797,BUTTE,GRIDLEY,-121.69837188720703,39.365470886230469
9796185,2025,2025-04-09,0405,2025-02-16,1619,TUC01,10S,7,5,4,0405,0,0,0,,0,00S,SKYWAY,"RUSSELL DR",200.00,S,N,A,-,N,,,,,,,,,,Y,4,0,1,1,C,-,18,,,N,E,I,A,A,H,-,A,D,0,,,,,Y,,-,"- ",0,0,1,0,0,0,0,0,0,"- ","- ",39.742759704589844,-121.65300750732422,BUTTE,PARADISE,-121.655029296875,39.744071960449219
9796197,2025,2025-03-27,0405,2025-02-02,1756,WIL02,7S,7,5,4,0405,0,0,0,,0,00S,"PEARSON RD","CLARK RD",278.00,E,N,E,-,N,,,,,,,,,,Y,4,0,1,1,A,-,05,21650,,N,E,I,A,B,H,-,D,D,0,,,,,Y,,A,01,0,0,1,0,0,0,0,0,0,"- ","- ",39.75225830078125,-121.60774993896484,BUTTE,PARADISE,-121.60677337646484,39.752296447753906
9797236,2024,2025-04-10,0405,2024-12-23,"633 ",ALV01,11S,1,5,4,0405,0,0,0,,0,00S,"FOSTER RD",ALMOND,45.00,N,N,E,-,N,,,,,,,,,,Y,3,0,1,1,A,-,05,21650,,N,E,I,A,B,G,-,D,D,0,,,,,Y,,A,01,0,1,0,0,0,0,0,0,0,"- ","- ",39.753799438476562,-121.62407684326172,BUTTE,PARADISE,-121.62663269042969,39.751785278320312
9797552,2025,2025-05-01,0404,2025-02-02,1157,761,E,7,5,3,0404,0,0,0,,0,00E,"OROVILLE DAM BL EAST","MYERS ST",0.00,,Y,B,-,Y,BUT,3,162,-,-,17.280,H,-,E,N,2,0,1,2,A,-,04,21703,,N,C,C,A,B,H,-,A,A,0,,,,,Y,,A,01,1,0,0,0,0,0,0,0,0,"- ","- ",39.504379272460938,-121.54971313476562,BUTTE,OROVILLE,-121.54988098144531,39.504676818847656
9797556,2025,2025-05-01,0404,2025-03-01,1624,765,E,6,5,3,0404,0,0,0,,0,00E,"OLIVE HWY","OROVILLE DAM BL",0.00,,Y,A,-,Y,BUT,3,162,-,-,17.580,H,-,E,N,4,0,1,2,A,-,08,22107,,N,B,C,A,A,H,-,A,A,0,,,,,Y,,A,01,0,0,1,0,0,0,0,0,0,"- ","- ",39.506549835205078,-121.54519653320312,BUTTE,OROVILLE,-121.54527282714844,39.506481170654297
9797998,2025,2025-05-29,0404,2025-05-03,1135,744,W,6,5,3,0404,0,0,0,,0,00W,"LINCOLN ST","BIRD ST",0.00,,Y,A,-,N,,,,,,,,,,N,4,0,1,1,A,-,03,22350,,N,B,J,A,A,H,-,A,D,0,,,Y,,Y,,C,02,0,0,1,0,0,0,0,0,1,"- ","- ",39.512001037597656,-121.55699920654297,BUTTE,OROVILLE,-121.55720520019531,39.512428283691406
9798013,2025,2025-05-22,0404,2025-04-24,1123,771,W,4,5,3,0404,0,0,0,,0,00W,"PINE ST","HIGH ST",0.00,,Y,A,-,N,,,,,,,,,,Y,4,0,1,2,A,-,12,22450,A,N,H,C,A,A,H,-,A,A,0,,,,,Y,,A,01,0,0,1,0,0,0,0,0,0,"- ","- ",39.51007080078125,-121.55843353271484,BUTTE,OROVILLE,-121.55838012695312,39.510063171386719
9798014,2025,2025-05-22,0404,2025-04-25,1402,771,W,5,5,3,0404,0,0,0,,0,00W,"FEATHER RIVER BL","OROVILLE DAM BL EAST",0.00,,Y,A,-,N,,,,,,,,,,Y,3,0,2,3,A,-,08,22107,,N,H,C,A,A,H,-,A,A,0,,,,,Y,,A,01,0,1,1,0,0,0,0,0,0,"- ","- ",39.497318267822266,-121.57203674316406,BUTTE,OROVILLE,-121.57183837890625,39.498039245605469
9798503,2025,2025-06-19,0404,2025-05-14,1444,771,TH,3,5,3,0404,0,0,0,,0,0TH,"NELSON AV","RT 70",0.00,,Y,A,-,Y,BUT,3,70,-,-,15.893,R,4,W,Y,3,0,2,2,A,-,09,21802,A,N,H,C,A,A,H,-,A,A,0,,,,,Y,,A,01,0,2,0,0,0,0,0,0,0,"- ","- ",39.524089813232422,-121.57398986816406,BUTTE,OROVILLE,-121.57492828369141,39.526096343994141
9798504,2025,2025-06-09,0404,2025-05-13,1642,772,W,2,5,3,0404,0,0,0,,0,00W,"MONTGOMERY ST","1ST ST",0.00,,Y,A,-,N,,,,,,,,,,Y,4,0,2,2,A,-,09,21804,A,N,D,C,A,A,H,-,B,A,0,,,,,Y,,A,01,0,0,2,0,0,0,0,0,0,"- ","- ",39.511688232421875,-121.56256866455078,BUTTE,OROVILLE,-121.56255340576172,39.511711120605469
9798621,2025,2025-06-09,0404,2025-05-13,1758,772,E,2,5,3,0404,0,0,0,,0,00E,"LINCOLN BL","OROVILLE DAM BL EAST",0.00,,Y,A,-,N,,,,,,,,,,Y,3,0,3,2,A,-,12,21453,A,N,D,C,A,A,H,-,A,D,0,,,,,Y,,A,01,0,1,2,0,0,0,0,0,0,"- ","- ",39.502998352050781,-121.552001953125,BUTTE,OROVILLE,-121.55224609375,39.503879547119141
9799383,2025,2025-07-09,0404,2025-06-06,1217,805,TH,5,5,3,0404,0,0,0,,0,0TH,"NELSON AV","COUNTY CENTER DR",0.00,,Y,A,-,N,,,,,,,,,,Y,3,0,1,2,A,-,09,21801,A,N,D,C,A,A,H,-,A,D,0,,,,,Y,,A,01,0,1,0,0,0,0,0,0,0,"- ","- ",39.524078369140625,-121.57067108154297,BUTTE,OROVILLE,-121.57064056396484,39.524093627929688
9799577,2025,2025-04-02,0405,2025-01-17,1537,BER02,7S,5,5,4,0405,0,0,0,,0,00S,"CLARK RD","CENTRAL PARK DR",0.00,,Y,A,-,N,,,,,,,,,,Y,3,0,1,2,A,-,12,21453,,N,D,C,A,A,H,-,A,A,0,,,,,Y,,A,01,0,1,0,0,0,0,0,0,0,"- ","- ",39.764968872070312,-121.60292053222656,BUTTE,PARADISE,-121.60294342041016,39.764942169189453
9799578,2025,2025-04-02,0405,2025-01-01,1820,WOO01,13S,3,5,4,0405,0,0,0,,0,00S,"PENTZ RD","GOLF RD",100.00,S,N,A,-,N,,,,,,,,,,Y,3,0,1,1,A,-,03,22350,,N,F,J,A,A,H,-,D,D,0,,,,,Y,,A,01,0,1,0,0,0,0,0,0,0,"- ","- ",39.739070892333984,-121.57218933105469,BUTTE,PARADISE,-121.57256317138672,39.738597869873047
9800936,2025,2025-06-05,0404,2025-05-02,1047,771,E,5,5,3,0404,0,0,0,,0,00E,"OLIVE HWY","MEDICAL CENTER DR",0.00,,Y,A,-,Y,BUT,3,162,-,-,17.730,H,-,E,N,3,0,1,3,A,-,04,21703,,N,C,C,A,A,H,-,A,A,0,,,,,Y,,A,01,0,1,0,0,0,0,0,0,0,"- ","- ",39.504878997802734,-121.54318237304688,BUTTE,OROVILLE,-121.54297637939453,39.505073547363281
9803042,2025,2025-04-21,0404,2025-02-26,1838,771,,3,5,3,0404,0,0,0,,0,00W,"GEORGIA PACIFIC WY","7TH AV",0.00,,Y,A,-,N,,,,,,,,,,Y,4,0,1,2,A,-,12,22450,A,N,H,C,A,A,H,-,D,A,0,,,,Y,Y,,A,01,0,0,1,0,0,0,0,0,0,"- ","- ",39.477428436279297,-121.57259368896484,BUTTE,OROVILLE,-121.57241821289062,39.477394104003906
9803080,2025,2025-04-28,0403,2025-04-04,1354,P24,G,5,5,2,0403,0,0,0,,0,,"LINCOLN ST","SYCAMORE ST",0.00,,Y,A,-,N,,,,,,,,,,Y,4,0,1,2,A,-,03,22350,,N,D,D,A,A,H,-,A,A,0,,,,,Y,,D,73,0,0,1,0,0,0,0,0,0,"- ","- ",39.364620208740234,-121.69184875488281,BUTTE,GRIDLEY,-121.69187927246094,39.364639282226562
9803145,2025,2025-04-21,0404,2025-03-12,"931 ",765,SS,3,5,3,0404,0,0,0,,0,0SS,"LINCOLN BL","ELGIN ST",0.00,,Y,C,-,N,,,,,,,,,,N,4,0,1,2,A,-,03,22350,,N,C,C,A,B,H,-,A,D,0,,,,,Y,,A,01,0,0,1,0,0,0,0,0,0,"- ","- ",39.495998382568359,-121.55079650878906,BUTTE,OROVILLE,-121.55080413818359,39.496292114257812
9803275,2025,2025-04-21,0404,2025-03-31,1936,772,TH,1,5,3,0404,0,0,0,,0,0TH,"GRAND AV","TUSCAN VILLA DR",36.00,W,N,A,-,N,,,,,,,,,,Y,4,0,2,2,A,-,09,21804,A,N,C,C,A,A,H,-,C,D,0,,,,,Y,,A,01,0,0,2,0,0,0,0,0,0,"- ","- ",39.521961212158203,-121.555419921875,BUTTE,OROVILLE,-121.55866241455078,39.520652770996094
9804975,2025,2025-04-28,0404,2025-01-04,2207,768,,6,5,3,0404,0,0,0,,0,00W,"GEORGIA PACIFIC WY","MERO AV",0.00,,Y,A,-,N,,,,,,,,,,Y,3,0,1,1,A,-,00,23103,A,N,E,J,A,A,H,-,D,A,0,,,,,Y,,A,08,0,1,0,0,0,0,0,0,0,"- ","- ",39.477378845214844,-121.57247924804688,BUTTE,OROVILLE,-121.56834411621094,39.476428985595703
9807524,2025,2025-06-13,0404,2025-05-12,1112,772,TH,1,5,3,0404,0,0,0,,0,0TH,"GRAND AV","WILDFLOWER TERRACE",295.56,W,N,C,-,N,,,,,,,,,,Y,3,0,1,2,A,-,07,21658,A,N,B,C,A,B,H,-,A,D,0,,,,,Y,,A,01,0,1,0,0,0,0,0,0,0,"- ","- ",39.519290924072266,-121.56257629394531,BUTTE,OROVILLE,-121.56254577636719,39.519073486328125
9808047,2025,2025-08-01,0404,2025-06-03,2023,770,,2,5,3,0404,0,0,0,,0,00W,"OROVILLE DAM BL W","14TH ST",0.00,,Y,A,-,Y,BUT,3,162," "," ",14.721,H,5,R,N,3,0,1,2,A,-,04,21703,,N,C,C,A,A,H,-,B,D,0,,,,,Y,,A,01,0,1,0,0,0,0,0,0,0,"- ","- ",39.498050689697266,-121.59600830078125,BUTTE,OROVILLE,-121.59600830078125,39.498027801513672
9808055,2025,2025-08-01,0404,2025-06-24,1231,738,W,2,5,3,0404,0,0,0,,0,00W,"OROVILLE DAM BL E","RT 70",0.00,,Y,A,-,Y,BUT,3,162,-,-,15.850,H,-,E,N,4,0,2,2,A,-,03,22350,,N,C,C,A,A,H,-,A,D,0,,,,,Y,,A,07,0,0,2,0,0,0,0,0,0,"- ",NF,39.497608184814453,-121.57232666015625,BUTTE,OROVILLE,-121.57496643066406,39.497936248779297
9808409,2025,2025-07-23,0404,2025-06-21,"946 ",771,E,6,5,3,0404,0,0,0,,0,00E,"WYANDOTTE AV","LINCOLN BL",0.00,,Y,A,-,N,,,,,,,,,,N,3,0,1,2,A,-,09,21800,B,N,D,C,A,A,H,-,A,A,0,,,,,Y,,A,01,0,1,0,0,0,0,0,0,0,"- ","- ",39.500331878662109,-121.55100250244141,BUTTE,OROVILLE,-121.55091857910156,39.50030517578125
9809733,2025,2025-05-19,0405,2025-05-02,1441,P31,0405,5,5,4,0405,0,0,0,,0,,SKYWAY,"MEMORIAL WY",9.00,S,N,A,-,N,,,,,,,,,,Y,4,0,1,3,A,-,08,22107,,N,B,C,A,-,H,-,A,D,0,,,,,Y,,A,07,0,0,1,0,0,0,0,0,0,"- ","- ",,,BUTTE,PARADISE,-121.62297058105469,39.760978698730469
9811019,2025,2025-06-26,0404,2025-06-01,2114,743,,7,5,3,0404,0,0,0,,0,00W,"OROVILLE DAM BL W","HARLAN AV",0.00,,Y,A,-,N,,,,,,,,,,Y,2,0,1,2,A,-,11,21955,,N,G,B,D,A,H,-,D,D,0,Y,,,,Y,,N,60,1,0,0,0,1,0,0,0,0,"- ","- ",39.498058319091797,-121.60143280029297,BUTTE,OROVILLE,-121.60146331787109,39.498058319091797
9811874,2025,2025-08-14,0404,2025-07-08,2326,770,W,2,5,3,0404,0,0,0,,0,00W,"OROVILLE DAM BL EAST","FEATHER RIVER BL",0.00,,Y,A,-,Y,BUT,3,162,-,-,16.017,I,5,W,N,3,0,1,2,A,-,08,22107,,N,B,C,A,A,H,-,C,A,0,,,,Y,Y,,A,01,0,1,0,0,0,0,0,0,0,"- ","- ",39.497989654541016,-121.57193756103516,BUTTE,OROVILLE,-121.57192230224609,39.498096466064453
9812187,2025,2025-07-14,0404,2025-05-29,1024,805,W,4,5,3,0404,0,0,0,,0,00W,"LINCOLN ST","OROVILLE DAM BL",0.00,,Y,A,-,N,,,,,,,,,,Y,3,0,1,2,A,-,03,22350,,N,B,C,A,A,H,-,A,D,0,,,,,Y,,A,01,0,1,0,0,0,0,0,0,0,"- ","- ",39.505001068115234,-121.552001953125,BUTTE,OROVILLE,-121.55224609375,39.503879547119141
9812188,2025,2025-07-14,0404,2025-05-22,"949 ",805,W,4,5,3,0404,0,0,0,,0,00W,"OROVILLE DAM BL EAST","5TH AV",0.00,,Y,A,-,N,,,,,,,,,,N,3,0,1,2,A,-,05,21202,A,N,H,G,A,A,H,-,A,B,0,,Y,,,Y,,L,04,0,1,0,0,0,0,1,0,0,"- ","- ",39.500301361083984,-121.56400299072266,BUTTE,OROVILLE,-121.56513214111328,39.499774932861328
9812405,2025,2025-10-28,0404,2025-09-06,2121,686,E,6,5,3,0404,0,0,0,,0,00E,"OLIVE HWY","ORO DAM BL",0.00,,Y,A,-,N,,,,,,,,,,N,3,0,1,2,A,-,21,22106,,N,G,B,F,A,H,-,A,A,0,Y,,,,Y,,A,01,0,1,0,0,1,0,0,0,0,"- ","- ",,,BUTTE,OROVILLE,,
9812768,2025,2025-11-24,0404,2025-10-06,1609,743,E,1,5,3,0404,0,0,0,,0,00E,"OROVILLE DAM BL E","LINCOLN ST",500.00,W,N,A,-,Y,BUT,3,162,-,-,17.040,H,-,E,N,4,0,1,2,D,-,00,,,N,D,G,A,A,H,-,A,D,0,,Y,,,Y,,-,"- ",0,0,1,0,0,0,1,0,0,"- ","- ",39.503181457519531,-121.55391693115234,BUTTE,OROVILLE,-121.55401611328125,39.503337860107422
9813107,2025,2025-12-18,0404,2025-10-06,"907 ",786,W,1,5,3,0404,0,0,0,,0,00W,"OROVILLE DAM BL EAST","FEATHER RIVER BL",0.00,,Y,A,-,Y,BUT,3,162,-,-,16.030,H,-,W,N,3,0,1,2,A,-,03,22350,,N,C,C,A,A,H,-,A,A,0,,,,,Y,,A,01,0,1,0,0,0,0,0,0,0,"- ","- ",,,BUTTE,OROVILLE,-121.57168579101562,39.498096466064453
9813390,2025,2025-05-23,0404,2025-04-16,"837 ",765,SS,3,5,3,0404,0,0,0,,0,0SS,"ORO BANGOR HWY","SPENCER AV",0.00,,Y,A,-,N,,,,,,,,,,N,4,0,2,2,A,-,09,21804,A,N,D,C,A,A,H,-,A,D,0,,,,,Y,,A,01,0,0,2,0,0,0,0,0,0,"- ","- ",39.493938446044922,-121.54698944091797,BUTTE,OROVILLE,,
9813391,2025,2025-05-21,0404,2025-04-05,1409,771,W,6,5,3,0404,0,0,0,,0,00W,"5TH AV","MONTGOMERY ST",0.00,,Y,A,-,N,,,,,,,,,,Y,4,0,2,2,A,-,09,21802,A,N,H,C,A,A,H,-,A,A,0,,,,,Y,,A,01,0,0,2,0,0,0,0,0,0,"- ","- ",39.510238647460938,-121.56685638427734,BUTTE,OROVILLE,-121.56681060791016,39.510269165039062
9813594,2025,2025-05-27,0404,2025-04-26,1755,771,SS,6,5,3,0404,0,0,0,,0,0SS,"D ST","ROSEBEN AV",0.00,,Y,A,-,N,,,,,,,,,,Y,4,0,1,2,A,-,12,22450,A,N,H,C,A,A,H,-,A,A,0,,,,,Y,,A,01,0,0,1,0,0,0,0,0,0,"- ","- ",39.497001647949219,-121.54496765136719,BUTTE,OROVILLE,-121.54531097412109,39.4971923828125
9813954,2025,2025-06-30,0404,2025-03-23,2139,724,W,7,5,3,0404,0,0,0,,0,00W,"MITCHELL AV","MYERS ST",0.00,,Y,A,-,N,,,,,,,,,,Y,4,0,1,2,A,-,09,21800,,N,A,C,A,A,H,-,C,A,0,,,,,Y,,B,07,0,0,1,0,0,0,0,0,0,"- ","- ",39.506828308105469,-121.55126953125,BUTTE,OROVILLE,-121.55133819580078,39.506950378417969
9817354,2025,2025-06-18,0404,2025-05-25,"0   ",738,W,7,5,3,0404,0,0,0,,0,00W,"POMONA AV","PINE ST",0.00,,Y,A,-,N,,,,,,,,,,N,4,0,1,2,A,-,12,22450,,N,D,C,A,A,H,-,A,A,0,,,,,Y,,A,08,0,0,1,0,0,0,0,0,0,"- ","- ",39.509288787841797,-121.55799102783203,BUTTE,OROVILLE,-121.55794525146484,39.509315490722656
9817490,2025,2025-06-11,0404,2025-03-20,2116,761,W,4,5,3,0404,0,0,0,,0,00W,"GEORGIA PACIFIC WY","7TH AV",0.00,,Y,A,-,N,,,,,,,,,,N,2,0,1,1,A,-,12,22450,,N,E,I,A,A,H,-,D,D,0,,,,,Y,,A,01,1,0,0,0,0,0,0,0,0,"- ","- ",39.477809906005859,-121.56903076171875,BUTTE,OROVILLE,-121.57241821289062,39.477394104003906
9823462,2025,2025-12-05,0403,2025-08-09,2010,P231,G,6,5,2,0403,0,0,0,,0,43T1P,"RT 99","LIBERTY RD",0.00,,Y,A,-,Y,BUT,3,99,-,R,3.130,I,5,S,N,4,0,1,2,A,-,12,21453,A,M,D,D,A,A,H,-,B,A,0,,,,,Y,,A,01,0,0,1,0,0,0,0,0,0,"- ","- ",,,BUTTE,GRIDLEY,-121.68788909912109,39.348827362060547
9824678,2025,2025-09-25,0404,2025-08-23,1858,686,E,6,5,3,0404,0,0,0,,0,00E,"FOOTHILL BV","HILLDALE AV",0.00,,Y,A,-,N,,,,,,,,,,N,2,0,1,2,A,-,00,21751,A,N,D,C,A,A,H,-,A,A,0,,,Y,,Y,,C,02,1,0,0,0,0,0,0,0,1,"- ","- ",39.501438140869141,-121.53144836425781,BUTTE,OROVILLE,-121.53102111816406,39.500404357910156